ISO-10303-21;
HEADER;
/* Generated by software containing ST-Developer
 * from STEP Tools, Inc. (www.steptools.com) 
 */

FILE_DESCRIPTION(
/* description */ ('FreeCAD Model'),
/* implementation_level */ '2;1');

FILE_NAME(
/* name */ 'cornix-tb_top_case_slim_v3.step',
/* time_stamp */ '2026-01-15T23:48:13+09:00',
/* author */ (''),
/* organization */ (''),
/* preprocessor_version */ 'ST-DEVELOPER v20.1',
/* originating_system */ 'Autodesk Translation Framework v14.21.0.0',
/* authorisation */ '');

FILE_SCHEMA (('AUTOMOTIVE_DESIGN { 1 0 10303 214 3 1 1 }'));
ENDSEC;

DATA;
#10=MECHANICAL_DESIGN_GEOMETRIC_PRESENTATION_REPRESENTATION('',(#13),#4135);
#11=SHAPE_REPRESENTATION_RELATIONSHIP('SRR','None',#4141,#12);
#12=ADVANCED_BREP_SHAPE_REPRESENTATION('',(#14),#4134);
#13=STYLED_ITEM('',(#4150),#14);
#14=MANIFOLD_SOLID_BREP('\X2\30C830C330D730B130FC30B9\X0\ (\X2\8584578B\X0\)',
#2577);
#15=CONICAL_SURFACE('',#2634,1.75,0.785398163397463);
#16=CONICAL_SURFACE('',#2708,0.900000000000022,0.785398163397446);
#17=CONICAL_SURFACE('',#2712,0.900000000000011,0.785398163397445);
#18=CYLINDRICAL_SURFACE('',#2615,2.34999999999999);
#19=CYLINDRICAL_SURFACE('',#2626,1.1);
#20=CYLINDRICAL_SURFACE('',#2630,1.9);
#21=CYLINDRICAL_SURFACE('',#2671,1.55000000000002);
#22=CYLINDRICAL_SURFACE('',#2680,1.55000000000001);
#23=CYLINDRICAL_SURFACE('',#2701,1.25);
#24=CYLINDRICAL_SURFACE('',#2705,1.55000000000001);
#25=CYLINDRICAL_SURFACE('',#2718,0.707644182340257);
#26=CYLINDRICAL_SURFACE('',#2734,1.55000000000002);
#27=CYLINDRICAL_SURFACE('',#2738,1.4);
#28=CIRCLE('',#2613,2.34999999999999);
#29=CIRCLE('',#2614,1.1);
#30=CIRCLE('',#2616,2.34999999999999);
#31=CIRCLE('',#2619,1.90000000000001);
#32=CIRCLE('',#2627,1.1);
#33=CIRCLE('',#2629,1.6);
#34=CIRCLE('',#2631,1.9);
#35=CIRCLE('',#2632,1.9);
#36=CIRCLE('',#2633,1.9);
#37=CIRCLE('',#2666,1.55000000000001);
#38=CIRCLE('',#2669,1.55000000000001);
#39=CIRCLE('',#2672,1.55000000000002);
#40=CIRCLE('',#2673,1.55000000000002);
#41=CIRCLE('',#2677,1.55000000000001);
#42=CIRCLE('',#2678,1.55000000000002);
#43=CIRCLE('',#2679,1.55000000000001);
#44=CIRCLE('',#2681,1.55000000000001);
#45=CIRCLE('',#2683,1.55000000000002);
#46=CIRCLE('',#2688,1.55000000000002);
#47=CIRCLE('',#2693,1.25);
#48=CIRCLE('',#2696,1.25);
#49=CIRCLE('',#2698,1.25);
#50=CIRCLE('',#2700,1.25);
#51=CIRCLE('',#2702,1.25);
#52=CIRCLE('',#2704,0.707644182340257);
#53=CIRCLE('',#2706,1.55000000000001);
#54=CIRCLE('',#2707,1.55000000000001);
#55=CIRCLE('',#2709,0.250000000000021);
#56=CIRCLE('',#2710,1.55000000000002);
#57=CIRCLE('',#2713,0.250000000000011);
#58=CIRCLE('',#2719,0.707644182340257);
#59=CIRCLE('',#2737,1.4);
#60=CIRCLE('',#2739,1.4);
#61=FACE_BOUND('',#230,.T.);
#62=FACE_BOUND('',#237,.T.);
#63=FACE_BOUND('',#249,.T.);
#64=FACE_BOUND('',#290,.T.);
#65=FACE_BOUND('',#299,.T.);
#66=FACE_BOUND('',#300,.T.);
#67=FACE_BOUND('',#309,.T.);
#68=FACE_BOUND('',#310,.T.);
#69=FACE_BOUND('',#333,.T.);
#70=FACE_BOUND('',#338,.T.);
#71=(
BOUNDED_CURVE()
B_SPLINE_CURVE(2,(#3473,#3474,#3475),.UNSPECIFIED.,.F.,.F.)
B_SPLINE_CURVE_WITH_KNOTS((3,3),(0.,0.200731614006222),.UNSPECIFIED.)
CURVE()
GEOMETRIC_REPRESENTATION_ITEM()
RATIONAL_B_SPLINE_CURVE((1.,1.85650118956251,1.))
REPRESENTATION_ITEM('')
);
#72=(
BOUNDED_CURVE()
B_SPLINE_CURVE(2,(#3479,#3480,#3481),.UNSPECIFIED.,.F.,.F.)
B_SPLINE_CURVE_WITH_KNOTS((3,3),(0.,0.200731614006202),.UNSPECIFIED.)
CURVE()
GEOMETRIC_REPRESENTATION_ITEM()
RATIONAL_B_SPLINE_CURVE((1.,1.8565011895626,1.))
REPRESENTATION_ITEM('')
);
#73=FACE_OUTER_BOUND('',#202,.T.);
#74=FACE_OUTER_BOUND('',#203,.T.);
#75=FACE_OUTER_BOUND('',#204,.T.);
#76=FACE_OUTER_BOUND('',#205,.T.);
#77=FACE_OUTER_BOUND('',#206,.T.);
#78=FACE_OUTER_BOUND('',#207,.T.);
#79=FACE_OUTER_BOUND('',#208,.T.);
#80=FACE_OUTER_BOUND('',#209,.T.);
#81=FACE_OUTER_BOUND('',#210,.T.);
#82=FACE_OUTER_BOUND('',#211,.T.);
#83=FACE_OUTER_BOUND('',#212,.T.);
#84=FACE_OUTER_BOUND('',#213,.T.);
#85=FACE_OUTER_BOUND('',#214,.T.);
#86=FACE_OUTER_BOUND('',#215,.T.);
#87=FACE_OUTER_BOUND('',#216,.T.);
#88=FACE_OUTER_BOUND('',#217,.T.);
#89=FACE_OUTER_BOUND('',#218,.T.);
#90=FACE_OUTER_BOUND('',#219,.T.);
#91=FACE_OUTER_BOUND('',#220,.T.);
#92=FACE_OUTER_BOUND('',#221,.T.);
#93=FACE_OUTER_BOUND('',#222,.T.);
#94=FACE_OUTER_BOUND('',#223,.T.);
#95=FACE_OUTER_BOUND('',#224,.T.);
#96=FACE_OUTER_BOUND('',#225,.T.);
#97=FACE_OUTER_BOUND('',#226,.T.);
#98=FACE_OUTER_BOUND('',#227,.T.);
#99=FACE_OUTER_BOUND('',#228,.T.);
#100=FACE_OUTER_BOUND('',#229,.T.);
#101=FACE_OUTER_BOUND('',#231,.T.);
#102=FACE_OUTER_BOUND('',#232,.T.);
#103=FACE_OUTER_BOUND('',#233,.T.);
#104=FACE_OUTER_BOUND('',#234,.T.);
#105=FACE_OUTER_BOUND('',#235,.T.);
#106=FACE_OUTER_BOUND('',#236,.T.);
#107=FACE_OUTER_BOUND('',#238,.T.);
#108=FACE_OUTER_BOUND('',#239,.T.);
#109=FACE_OUTER_BOUND('',#240,.T.);
#110=FACE_OUTER_BOUND('',#241,.T.);
#111=FACE_OUTER_BOUND('',#242,.T.);
#112=FACE_OUTER_BOUND('',#243,.T.);
#113=FACE_OUTER_BOUND('',#244,.T.);
#114=FACE_OUTER_BOUND('',#245,.T.);
#115=FACE_OUTER_BOUND('',#246,.T.);
#116=FACE_OUTER_BOUND('',#247,.T.);
#117=FACE_OUTER_BOUND('',#248,.T.);
#118=FACE_OUTER_BOUND('',#250,.T.);
#119=FACE_OUTER_BOUND('',#251,.T.);
#120=FACE_OUTER_BOUND('',#252,.T.);
#121=FACE_OUTER_BOUND('',#253,.T.);
#122=FACE_OUTER_BOUND('',#254,.T.);
#123=FACE_OUTER_BOUND('',#255,.T.);
#124=FACE_OUTER_BOUND('',#256,.T.);
#125=FACE_OUTER_BOUND('',#257,.T.);
#126=FACE_OUTER_BOUND('',#258,.T.);
#127=FACE_OUTER_BOUND('',#259,.T.);
#128=FACE_OUTER_BOUND('',#260,.T.);
#129=FACE_OUTER_BOUND('',#261,.T.);
#130=FACE_OUTER_BOUND('',#262,.T.);
#131=FACE_OUTER_BOUND('',#263,.T.);
#132=FACE_OUTER_BOUND('',#264,.T.);
#133=FACE_OUTER_BOUND('',#265,.T.);
#134=FACE_OUTER_BOUND('',#266,.T.);
#135=FACE_OUTER_BOUND('',#267,.T.);
#136=FACE_OUTER_BOUND('',#268,.T.);
#137=FACE_OUTER_BOUND('',#269,.T.);
#138=FACE_OUTER_BOUND('',#270,.T.);
#139=FACE_OUTER_BOUND('',#271,.T.);
#140=FACE_OUTER_BOUND('',#272,.T.);
#141=FACE_OUTER_BOUND('',#273,.T.);
#142=FACE_OUTER_BOUND('',#274,.T.);
#143=FACE_OUTER_BOUND('',#275,.T.);
#144=FACE_OUTER_BOUND('',#276,.T.);
#145=FACE_OUTER_BOUND('',#277,.T.);
#146=FACE_OUTER_BOUND('',#278,.T.);
#147=FACE_OUTER_BOUND('',#279,.T.);
#148=FACE_OUTER_BOUND('',#280,.T.);
#149=FACE_OUTER_BOUND('',#281,.T.);
#150=FACE_OUTER_BOUND('',#282,.T.);
#151=FACE_OUTER_BOUND('',#283,.T.);
#152=FACE_OUTER_BOUND('',#284,.T.);
#153=FACE_OUTER_BOUND('',#285,.T.);
#154=FACE_OUTER_BOUND('',#286,.T.);
#155=FACE_OUTER_BOUND('',#287,.T.);
#156=FACE_OUTER_BOUND('',#288,.T.);
#157=FACE_OUTER_BOUND('',#289,.T.);
#158=FACE_OUTER_BOUND('',#291,.T.);
#159=FACE_OUTER_BOUND('',#292,.T.);
#160=FACE_OUTER_BOUND('',#293,.T.);
#161=FACE_OUTER_BOUND('',#294,.T.);
#162=FACE_OUTER_BOUND('',#295,.T.);
#163=FACE_OUTER_BOUND('',#296,.T.);
#164=FACE_OUTER_BOUND('',#297,.T.);
#165=FACE_OUTER_BOUND('',#298,.T.);
#166=FACE_OUTER_BOUND('',#301,.T.);
#167=FACE_OUTER_BOUND('',#302,.T.);
#168=FACE_OUTER_BOUND('',#303,.T.);
#169=FACE_OUTER_BOUND('',#304,.T.);
#170=FACE_OUTER_BOUND('',#305,.T.);
#171=FACE_OUTER_BOUND('',#306,.T.);
#172=FACE_OUTER_BOUND('',#307,.T.);
#173=FACE_OUTER_BOUND('',#308,.T.);
#174=FACE_OUTER_BOUND('',#311,.T.);
#175=FACE_OUTER_BOUND('',#312,.T.);
#176=FACE_OUTER_BOUND('',#313,.T.);
#177=FACE_OUTER_BOUND('',#314,.T.);
#178=FACE_OUTER_BOUND('',#315,.T.);
#179=FACE_OUTER_BOUND('',#316,.T.);
#180=FACE_OUTER_BOUND('',#317,.T.);
#181=FACE_OUTER_BOUND('',#318,.T.);
#182=FACE_OUTER_BOUND('',#319,.T.);
#183=FACE_OUTER_BOUND('',#320,.T.);
#184=FACE_OUTER_BOUND('',#321,.T.);
#185=FACE_OUTER_BOUND('',#322,.T.);
#186=FACE_OUTER_BOUND('',#323,.T.);
#187=FACE_OUTER_BOUND('',#324,.T.);
#188=FACE_OUTER_BOUND('',#325,.T.);
#189=FACE_OUTER_BOUND('',#326,.T.);
#190=FACE_OUTER_BOUND('',#327,.T.);
#191=FACE_OUTER_BOUND('',#328,.T.);
#192=FACE_OUTER_BOUND('',#329,.T.);
#193=FACE_OUTER_BOUND('',#330,.T.);
#194=FACE_OUTER_BOUND('',#331,.T.);
#195=FACE_OUTER_BOUND('',#332,.T.);
#196=FACE_OUTER_BOUND('',#334,.T.);
#197=FACE_OUTER_BOUND('',#335,.T.);
#198=FACE_OUTER_BOUND('',#336,.T.);
#199=FACE_OUTER_BOUND('',#337,.T.);
#200=FACE_OUTER_BOUND('',#339,.T.);
#201=FACE_OUTER_BOUND('',#340,.T.);
#202=EDGE_LOOP('',(#1602,#1603,#1604,#1605,#1606,#1607,#1608,#1609,#1610,
#1611,#1612,#1613,#1614,#1615,#1616));
#203=EDGE_LOOP('',(#1617,#1618,#1619,#1620));
#204=EDGE_LOOP('',(#1621,#1622,#1623,#1624));
#205=EDGE_LOOP('',(#1625,#1626,#1627,#1628));
#206=EDGE_LOOP('',(#1629,#1630,#1631,#1632,#1633,#1634));
#207=EDGE_LOOP('',(#1635,#1636,#1637,#1638));
#208=EDGE_LOOP('',(#1639,#1640,#1641,#1642));
#209=EDGE_LOOP('',(#1643,#1644,#1645,#1646,#1647,#1648,#1649,#1650,#1651,
#1652,#1653,#1654,#1655,#1656,#1657,#1658,#1659,#1660,#1661,#1662,#1663,
#1664,#1665,#1666,#1667,#1668,#1669,#1670,#1671,#1672,#1673));
#210=EDGE_LOOP('',(#1674,#1675,#1676,#1677));
#211=EDGE_LOOP('',(#1678,#1679,#1680,#1681,#1682,#1683));
#212=EDGE_LOOP('',(#1684,#1685,#1686,#1687));
#213=EDGE_LOOP('',(#1688,#1689,#1690,#1691,#1692,#1693));
#214=EDGE_LOOP('',(#1694,#1695,#1696,#1697,#1698,#1699));
#215=EDGE_LOOP('',(#1700,#1701,#1702,#1703));
#216=EDGE_LOOP('',(#1704,#1705,#1706,#1707));
#217=EDGE_LOOP('',(#1708,#1709,#1710,#1711));
#218=EDGE_LOOP('',(#1712,#1713,#1714,#1715));
#219=EDGE_LOOP('',(#1716,#1717,#1718,#1719));
#220=EDGE_LOOP('',(#1720,#1721,#1722,#1723));
#221=EDGE_LOOP('',(#1724,#1725,#1726,#1727));
#222=EDGE_LOOP('',(#1728,#1729,#1730,#1731));
#223=EDGE_LOOP('',(#1732,#1733,#1734,#1735));
#224=EDGE_LOOP('',(#1736,#1737,#1738,#1739));
#225=EDGE_LOOP('',(#1740,#1741,#1742,#1743));
#226=EDGE_LOOP('',(#1744,#1745,#1746,#1747));
#227=EDGE_LOOP('',(#1748,#1749,#1750,#1751));
#228=EDGE_LOOP('',(#1752,#1753,#1754,#1755));
#229=EDGE_LOOP('',(#1756,#1757,#1758,#1759,#1760,#1761,#1762,#1763));
#230=EDGE_LOOP('',(#1764,#1765,#1766,#1767,#1768,#1769));
#231=EDGE_LOOP('',(#1770,#1771,#1772,#1773));
#232=EDGE_LOOP('',(#1774,#1775,#1776,#1777));
#233=EDGE_LOOP('',(#1778,#1779,#1780,#1781));
#234=EDGE_LOOP('',(#1782,#1783,#1784,#1785,#1786,#1787,#1788,#1789,#1790,
#1791,#1792));
#235=EDGE_LOOP('',(#1793,#1794,#1795,#1796,#1797,#1798,#1799,#1800));
#236=EDGE_LOOP('',(#1801));
#237=EDGE_LOOP('',(#1802));
#238=EDGE_LOOP('',(#1803,#1804,#1805,#1806));
#239=EDGE_LOOP('',(#1807,#1808,#1809,#1810));
#240=EDGE_LOOP('',(#1811,#1812,#1813,#1814,#1815,#1816,#1817,#1818,#1819,
#1820,#1821,#1822,#1823,#1824,#1825));
#241=EDGE_LOOP('',(#1826,#1827,#1828,#1829,#1830,#1831));
#242=EDGE_LOOP('',(#1832,#1833,#1834,#1835));
#243=EDGE_LOOP('',(#1836,#1837,#1838,#1839));
#244=EDGE_LOOP('',(#1840,#1841,#1842,#1843));
#245=EDGE_LOOP('',(#1844,#1845,#1846,#1847,#1848,#1849));
#246=EDGE_LOOP('',(#1850,#1851,#1852,#1853));
#247=EDGE_LOOP('',(#1854,#1855,#1856,#1857));
#248=EDGE_LOOP('',(#1858));
#249=EDGE_LOOP('',(#1859));
#250=EDGE_LOOP('',(#1860,#1861,#1862,#1863,#1864,#1865));
#251=EDGE_LOOP('',(#1866,#1867,#1868,#1869));
#252=EDGE_LOOP('',(#1870,#1871,#1872,#1873));
#253=EDGE_LOOP('',(#1874,#1875,#1876,#1877,#1878,#1879));
#254=EDGE_LOOP('',(#1880,#1881,#1882,#1883));
#255=EDGE_LOOP('',(#1884,#1885,#1886,#1887));
#256=EDGE_LOOP('',(#1888,#1889,#1890,#1891));
#257=EDGE_LOOP('',(#1892,#1893,#1894,#1895));
#258=EDGE_LOOP('',(#1896,#1897,#1898,#1899,#1900,#1901));
#259=EDGE_LOOP('',(#1902,#1903,#1904,#1905));
#260=EDGE_LOOP('',(#1906,#1907,#1908));
#261=EDGE_LOOP('',(#1909,#1910,#1911,#1912,#1913,#1914,#1915,#1916,#1917,
#1918));
#262=EDGE_LOOP('',(#1919,#1920,#1921,#1922));
#263=EDGE_LOOP('',(#1923,#1924,#1925,#1926));
#264=EDGE_LOOP('',(#1927,#1928,#1929,#1930));
#265=EDGE_LOOP('',(#1931,#1932,#1933));
#266=EDGE_LOOP('',(#1934,#1935,#1936,#1937,#1938,#1939));
#267=EDGE_LOOP('',(#1940,#1941,#1942,#1943));
#268=EDGE_LOOP('',(#1944,#1945,#1946));
#269=EDGE_LOOP('',(#1947,#1948,#1949,#1950));
#270=EDGE_LOOP('',(#1951,#1952,#1953,#1954,#1955,#1956,#1957,#1958,#1959));
#271=EDGE_LOOP('',(#1960,#1961,#1962,#1963));
#272=EDGE_LOOP('',(#1964,#1965,#1966,#1967,#1968,#1969,#1970,#1971,#1972));
#273=EDGE_LOOP('',(#1973,#1974,#1975,#1976,#1977,#1978,#1979,#1980,#1981,
#1982,#1983));
#274=EDGE_LOOP('',(#1984,#1985,#1986,#1987,#1988,#1989));
#275=EDGE_LOOP('',(#1990,#1991,#1992,#1993,#1994));
#276=EDGE_LOOP('',(#1995,#1996,#1997,#1998));
#277=EDGE_LOOP('',(#1999,#2000,#2001,#2002,#2003,#2004));
#278=EDGE_LOOP('',(#2005,#2006,#2007,#2008,#2009));
#279=EDGE_LOOP('',(#2010,#2011,#2012,#2013));
#280=EDGE_LOOP('',(#2014,#2015,#2016,#2017,#2018,#2019,#2020));
#281=EDGE_LOOP('',(#2021,#2022,#2023,#2024));
#282=EDGE_LOOP('',(#2025,#2026,#2027,#2028,#2029,#2030,#2031));
#283=EDGE_LOOP('',(#2032,#2033,#2034,#2035,#2036));
#284=EDGE_LOOP('',(#2037,#2038,#2039,#2040,#2041,#2042,#2043));
#285=EDGE_LOOP('',(#2044,#2045,#2046,#2047,#2048,#2049));
#286=EDGE_LOOP('',(#2050,#2051,#2052,#2053));
#287=EDGE_LOOP('',(#2054,#2055,#2056,#2057,#2058,#2059,#2060,#2061));
#288=EDGE_LOOP('',(#2062,#2063,#2064,#2065));
#289=EDGE_LOOP('',(#2066,#2067,#2068,#2069,#2070,#2071));
#290=EDGE_LOOP('',(#2072,#2073,#2074,#2075,#2076,#2077,#2078,#2079));
#291=EDGE_LOOP('',(#2080,#2081,#2082,#2083));
#292=EDGE_LOOP('',(#2084,#2085,#2086,#2087,#2088,#2089,#2090,#2091,#2092,
#2093,#2094,#2095,#2096));
#293=EDGE_LOOP('',(#2097,#2098,#2099,#2100));
#294=EDGE_LOOP('',(#2101,#2102,#2103,#2104,#2105));
#295=EDGE_LOOP('',(#2106,#2107,#2108,#2109,#2110,#2111,#2112,#2113,#2114,
#2115,#2116));
#296=EDGE_LOOP('',(#2117,#2118,#2119,#2120,#2121,#2122));
#297=EDGE_LOOP('',(#2123,#2124,#2125,#2126));
#298=EDGE_LOOP('',(#2127,#2128,#2129,#2130,#2131,#2132,#2133,#2134,#2135,
#2136,#2137,#2138,#2139,#2140,#2141,#2142));
#299=EDGE_LOOP('',(#2143,#2144,#2145,#2146,#2147,#2148));
#300=EDGE_LOOP('',(#2149,#2150,#2151,#2152,#2153,#2154));
#301=EDGE_LOOP('',(#2155,#2156,#2157,#2158,#2159,#2160,#2161));
#302=EDGE_LOOP('',(#2162,#2163,#2164));
#303=EDGE_LOOP('',(#2165,#2166,#2167,#2168,#2169));
#304=EDGE_LOOP('',(#2170,#2171,#2172));
#305=EDGE_LOOP('',(#2173,#2174,#2175));
#306=EDGE_LOOP('',(#2176,#2177,#2178));
#307=EDGE_LOOP('',(#2179,#2180,#2181,#2182,#2183,#2184,#2185));
#308=EDGE_LOOP('',(#2186,#2187,#2188,#2189));
#309=EDGE_LOOP('',(#2190));
#310=EDGE_LOOP('',(#2191));
#311=EDGE_LOOP('',(#2192,#2193,#2194,#2195,#2196,#2197,#2198,#2199,#2200,
#2201));
#312=EDGE_LOOP('',(#2202,#2203,#2204,#2205));
#313=EDGE_LOOP('',(#2206,#2207,#2208,#2209));
#314=EDGE_LOOP('',(#2210,#2211,#2212,#2213));
#315=EDGE_LOOP('',(#2214,#2215,#2216,#2217));
#316=EDGE_LOOP('',(#2218,#2219,#2220,#2221,#2222,#2223,#2224,#2225));
#317=EDGE_LOOP('',(#2226,#2227,#2228,#2229,#2230));
#318=EDGE_LOOP('',(#2231,#2232,#2233,#2234,#2235));
#319=EDGE_LOOP('',(#2236,#2237,#2238,#2239));
#320=EDGE_LOOP('',(#2240,#2241,#2242));
#321=EDGE_LOOP('',(#2243,#2244,#2245,#2246));
#322=EDGE_LOOP('',(#2247,#2248,#2249));
#323=EDGE_LOOP('',(#2250,#2251,#2252,#2253));
#324=EDGE_LOOP('',(#2254,#2255,#2256,#2257));
#325=EDGE_LOOP('',(#2258,#2259,#2260,#2261));
#326=EDGE_LOOP('',(#2262,#2263,#2264,#2265));
#327=EDGE_LOOP('',(#2266,#2267,#2268,#2269));
#328=EDGE_LOOP('',(#2270,#2271,#2272,#2273));
#329=EDGE_LOOP('',(#2274,#2275,#2276,#2277,#2278,#2279,#2280,#2281));
#330=EDGE_LOOP('',(#2282,#2283,#2284,#2285));
#331=EDGE_LOOP('',(#2286,#2287,#2288,#2289));
#332=EDGE_LOOP('',(#2290,#2291,#2292,#2293,#2294,#2295));
#333=EDGE_LOOP('',(#2296));
#334=EDGE_LOOP('',(#2297,#2298,#2299,#2300));
#335=EDGE_LOOP('',(#2301,#2302,#2303,#2304,#2305,#2306,#2307,#2308));
#336=EDGE_LOOP('',(#2309,#2310,#2311,#2312));
#337=EDGE_LOOP('',(#2313,#2314,#2315,#2316,#2317,#2318,#2319,#2320,#2321));
#338=EDGE_LOOP('',(#2322));
#339=EDGE_LOOP('',(#2323,#2324,#2325,#2326));
#340=EDGE_LOOP('',(#2327,#2328,#2329,#2330,#2331));
#341=LINE('',#3401,#671);
#342=LINE('',#3403,#672);
#343=LINE('',#3405,#673);
#344=LINE('',#3407,#674);
#345=LINE('',#3409,#675);
#346=LINE('',#3411,#676);
#347=LINE('',#3413,#677);
#348=LINE('',#3415,#678);
#349=LINE('',#3417,#679);
#350=LINE('',#3419,#680);
#351=LINE('',#3421,#681);
#352=LINE('',#3423,#682);
#353=LINE('',#3425,#683);
#354=LINE('',#3427,#684);
#355=LINE('',#3428,#685);
#356=LINE('',#3431,#686);
#357=LINE('',#3433,#687);
#358=LINE('',#3434,#688);
#359=LINE('',#3437,#689);
#360=LINE('',#3438,#690);
#361=LINE('',#3441,#691);
#362=LINE('',#3442,#692);
#363=LINE('',#3445,#693);
#364=LINE('',#3447,#694);
#365=LINE('',#3449,#695);
#366=LINE('',#3450,#696);
#367=LINE('',#3453,#697);
#368=LINE('',#3454,#698);
#369=LINE('',#3457,#699);
#370=LINE('',#3458,#700);
#371=LINE('',#3461,#701);
#372=LINE('',#3463,#702);
#373=LINE('',#3465,#703);
#374=LINE('',#3467,#704);
#375=LINE('',#3469,#705);
#376=LINE('',#3471,#706);
#377=LINE('',#3477,#707);
#378=LINE('',#3483,#708);
#379=LINE('',#3485,#709);
#380=LINE('',#3487,#710);
#381=LINE('',#3489,#711);
#382=LINE('',#3491,#712);
#383=LINE('',#3493,#713);
#384=LINE('',#3495,#714);
#385=LINE('',#3497,#715);
#386=LINE('',#3499,#716);
#387=LINE('',#3501,#717);
#388=LINE('',#3503,#718);
#389=LINE('',#3505,#719);
#390=LINE('',#3507,#720);
#391=LINE('',#3509,#721);
#392=LINE('',#3511,#722);
#393=LINE('',#3513,#723);
#394=LINE('',#3515,#724);
#395=LINE('',#3516,#725);
#396=LINE('',#3517,#726);
#397=LINE('',#3520,#727);
#398=LINE('',#3521,#728);
#399=LINE('',#3524,#729);
#400=LINE('',#3526,#730);
#401=LINE('',#3528,#731);
#402=LINE('',#3529,#732);
#403=LINE('',#3532,#733);
#404=LINE('',#3534,#734);
#405=LINE('',#3535,#735);
#406=LINE('',#3538,#736);
#407=LINE('',#3540,#737);
#408=LINE('',#3541,#738);
#409=LINE('',#3544,#739);
#410=LINE('',#3545,#740);
#411=LINE('',#3546,#741);
#412=LINE('',#3549,#742);
#413=LINE('',#3550,#743);
#414=LINE('',#3553,#744);
#415=LINE('',#3554,#745);
#416=LINE('',#3556,#746);
#417=LINE('',#3559,#747);
#418=LINE('',#3561,#748);
#419=LINE('',#3562,#749);
#420=LINE('',#3565,#750);
#421=LINE('',#3567,#751);
#422=LINE('',#3568,#752);
#423=LINE('',#3571,#753);
#424=LINE('',#3573,#754);
#425=LINE('',#3574,#755);
#426=LINE('',#3577,#756);
#427=LINE('',#3579,#757);
#428=LINE('',#3580,#758);
#429=LINE('',#3584,#759);
#430=LINE('',#3586,#760);
#431=LINE('',#3588,#761);
#432=LINE('',#3589,#762);
#433=LINE('',#3592,#763);
#434=LINE('',#3594,#764);
#435=LINE('',#3595,#765);
#436=LINE('',#3598,#766);
#437=LINE('',#3600,#767);
#438=LINE('',#3601,#768);
#439=LINE('',#3604,#769);
#440=LINE('',#3606,#770);
#441=LINE('',#3607,#771);
#442=LINE('',#3610,#772);
#443=LINE('',#3612,#773);
#444=LINE('',#3613,#774);
#445=LINE('',#3615,#775);
#446=LINE('',#3616,#776);
#447=LINE('',#3618,#777);
#448=LINE('',#3619,#778);
#449=LINE('',#3622,#779);
#450=LINE('',#3624,#780);
#451=LINE('',#3625,#781);
#452=LINE('',#3628,#782);
#453=LINE('',#3629,#783);
#454=LINE('',#3632,#784);
#455=LINE('',#3633,#785);
#456=LINE('',#3635,#786);
#457=LINE('',#3638,#787);
#458=LINE('',#3640,#788);
#459=LINE('',#3642,#789);
#460=LINE('',#3643,#790);
#461=LINE('',#3646,#791);
#462=LINE('',#3647,#792);
#463=LINE('',#3656,#793);
#464=LINE('',#3660,#794);
#465=LINE('',#3662,#795);
#466=LINE('',#3664,#796);
#467=LINE('',#3665,#797);
#468=LINE('',#3668,#798);
#469=LINE('',#3670,#799);
#470=LINE('',#3672,#800);
#471=LINE('',#3674,#801);
#472=LINE('',#3676,#802);
#473=LINE('',#3680,#803);
#474=LINE('',#3682,#804);
#475=LINE('',#3684,#805);
#476=LINE('',#3686,#806);
#477=LINE('',#3688,#807);
#478=LINE('',#3690,#808);
#479=LINE('',#3692,#809);
#480=LINE('',#3693,#810);
#481=LINE('',#3697,#811);
#482=LINE('',#3699,#812);
#483=LINE('',#3700,#813);
#484=LINE('',#3702,#814);
#485=LINE('',#3703,#815);
#486=LINE('',#3706,#816);
#487=LINE('',#3708,#817);
#488=LINE('',#3709,#818);
#489=LINE('',#3712,#819);
#490=LINE('',#3714,#820);
#491=LINE('',#3715,#821);
#492=LINE('',#3717,#822);
#493=LINE('',#3720,#823);
#494=LINE('',#3722,#824);
#495=LINE('',#3723,#825);
#496=LINE('',#3725,#826);
#497=LINE('',#3728,#827);
#498=LINE('',#3737,#828);
#499=LINE('',#3741,#829);
#500=LINE('',#3744,#830);
#501=LINE('',#3746,#831);
#502=LINE('',#3747,#832);
#503=LINE('',#3750,#833);
#504=LINE('',#3752,#834);
#505=LINE('',#3754,#835);
#506=LINE('',#3755,#836);
#507=LINE('',#3758,#837);
#508=LINE('',#3760,#838);
#509=LINE('',#3761,#839);
#510=LINE('',#3764,#840);
#511=LINE('',#3766,#841);
#512=LINE('',#3767,#842);
#513=LINE('',#3771,#843);
#514=LINE('',#3773,#844);
#515=LINE('',#3775,#845);
#516=LINE('',#3776,#846);
#517=LINE('',#3780,#847);
#518=LINE('',#3782,#848);
#519=LINE('',#3784,#849);
#520=LINE('',#3785,#850);
#521=LINE('',#3789,#851);
#522=LINE('',#3790,#852);
#523=LINE('',#3792,#853);
#524=LINE('',#3794,#854);
#525=LINE('',#3795,#855);
#526=LINE('',#3799,#856);
#527=LINE('',#3801,#857);
#528=LINE('',#3803,#858);
#529=LINE('',#3804,#859);
#530=LINE('',#3808,#860);
#531=LINE('',#3810,#861);
#532=LINE('',#3811,#862);
#533=LINE('',#3815,#863);
#534=LINE('',#3817,#864);
#535=LINE('',#3819,#865);
#536=LINE('',#3820,#866);
#537=LINE('',#3822,#867);
#538=LINE('',#3824,#868);
#539=LINE('',#3825,#869);
#540=LINE('',#3826,#870);
#541=LINE('',#3829,#871);
#542=LINE('',#3830,#872);
#543=LINE('',#3833,#873);
#544=LINE('',#3834,#874);
#545=LINE('',#3837,#875);
#546=LINE('',#3838,#876);
#547=LINE('',#3841,#877);
#548=LINE('',#3842,#878);
#549=LINE('',#3844,#879);
#550=LINE('',#3845,#880);
#551=LINE('',#3848,#881);
#552=LINE('',#3849,#882);
#553=LINE('',#3851,#883);
#554=LINE('',#3853,#884);
#555=LINE('',#3856,#885);
#556=LINE('',#3858,#886);
#557=LINE('',#3860,#887);
#558=LINE('',#3862,#888);
#559=LINE('',#3864,#889);
#560=LINE('',#3866,#890);
#561=LINE('',#3868,#891);
#562=LINE('',#3869,#892);
#563=LINE('',#3871,#893);
#564=LINE('',#3872,#894);
#565=LINE('',#3877,#895);
#566=LINE('',#3879,#896);
#567=LINE('',#3881,#897);
#568=LINE('',#3882,#898);
#569=LINE('',#3884,#899);
#570=LINE('',#3886,#900);
#571=LINE('',#3887,#901);
#572=LINE('',#3890,#902);
#573=LINE('',#3892,#903);
#574=LINE('',#3893,#904);
#575=LINE('',#3896,#905);
#576=LINE('',#3898,#906);
#577=LINE('',#3899,#907);
#578=LINE('',#3902,#908);
#579=LINE('',#3904,#909);
#580=LINE('',#3905,#910);
#581=LINE('',#3908,#911);
#582=LINE('',#3910,#912);
#583=LINE('',#3912,#913);
#584=LINE('',#3914,#914);
#585=LINE('',#3915,#915);
#586=LINE('',#3918,#916);
#587=LINE('',#3920,#917);
#588=LINE('',#3921,#918);
#589=LINE('',#3923,#919);
#590=LINE('',#3925,#920);
#591=LINE('',#3928,#921);
#592=LINE('',#3930,#922);
#593=LINE('',#3931,#923);
#594=LINE('',#3934,#924);
#595=LINE('',#3936,#925);
#596=LINE('',#3938,#926);
#597=LINE('',#3940,#927);
#598=LINE('',#3944,#928);
#599=LINE('',#3946,#929);
#600=LINE('',#3947,#930);
#601=LINE('',#3950,#931);
#602=LINE('',#3954,#932);
#603=LINE('',#3956,#933);
#604=LINE('',#3957,#934);
#605=LINE('',#3960,#935);
#606=LINE('',#3962,#936);
#607=LINE('',#3964,#937);
#608=LINE('',#3965,#938);
#609=LINE('',#3971,#939);
#610=LINE('',#3973,#940);
#611=LINE('',#3974,#941);
#612=LINE('',#3975,#942);
#613=LINE('',#3976,#943);
#614=LINE('',#3979,#944);
#615=LINE('',#3980,#945);
#616=LINE('',#3983,#946);
#617=LINE('',#3984,#947);
#618=LINE('',#3988,#948);
#619=LINE('',#3992,#949);
#620=LINE('',#3997,#950);
#621=LINE('',#4000,#951);
#622=LINE('',#4002,#952);
#623=LINE('',#4005,#953);
#624=LINE('',#4008,#954);
#625=LINE('',#4009,#955);
#626=LINE('',#4012,#956);
#627=LINE('',#4014,#957);
#628=LINE('',#4015,#958);
#629=LINE('',#4019,#959);
#630=LINE('',#4020,#960);
#631=LINE('',#4022,#961);
#632=LINE('',#4023,#962);
#633=LINE('',#4025,#963);
#634=LINE('',#4029,#964);
#635=LINE('',#4030,#965);
#636=LINE('',#4032,#966);
#637=LINE('',#4035,#967);
#638=LINE('',#4037,#968);
#639=LINE('',#4039,#969);
#640=LINE('',#4040,#970);
#641=LINE('',#4041,#971);
#642=LINE('',#4043,#972);
#643=LINE('',#4047,#973);
#644=LINE('',#4049,#974);
#645=LINE('',#4050,#975);
#646=LINE('',#4059,#976);
#647=LINE('',#4063,#977);
#648=LINE('',#4065,#978);
#649=LINE('',#4066,#979);
#650=LINE('',#4071,#980);
#651=LINE('',#4078,#981);
#652=LINE('',#4082,#982);
#653=LINE('',#4083,#983);
#654=LINE('',#4084,#984);
#655=LINE('',#4089,#985);
#656=LINE('',#4090,#986);
#657=LINE('',#4093,#987);
#658=LINE('',#4094,#988);
#659=LINE('',#4098,#989);
#660=LINE('',#4101,#990);
#661=LINE('',#4102,#991);
#662=LINE('',#4104,#992);
#663=LINE('',#4106,#993);
#664=LINE('',#4107,#994);
#665=LINE('',#4111,#995);
#666=LINE('',#4115,#996);
#667=LINE('',#4117,#997);
#668=LINE('',#4121,#998);
#669=LINE('',#4123,#999);
#670=LINE('',#4125,#1000);
#671=VECTOR('',#2745,10.);
#672=VECTOR('',#2746,10.);
#673=VECTOR('',#2747,10.);
#674=VECTOR('',#2748,10.);
#675=VECTOR('',#2749,10.);
#676=VECTOR('',#2750,10.);
#677=VECTOR('',#2751,10.);
#678=VECTOR('',#2752,10.);
#679=VECTOR('',#2753,10.);
#680=VECTOR('',#2754,10.);
#681=VECTOR('',#2755,10.);
#682=VECTOR('',#2756,10.);
#683=VECTOR('',#2757,10.);
#684=VECTOR('',#2758,10.);
#685=VECTOR('',#2759,10.);
#686=VECTOR('',#2762,10.);
#687=VECTOR('',#2763,10.);
#688=VECTOR('',#2764,10.);
#689=VECTOR('',#2767,10.);
#690=VECTOR('',#2768,10.);
#691=VECTOR('',#2771,10.);
#692=VECTOR('',#2772,10.);
#693=VECTOR('',#2775,10.);
#694=VECTOR('',#2776,10.);
#695=VECTOR('',#2777,10.);
#696=VECTOR('',#2778,10.);
#697=VECTOR('',#2781,10.);
#698=VECTOR('',#2782,10.);
#699=VECTOR('',#2785,10.);
#700=VECTOR('',#2786,10.);
#701=VECTOR('',#2789,10.);
#702=VECTOR('',#2790,10.);
#703=VECTOR('',#2791,10.);
#704=VECTOR('',#2792,10.);
#705=VECTOR('',#2793,10.);
#706=VECTOR('',#2794,10.);
#707=VECTOR('',#2795,10.);
#708=VECTOR('',#2796,10.);
#709=VECTOR('',#2797,10.);
#710=VECTOR('',#2798,10.);
#711=VECTOR('',#2799,10.);
#712=VECTOR('',#2800,10.);
#713=VECTOR('',#2801,10.);
#714=VECTOR('',#2802,10.);
#715=VECTOR('',#2803,10.);
#716=VECTOR('',#2804,10.);
#717=VECTOR('',#2805,10.);
#718=VECTOR('',#2806,10.);
#719=VECTOR('',#2807,10.);
#720=VECTOR('',#2808,10.);
#721=VECTOR('',#2809,10.);
#722=VECTOR('',#2810,10.);
#723=VECTOR('',#2811,10.);
#724=VECTOR('',#2812,10.);
#725=VECTOR('',#2813,10.);
#726=VECTOR('',#2814,10.);
#727=VECTOR('',#2817,10.);
#728=VECTOR('',#2818,10.);
#729=VECTOR('',#2821,10.);
#730=VECTOR('',#2822,10.);
#731=VECTOR('',#2823,10.);
#732=VECTOR('',#2824,10.);
#733=VECTOR('',#2827,10.);
#734=VECTOR('',#2828,10.);
#735=VECTOR('',#2829,10.);
#736=VECTOR('',#2832,10.);
#737=VECTOR('',#2833,10.);
#738=VECTOR('',#2834,10.);
#739=VECTOR('',#2837,10.);
#740=VECTOR('',#2838,10.);
#741=VECTOR('',#2839,10.);
#742=VECTOR('',#2842,10.);
#743=VECTOR('',#2843,10.);
#744=VECTOR('',#2846,10.);
#745=VECTOR('',#2847,10.);
#746=VECTOR('',#2850,10.);
#747=VECTOR('',#2853,10.);
#748=VECTOR('',#2854,10.);
#749=VECTOR('',#2855,10.);
#750=VECTOR('',#2858,10.);
#751=VECTOR('',#2859,10.);
#752=VECTOR('',#2860,10.);
#753=VECTOR('',#2863,10.);
#754=VECTOR('',#2864,10.);
#755=VECTOR('',#2865,10.);
#756=VECTOR('',#2868,10.);
#757=VECTOR('',#2869,10.);
#758=VECTOR('',#2870,10.);
#759=VECTOR('',#2873,10.);
#760=VECTOR('',#2874,10.);
#761=VECTOR('',#2875,10.);
#762=VECTOR('',#2876,10.);
#763=VECTOR('',#2879,10.);
#764=VECTOR('',#2880,10.);
#765=VECTOR('',#2881,10.);
#766=VECTOR('',#2884,10.);
#767=VECTOR('',#2885,10.);
#768=VECTOR('',#2886,10.);
#769=VECTOR('',#2889,10.);
#770=VECTOR('',#2890,10.);
#771=VECTOR('',#2891,10.);
#772=VECTOR('',#2894,10.);
#773=VECTOR('',#2895,10.);
#774=VECTOR('',#2896,10.);
#775=VECTOR('',#2899,10.);
#776=VECTOR('',#2900,10.);
#777=VECTOR('',#2903,10.);
#778=VECTOR('',#2904,10.);
#779=VECTOR('',#2907,10.);
#780=VECTOR('',#2908,10.);
#781=VECTOR('',#2909,10.);
#782=VECTOR('',#2912,10.);
#783=VECTOR('',#2913,10.);
#784=VECTOR('',#2916,10.);
#785=VECTOR('',#2917,10.);
#786=VECTOR('',#2920,10.);
#787=VECTOR('',#2923,10.);
#788=VECTOR('',#2924,10.);
#789=VECTOR('',#2925,10.);
#790=VECTOR('',#2926,10.);
#791=VECTOR('',#2929,10.);
#792=VECTOR('',#2930,10.);
#793=VECTOR('',#2941,2.34999999999999);
#794=VECTOR('',#2944,10.);
#795=VECTOR('',#2945,10.);
#796=VECTOR('',#2946,10.);
#797=VECTOR('',#2947,10.);
#798=VECTOR('',#2950,10.);
#799=VECTOR('',#2951,10.);
#800=VECTOR('',#2952,10.);
#801=VECTOR('',#2953,10.);
#802=VECTOR('',#2954,10.);
#803=VECTOR('',#2957,10.);
#804=VECTOR('',#2958,10.);
#805=VECTOR('',#2959,10.);
#806=VECTOR('',#2960,10.);
#807=VECTOR('',#2961,10.);
#808=VECTOR('',#2962,10.);
#809=VECTOR('',#2963,10.);
#810=VECTOR('',#2964,10.);
#811=VECTOR('',#2967,10.);
#812=VECTOR('',#2968,10.);
#813=VECTOR('',#2969,10.);
#814=VECTOR('',#2970,10.);
#815=VECTOR('',#2971,10.);
#816=VECTOR('',#2974,10.);
#817=VECTOR('',#2975,10.);
#818=VECTOR('',#2976,10.);
#819=VECTOR('',#2979,10.);
#820=VECTOR('',#2980,10.);
#821=VECTOR('',#2981,10.);
#822=VECTOR('',#2984,10.);
#823=VECTOR('',#2987,10.);
#824=VECTOR('',#2988,10.);
#825=VECTOR('',#2989,10.);
#826=VECTOR('',#2992,10.);
#827=VECTOR('',#2995,1.1);
#828=VECTOR('',#3006,1.9);
#829=VECTOR('',#3013,1.75);
#830=VECTOR('',#3016,10.);
#831=VECTOR('',#3017,10.);
#832=VECTOR('',#3018,10.);
#833=VECTOR('',#3021,10.);
#834=VECTOR('',#3022,10.);
#835=VECTOR('',#3023,10.);
#836=VECTOR('',#3024,10.);
#837=VECTOR('',#3027,10.);
#838=VECTOR('',#3028,10.);
#839=VECTOR('',#3029,10.);
#840=VECTOR('',#3032,10.);
#841=VECTOR('',#3033,10.);
#842=VECTOR('',#3034,10.);
#843=VECTOR('',#3037,10.);
#844=VECTOR('',#3038,10.);
#845=VECTOR('',#3039,10.);
#846=VECTOR('',#3040,10.);
#847=VECTOR('',#3043,10.);
#848=VECTOR('',#3044,10.);
#849=VECTOR('',#3045,10.);
#850=VECTOR('',#3046,10.);
#851=VECTOR('',#3049,10.);
#852=VECTOR('',#3050,10.);
#853=VECTOR('',#3051,10.);
#854=VECTOR('',#3052,10.);
#855=VECTOR('',#3053,10.);
#856=VECTOR('',#3056,10.);
#857=VECTOR('',#3057,10.);
#858=VECTOR('',#3058,10.);
#859=VECTOR('',#3059,10.);
#860=VECTOR('',#3062,10.);
#861=VECTOR('',#3063,10.);
#862=VECTOR('',#3064,10.);
#863=VECTOR('',#3067,10.);
#864=VECTOR('',#3068,10.);
#865=VECTOR('',#3069,10.);
#866=VECTOR('',#3070,10.);
#867=VECTOR('',#3071,10.);
#868=VECTOR('',#3072,10.);
#869=VECTOR('',#3073,10.);
#870=VECTOR('',#3074,10.);
#871=VECTOR('',#3077,10.);
#872=VECTOR('',#3078,10.);
#873=VECTOR('',#3081,10.);
#874=VECTOR('',#3082,10.);
#875=VECTOR('',#3085,10.);
#876=VECTOR('',#3086,10.);
#877=VECTOR('',#3089,10.);
#878=VECTOR('',#3090,10.);
#879=VECTOR('',#3093,10.);
#880=VECTOR('',#3094,10.);
#881=VECTOR('',#3097,10.);
#882=VECTOR('',#3098,10.);
#883=VECTOR('',#3101,10.);
#884=VECTOR('',#3104,10.);
#885=VECTOR('',#3107,10.);
#886=VECTOR('',#3108,10.);
#887=VECTOR('',#3109,10.);
#888=VECTOR('',#3110,10.);
#889=VECTOR('',#3111,10.);
#890=VECTOR('',#3112,10.);
#891=VECTOR('',#3113,10.);
#892=VECTOR('',#3114,10.);
#893=VECTOR('',#3117,10.);
#894=VECTOR('',#3118,10.);
#895=VECTOR('',#3123,10.);
#896=VECTOR('',#3124,10.);
#897=VECTOR('',#3125,10.);
#898=VECTOR('',#3126,10.);
#899=VECTOR('',#3127,10.);
#900=VECTOR('',#3128,10.);
#901=VECTOR('',#3129,10.);
#902=VECTOR('',#3132,10.);
#903=VECTOR('',#3133,10.);
#904=VECTOR('',#3134,10.);
#905=VECTOR('',#3137,10.);
#906=VECTOR('',#3138,10.);
#907=VECTOR('',#3139,10.);
#908=VECTOR('',#3142,10.);
#909=VECTOR('',#3143,10.);
#910=VECTOR('',#3144,10.);
#911=VECTOR('',#3147,10.);
#912=VECTOR('',#3148,10.);
#913=VECTOR('',#3149,10.);
#914=VECTOR('',#3150,10.);
#915=VECTOR('',#3151,10.);
#916=VECTOR('',#3154,10.);
#917=VECTOR('',#3155,10.);
#918=VECTOR('',#3156,10.);
#919=VECTOR('',#3159,10.);
#920=VECTOR('',#3162,10.);
#921=VECTOR('',#3165,10.);
#922=VECTOR('',#3166,10.);
#923=VECTOR('',#3167,10.);
#924=VECTOR('',#3170,10.);
#925=VECTOR('',#3171,10.);
#926=VECTOR('',#3172,10.);
#927=VECTOR('',#3173,10.);
#928=VECTOR('',#3178,10.);
#929=VECTOR('',#3179,10.);
#930=VECTOR('',#3180,10.);
#931=VECTOR('',#3183,10.);
#932=VECTOR('',#3186,10.);
#933=VECTOR('',#3187,10.);
#934=VECTOR('',#3188,10.);
#935=VECTOR('',#3191,10.);
#936=VECTOR('',#3192,10.);
#937=VECTOR('',#3193,10.);
#938=VECTOR('',#3194,10.);
#939=VECTOR('',#3203,10.);
#940=VECTOR('',#3204,10.);
#941=VECTOR('',#3205,10.);
#942=VECTOR('',#3206,10.);
#943=VECTOR('',#3207,10.);
#944=VECTOR('',#3210,10.);
#945=VECTOR('',#3211,10.);
#946=VECTOR('',#3214,10.);
#947=VECTOR('',#3215,10.);
#948=VECTOR('',#3218,10.);
#949=VECTOR('',#3221,10.);
#950=VECTOR('',#3228,10.);
#951=VECTOR('',#3231,10.);
#952=VECTOR('',#3232,10.);
#953=VECTOR('',#3235,10.);
#954=VECTOR('',#3238,10.);
#955=VECTOR('',#3239,10.);
#956=VECTOR('',#3242,10.);
#957=VECTOR('',#3243,10.);
#958=VECTOR('',#3244,10.);
#959=VECTOR('',#3247,10.);
#960=VECTOR('',#3248,10.);
#961=VECTOR('',#3249,10.);
#962=VECTOR('',#3250,10.);
#963=VECTOR('',#3253,10.);
#964=VECTOR('',#3256,10.);
#965=VECTOR('',#3257,10.);
#966=VECTOR('',#3260,10.);
#967=VECTOR('',#3263,10.);
#968=VECTOR('',#3264,10.);
#969=VECTOR('',#3265,10.);
#970=VECTOR('',#3266,10.);
#971=VECTOR('',#3267,10.);
#972=VECTOR('',#3270,10.);
#973=VECTOR('',#3275,10.);
#974=VECTOR('',#3278,10.);
#975=VECTOR('',#3279,10.);
#976=VECTOR('',#3294,1.25);
#977=VECTOR('',#3299,10.);
#978=VECTOR('',#3300,10.);
#979=VECTOR('',#3301,10.);
#980=VECTOR('',#3306,10.);
#981=VECTOR('',#3315,10.);
#982=VECTOR('',#3320,10.);
#983=VECTOR('',#3321,10.);
#984=VECTOR('',#3322,10.);
#985=VECTOR('',#3331,10.);
#986=VECTOR('',#3332,10.);
#987=VECTOR('',#3335,10.);
#988=VECTOR('',#3336,10.);
#989=VECTOR('',#3341,0.707644182340257);
#990=VECTOR('',#3346,10.);
#991=VECTOR('',#3347,10.);
#992=VECTOR('',#3350,10.);
#993=VECTOR('',#3353,10.);
#994=VECTOR('',#3354,10.);
#995=VECTOR('',#3361,10.);
#996=VECTOR('',#3368,10.);
#997=VECTOR('',#3371,10.);
#998=VECTOR('',#3378,10.);
#999=VECTOR('',#3381,10.);
#1000=VECTOR('',#3384,10.);
#1001=VERTEX_POINT('',#3399);
#1002=VERTEX_POINT('',#3400);
#1003=VERTEX_POINT('',#3402);
#1004=VERTEX_POINT('',#3404);
#1005=VERTEX_POINT('',#3406);
#1006=VERTEX_POINT('',#3408);
#1007=VERTEX_POINT('',#3410);
#1008=VERTEX_POINT('',#3412);
#1009=VERTEX_POINT('',#3414);
#1010=VERTEX_POINT('',#3416);
#1011=VERTEX_POINT('',#3418);
#1012=VERTEX_POINT('',#3420);
#1013=VERTEX_POINT('',#3422);
#1014=VERTEX_POINT('',#3424);
#1015=VERTEX_POINT('',#3426);
#1016=VERTEX_POINT('',#3430);
#1017=VERTEX_POINT('',#3432);
#1018=VERTEX_POINT('',#3436);
#1019=VERTEX_POINT('',#3440);
#1020=VERTEX_POINT('',#3444);
#1021=VERTEX_POINT('',#3446);
#1022=VERTEX_POINT('',#3448);
#1023=VERTEX_POINT('',#3452);
#1024=VERTEX_POINT('',#3456);
#1025=VERTEX_POINT('',#3460);
#1026=VERTEX_POINT('',#3462);
#1027=VERTEX_POINT('',#3464);
#1028=VERTEX_POINT('',#3466);
#1029=VERTEX_POINT('',#3468);
#1030=VERTEX_POINT('',#3470);
#1031=VERTEX_POINT('',#3472);
#1032=VERTEX_POINT('',#3476);
#1033=VERTEX_POINT('',#3478);
#1034=VERTEX_POINT('',#3482);
#1035=VERTEX_POINT('',#3484);
#1036=VERTEX_POINT('',#3486);
#1037=VERTEX_POINT('',#3488);
#1038=VERTEX_POINT('',#3490);
#1039=VERTEX_POINT('',#3492);
#1040=VERTEX_POINT('',#3494);
#1041=VERTEX_POINT('',#3496);
#1042=VERTEX_POINT('',#3498);
#1043=VERTEX_POINT('',#3500);
#1044=VERTEX_POINT('',#3502);
#1045=VERTEX_POINT('',#3504);
#1046=VERTEX_POINT('',#3506);
#1047=VERTEX_POINT('',#3508);
#1048=VERTEX_POINT('',#3510);
#1049=VERTEX_POINT('',#3512);
#1050=VERTEX_POINT('',#3514);
#1051=VERTEX_POINT('',#3519);
#1052=VERTEX_POINT('',#3523);
#1053=VERTEX_POINT('',#3525);
#1054=VERTEX_POINT('',#3527);
#1055=VERTEX_POINT('',#3531);
#1056=VERTEX_POINT('',#3533);
#1057=VERTEX_POINT('',#3537);
#1058=VERTEX_POINT('',#3539);
#1059=VERTEX_POINT('',#3543);
#1060=VERTEX_POINT('',#3548);
#1061=VERTEX_POINT('',#3552);
#1062=VERTEX_POINT('',#3558);
#1063=VERTEX_POINT('',#3560);
#1064=VERTEX_POINT('',#3564);
#1065=VERTEX_POINT('',#3566);
#1066=VERTEX_POINT('',#3570);
#1067=VERTEX_POINT('',#3572);
#1068=VERTEX_POINT('',#3576);
#1069=VERTEX_POINT('',#3578);
#1070=VERTEX_POINT('',#3582);
#1071=VERTEX_POINT('',#3583);
#1072=VERTEX_POINT('',#3585);
#1073=VERTEX_POINT('',#3587);
#1074=VERTEX_POINT('',#3591);
#1075=VERTEX_POINT('',#3593);
#1076=VERTEX_POINT('',#3597);
#1077=VERTEX_POINT('',#3599);
#1078=VERTEX_POINT('',#3603);
#1079=VERTEX_POINT('',#3605);
#1080=VERTEX_POINT('',#3609);
#1081=VERTEX_POINT('',#3611);
#1082=VERTEX_POINT('',#3621);
#1083=VERTEX_POINT('',#3623);
#1084=VERTEX_POINT('',#3627);
#1085=VERTEX_POINT('',#3631);
#1086=VERTEX_POINT('',#3637);
#1087=VERTEX_POINT('',#3639);
#1088=VERTEX_POINT('',#3641);
#1089=VERTEX_POINT('',#3645);
#1090=VERTEX_POINT('',#3649);
#1091=VERTEX_POINT('',#3651);
#1092=VERTEX_POINT('',#3654);
#1093=VERTEX_POINT('',#3658);
#1094=VERTEX_POINT('',#3659);
#1095=VERTEX_POINT('',#3661);
#1096=VERTEX_POINT('',#3663);
#1097=VERTEX_POINT('',#3667);
#1098=VERTEX_POINT('',#3669);
#1099=VERTEX_POINT('',#3671);
#1100=VERTEX_POINT('',#3673);
#1101=VERTEX_POINT('',#3675);
#1102=VERTEX_POINT('',#3677);
#1103=VERTEX_POINT('',#3679);
#1104=VERTEX_POINT('',#3681);
#1105=VERTEX_POINT('',#3683);
#1106=VERTEX_POINT('',#3685);
#1107=VERTEX_POINT('',#3687);
#1108=VERTEX_POINT('',#3689);
#1109=VERTEX_POINT('',#3691);
#1110=VERTEX_POINT('',#3695);
#1111=VERTEX_POINT('',#3696);
#1112=VERTEX_POINT('',#3698);
#1113=VERTEX_POINT('',#3701);
#1114=VERTEX_POINT('',#3705);
#1115=VERTEX_POINT('',#3707);
#1116=VERTEX_POINT('',#3711);
#1117=VERTEX_POINT('',#3713);
#1118=VERTEX_POINT('',#3719);
#1119=VERTEX_POINT('',#3721);
#1120=VERTEX_POINT('',#3727);
#1121=VERTEX_POINT('',#3731);
#1122=VERTEX_POINT('',#3734);
#1123=VERTEX_POINT('',#3736);
#1124=VERTEX_POINT('',#3743);
#1125=VERTEX_POINT('',#3745);
#1126=VERTEX_POINT('',#3749);
#1127=VERTEX_POINT('',#3751);
#1128=VERTEX_POINT('',#3753);
#1129=VERTEX_POINT('',#3757);
#1130=VERTEX_POINT('',#3759);
#1131=VERTEX_POINT('',#3763);
#1132=VERTEX_POINT('',#3765);
#1133=VERTEX_POINT('',#3769);
#1134=VERTEX_POINT('',#3770);
#1135=VERTEX_POINT('',#3772);
#1136=VERTEX_POINT('',#3774);
#1137=VERTEX_POINT('',#3778);
#1138=VERTEX_POINT('',#3779);
#1139=VERTEX_POINT('',#3781);
#1140=VERTEX_POINT('',#3783);
#1141=VERTEX_POINT('',#3787);
#1142=VERTEX_POINT('',#3788);
#1143=VERTEX_POINT('',#3791);
#1144=VERTEX_POINT('',#3793);
#1145=VERTEX_POINT('',#3797);
#1146=VERTEX_POINT('',#3798);
#1147=VERTEX_POINT('',#3800);
#1148=VERTEX_POINT('',#3802);
#1149=VERTEX_POINT('',#3806);
#1150=VERTEX_POINT('',#3807);
#1151=VERTEX_POINT('',#3809);
#1152=VERTEX_POINT('',#3813);
#1153=VERTEX_POINT('',#3814);
#1154=VERTEX_POINT('',#3816);
#1155=VERTEX_POINT('',#3818);
#1156=VERTEX_POINT('',#3821);
#1157=VERTEX_POINT('',#3823);
#1158=VERTEX_POINT('',#3828);
#1159=VERTEX_POINT('',#3832);
#1160=VERTEX_POINT('',#3836);
#1161=VERTEX_POINT('',#3840);
#1162=VERTEX_POINT('',#3847);
#1163=VERTEX_POINT('',#3855);
#1164=VERTEX_POINT('',#3857);
#1165=VERTEX_POINT('',#3859);
#1166=VERTEX_POINT('',#3861);
#1167=VERTEX_POINT('',#3863);
#1168=VERTEX_POINT('',#3865);
#1169=VERTEX_POINT('',#3867);
#1170=VERTEX_POINT('',#3875);
#1171=VERTEX_POINT('',#3876);
#1172=VERTEX_POINT('',#3878);
#1173=VERTEX_POINT('',#3880);
#1174=VERTEX_POINT('',#3883);
#1175=VERTEX_POINT('',#3885);
#1176=VERTEX_POINT('',#3889);
#1177=VERTEX_POINT('',#3891);
#1178=VERTEX_POINT('',#3895);
#1179=VERTEX_POINT('',#3897);
#1180=VERTEX_POINT('',#3901);
#1181=VERTEX_POINT('',#3903);
#1182=VERTEX_POINT('',#3907);
#1183=VERTEX_POINT('',#3909);
#1184=VERTEX_POINT('',#3911);
#1185=VERTEX_POINT('',#3913);
#1186=VERTEX_POINT('',#3917);
#1187=VERTEX_POINT('',#3919);
#1188=VERTEX_POINT('',#3927);
#1189=VERTEX_POINT('',#3929);
#1190=VERTEX_POINT('',#3933);
#1191=VERTEX_POINT('',#3935);
#1192=VERTEX_POINT('',#3937);
#1193=VERTEX_POINT('',#3939);
#1194=VERTEX_POINT('',#3943);
#1195=VERTEX_POINT('',#3945);
#1196=VERTEX_POINT('',#3949);
#1197=VERTEX_POINT('',#3951);
#1198=VERTEX_POINT('',#3953);
#1199=VERTEX_POINT('',#3955);
#1200=VERTEX_POINT('',#3959);
#1201=VERTEX_POINT('',#3961);
#1202=VERTEX_POINT('',#3963);
#1203=VERTEX_POINT('',#3970);
#1204=VERTEX_POINT('',#3972);
#1205=VERTEX_POINT('',#3978);
#1206=VERTEX_POINT('',#3982);
#1207=VERTEX_POINT('',#3985);
#1208=VERTEX_POINT('',#3987);
#1209=VERTEX_POINT('',#3989);
#1210=VERTEX_POINT('',#3991);
#1211=VERTEX_POINT('',#3995);
#1212=VERTEX_POINT('',#3999);
#1213=VERTEX_POINT('',#4001);
#1214=VERTEX_POINT('',#4003);
#1215=VERTEX_POINT('',#4007);
#1216=VERTEX_POINT('',#4011);
#1217=VERTEX_POINT('',#4013);
#1218=VERTEX_POINT('',#4017);
#1219=VERTEX_POINT('',#4018);
#1220=VERTEX_POINT('',#4021);
#1221=VERTEX_POINT('',#4026);
#1222=VERTEX_POINT('',#4028);
#1223=VERTEX_POINT('',#4034);
#1224=VERTEX_POINT('',#4036);
#1225=VERTEX_POINT('',#4038);
#1226=VERTEX_POINT('',#4045);
#1227=VERTEX_POINT('',#4058);
#1228=VERTEX_POINT('',#4062);
#1229=VERTEX_POINT('',#4064);
#1230=VERTEX_POINT('',#4067);
#1231=VERTEX_POINT('',#4070);
#1232=VERTEX_POINT('',#4075);
#1233=VERTEX_POINT('',#4077);
#1234=VERTEX_POINT('',#4081);
#1235=VERTEX_POINT('',#4092);
#1236=VERTEX_POINT('',#4097);
#1237=EDGE_CURVE('',#1001,#1002,#341,.T.);
#1238=EDGE_CURVE('',#1002,#1003,#342,.T.);
#1239=EDGE_CURVE('',#1004,#1003,#343,.T.);
#1240=EDGE_CURVE('',#1005,#1004,#344,.T.);
#1241=EDGE_CURVE('',#1006,#1005,#345,.T.);
#1242=EDGE_CURVE('',#1007,#1006,#346,.T.);
#1243=EDGE_CURVE('',#1008,#1007,#347,.T.);
#1244=EDGE_CURVE('',#1009,#1008,#348,.T.);
#1245=EDGE_CURVE('',#1010,#1009,#349,.T.);
#1246=EDGE_CURVE('',#1010,#1011,#350,.T.);
#1247=EDGE_CURVE('',#1011,#1012,#351,.T.);
#1248=EDGE_CURVE('',#1012,#1013,#352,.T.);
#1249=EDGE_CURVE('',#1013,#1014,#353,.T.);
#1250=EDGE_CURVE('',#1014,#1015,#354,.T.);
#1251=EDGE_CURVE('',#1015,#1001,#355,.T.);
#1252=EDGE_CURVE('',#1009,#1016,#356,.T.);
#1253=EDGE_CURVE('',#1017,#1016,#357,.T.);
#1254=EDGE_CURVE('',#1010,#1017,#358,.T.);
#1255=EDGE_CURVE('',#1008,#1018,#359,.T.);
#1256=EDGE_CURVE('',#1016,#1018,#360,.T.);
#1257=EDGE_CURVE('',#1007,#1019,#361,.T.);
#1258=EDGE_CURVE('',#1018,#1019,#362,.T.);
#1259=EDGE_CURVE('',#1006,#1020,#363,.T.);
#1260=EDGE_CURVE('',#1020,#1021,#364,.T.);
#1261=EDGE_CURVE('',#1022,#1021,#365,.T.);
#1262=EDGE_CURVE('',#1019,#1022,#366,.T.);
#1263=EDGE_CURVE('',#1005,#1023,#367,.T.);
#1264=EDGE_CURVE('',#1023,#1020,#368,.T.);
#1265=EDGE_CURVE('',#1024,#1004,#369,.T.);
#1266=EDGE_CURVE('',#1024,#1023,#370,.T.);
#1267=EDGE_CURVE('',#1003,#1025,#371,.T.);
#1268=EDGE_CURVE('',#1026,#1025,#372,.T.);
#1269=EDGE_CURVE('',#1026,#1027,#373,.T.);
#1270=EDGE_CURVE('',#1028,#1027,#374,.T.);
#1271=EDGE_CURVE('',#1028,#1029,#375,.T.);
#1272=EDGE_CURVE('',#1029,#1030,#376,.T.);
#1273=EDGE_CURVE('',#1031,#1030,#71,.T.);
#1274=EDGE_CURVE('',#1031,#1032,#377,.T.);
#1275=EDGE_CURVE('',#1033,#1032,#72,.T.);
#1276=EDGE_CURVE('',#1033,#1034,#378,.T.);
#1277=EDGE_CURVE('',#1034,#1035,#379,.T.);
#1278=EDGE_CURVE('',#1036,#1035,#380,.T.);
#1279=EDGE_CURVE('',#1037,#1036,#381,.T.);
#1280=EDGE_CURVE('',#1038,#1037,#382,.T.);
#1281=EDGE_CURVE('',#1039,#1038,#383,.T.);
#1282=EDGE_CURVE('',#1040,#1039,#384,.T.);
#1283=EDGE_CURVE('',#1040,#1041,#385,.T.);
#1284=EDGE_CURVE('',#1041,#1042,#386,.T.);
#1285=EDGE_CURVE('',#1042,#1043,#387,.T.);
#1286=EDGE_CURVE('',#1043,#1044,#388,.T.);
#1287=EDGE_CURVE('',#1044,#1045,#389,.T.);
#1288=EDGE_CURVE('',#1045,#1046,#390,.T.);
#1289=EDGE_CURVE('',#1046,#1047,#391,.T.);
#1290=EDGE_CURVE('',#1047,#1048,#392,.T.);
#1291=EDGE_CURVE('',#1048,#1049,#393,.T.);
#1292=EDGE_CURVE('',#1050,#1049,#394,.T.);
#1293=EDGE_CURVE('',#1050,#1022,#395,.T.);
#1294=EDGE_CURVE('',#1021,#1024,#396,.T.);
#1295=EDGE_CURVE('',#1002,#1051,#397,.T.);
#1296=EDGE_CURVE('',#1051,#1025,#398,.T.);
#1297=EDGE_CURVE('',#1052,#1017,#399,.T.);
#1298=EDGE_CURVE('',#1053,#1052,#400,.T.);
#1299=EDGE_CURVE('',#1054,#1053,#401,.T.);
#1300=EDGE_CURVE('',#1054,#1011,#402,.T.);
#1301=EDGE_CURVE('',#1055,#1012,#403,.T.);
#1302=EDGE_CURVE('',#1056,#1055,#404,.T.);
#1303=EDGE_CURVE('',#1056,#1013,#405,.T.);
#1304=EDGE_CURVE('',#1057,#1054,#406,.T.);
#1305=EDGE_CURVE('',#1058,#1057,#407,.T.);
#1306=EDGE_CURVE('',#1055,#1058,#408,.T.);
#1307=EDGE_CURVE('',#1059,#1001,#409,.T.);
#1308=EDGE_CURVE('',#1058,#1059,#410,.T.);
#1309=EDGE_CURVE('',#1051,#1057,#411,.T.);
#1310=EDGE_CURVE('',#1060,#1015,#412,.T.);
#1311=EDGE_CURVE('',#1059,#1060,#413,.T.);
#1312=EDGE_CURVE('',#1060,#1061,#414,.T.);
#1313=EDGE_CURVE('',#1061,#1014,#415,.T.);
#1314=EDGE_CURVE('',#1061,#1056,#416,.T.);
#1315=EDGE_CURVE('',#1062,#1041,#417,.T.);
#1316=EDGE_CURVE('',#1062,#1063,#418,.T.);
#1317=EDGE_CURVE('',#1042,#1063,#419,.T.);
#1318=EDGE_CURVE('',#1064,#1062,#420,.T.);
#1319=EDGE_CURVE('',#1064,#1065,#421,.T.);
#1320=EDGE_CURVE('',#1063,#1065,#422,.T.);
#1321=EDGE_CURVE('',#1066,#1064,#423,.T.);
#1322=EDGE_CURVE('',#1066,#1067,#424,.T.);
#1323=EDGE_CURVE('',#1065,#1067,#425,.T.);
#1324=EDGE_CURVE('',#1068,#1066,#426,.T.);
#1325=EDGE_CURVE('',#1068,#1069,#427,.T.);
#1326=EDGE_CURVE('',#1067,#1069,#428,.T.);
#1327=EDGE_CURVE('',#1070,#1071,#429,.T.);
#1328=EDGE_CURVE('',#1070,#1072,#430,.T.);
#1329=EDGE_CURVE('',#1073,#1072,#431,.T.);
#1330=EDGE_CURVE('',#1071,#1073,#432,.T.);
#1331=EDGE_CURVE('',#1071,#1074,#433,.T.);
#1332=EDGE_CURVE('',#1075,#1073,#434,.T.);
#1333=EDGE_CURVE('',#1074,#1075,#435,.T.);
#1334=EDGE_CURVE('',#1074,#1076,#436,.T.);
#1335=EDGE_CURVE('',#1077,#1075,#437,.T.);
#1336=EDGE_CURVE('',#1076,#1077,#438,.T.);
#1337=EDGE_CURVE('',#1076,#1078,#439,.T.);
#1338=EDGE_CURVE('',#1079,#1077,#440,.T.);
#1339=EDGE_CURVE('',#1078,#1079,#441,.T.);
#1340=EDGE_CURVE('',#1078,#1080,#442,.T.);
#1341=EDGE_CURVE('',#1081,#1079,#443,.T.);
#1342=EDGE_CURVE('',#1080,#1081,#444,.T.);
#1343=EDGE_CURVE('',#1080,#1070,#445,.T.);
#1344=EDGE_CURVE('',#1072,#1081,#446,.T.);
#1345=EDGE_CURVE('',#1069,#1045,#447,.T.);
#1346=EDGE_CURVE('',#1046,#1068,#448,.T.);
#1347=EDGE_CURVE('',#1082,#1045,#449,.T.);
#1348=EDGE_CURVE('',#1083,#1082,#450,.T.);
#1349=EDGE_CURVE('',#1042,#1083,#451,.T.);
#1350=EDGE_CURVE('',#1083,#1084,#452,.T.);
#1351=EDGE_CURVE('',#1084,#1043,#453,.T.);
#1352=EDGE_CURVE('',#1082,#1085,#454,.T.);
#1353=EDGE_CURVE('',#1085,#1084,#455,.T.);
#1354=EDGE_CURVE('',#1044,#1085,#456,.T.);
#1355=EDGE_CURVE('',#1086,#1047,#457,.T.);
#1356=EDGE_CURVE('',#1087,#1040,#458,.T.);
#1357=EDGE_CURVE('',#1088,#1087,#459,.T.);
#1358=EDGE_CURVE('',#1088,#1086,#460,.T.);
#1359=EDGE_CURVE('',#1050,#1089,#461,.T.);
#1360=EDGE_CURVE('',#1089,#1052,#462,.T.);
#1361=EDGE_CURVE('',#1090,#1090,#28,.T.);
#1362=EDGE_CURVE('',#1091,#1091,#29,.T.);
#1363=EDGE_CURVE('',#1092,#1092,#30,.T.);
#1364=EDGE_CURVE('',#1092,#1090,#463,.T.);
#1365=EDGE_CURVE('',#1093,#1094,#464,.T.);
#1366=EDGE_CURVE('',#1094,#1095,#465,.T.);
#1367=EDGE_CURVE('',#1095,#1096,#466,.F.);
#1368=EDGE_CURVE('',#1096,#1093,#467,.T.);
#1369=EDGE_CURVE('',#1097,#1093,#468,.T.);
#1370=EDGE_CURVE('',#1098,#1097,#469,.T.);
#1371=EDGE_CURVE('',#1099,#1098,#470,.T.);
#1372=EDGE_CURVE('',#1100,#1099,#471,.T.);
#1373=EDGE_CURVE('',#1101,#1100,#472,.T.);
#1374=EDGE_CURVE('',#1101,#1102,#31,.T.);
#1375=EDGE_CURVE('',#1103,#1102,#473,.T.);
#1376=EDGE_CURVE('',#1103,#1104,#474,.T.);
#1377=EDGE_CURVE('',#1105,#1104,#475,.T.);
#1378=EDGE_CURVE('',#1105,#1106,#476,.T.);
#1379=EDGE_CURVE('',#1106,#1107,#477,.T.);
#1380=EDGE_CURVE('',#1107,#1108,#478,.T.);
#1381=EDGE_CURVE('',#1109,#1108,#479,.T.);
#1382=EDGE_CURVE('',#1109,#1094,#480,.T.);
#1383=EDGE_CURVE('',#1110,#1111,#481,.T.);
#1384=EDGE_CURVE('',#1110,#1112,#482,.T.);
#1385=EDGE_CURVE('',#1112,#1100,#483,.T.);
#1386=EDGE_CURVE('',#1099,#1113,#484,.T.);
#1387=EDGE_CURVE('',#1111,#1113,#485,.T.);
#1388=EDGE_CURVE('',#1114,#1111,#486,.T.);
#1389=EDGE_CURVE('',#1114,#1115,#487,.T.);
#1390=EDGE_CURVE('',#1115,#1110,#488,.T.);
#1391=EDGE_CURVE('',#1111,#1116,#489,.T.);
#1392=EDGE_CURVE('',#1113,#1117,#490,.T.);
#1393=EDGE_CURVE('',#1117,#1116,#491,.T.);
#1394=EDGE_CURVE('',#1098,#1117,#492,.T.);
#1395=EDGE_CURVE('',#1118,#1097,#493,.T.);
#1396=EDGE_CURVE('',#1118,#1119,#494,.T.);
#1397=EDGE_CURVE('',#1116,#1119,#495,.T.);
#1398=EDGE_CURVE('',#1119,#1114,#496,.T.);
#1399=EDGE_CURVE('',#1091,#1120,#497,.T.);
#1400=EDGE_CURVE('',#1120,#1120,#32,.T.);
#1401=EDGE_CURVE('',#1121,#1121,#33,.T.);
#1402=EDGE_CURVE('',#1122,#1122,#34,.T.);
#1403=EDGE_CURVE('',#1122,#1123,#498,.T.);
#1404=EDGE_CURVE('',#1102,#1123,#35,.T.);
#1405=EDGE_CURVE('',#1123,#1101,#36,.T.);
#1406=EDGE_CURVE('',#1121,#1122,#499,.T.);
#1407=EDGE_CURVE('',#1124,#1088,#500,.T.);
#1408=EDGE_CURVE('',#1125,#1124,#501,.T.);
#1409=EDGE_CURVE('',#1125,#1086,#502,.T.);
#1410=EDGE_CURVE('',#1126,#1087,#503,.T.);
#1411=EDGE_CURVE('',#1126,#1127,#504,.T.);
#1412=EDGE_CURVE('',#1127,#1128,#505,.T.);
#1413=EDGE_CURVE('',#1128,#1124,#506,.T.);
#1414=EDGE_CURVE('',#1127,#1129,#507,.T.);
#1415=EDGE_CURVE('',#1130,#1129,#508,.T.);
#1416=EDGE_CURVE('',#1128,#1130,#509,.T.);
#1417=EDGE_CURVE('',#1104,#1131,#510,.T.);
#1418=EDGE_CURVE('',#1131,#1132,#511,.T.);
#1419=EDGE_CURVE('',#1132,#1105,#512,.T.);
#1420=EDGE_CURVE('',#1133,#1134,#513,.T.);
#1421=EDGE_CURVE('',#1135,#1133,#514,.T.);
#1422=EDGE_CURVE('',#1136,#1135,#515,.T.);
#1423=EDGE_CURVE('',#1136,#1134,#516,.T.);
#1424=EDGE_CURVE('',#1137,#1138,#517,.T.);
#1425=EDGE_CURVE('',#1138,#1139,#518,.T.);
#1426=EDGE_CURVE('',#1139,#1140,#519,.T.);
#1427=EDGE_CURVE('',#1140,#1137,#520,.T.);
#1428=EDGE_CURVE('',#1141,#1142,#521,.T.);
#1429=EDGE_CURVE('',#1138,#1141,#522,.T.);
#1430=EDGE_CURVE('',#1143,#1137,#523,.T.);
#1431=EDGE_CURVE('',#1144,#1143,#524,.T.);
#1432=EDGE_CURVE('',#1142,#1144,#525,.T.);
#1433=EDGE_CURVE('',#1145,#1146,#526,.T.);
#1434=EDGE_CURVE('',#1147,#1145,#527,.T.);
#1435=EDGE_CURVE('',#1147,#1148,#528,.T.);
#1436=EDGE_CURVE('',#1146,#1148,#529,.T.);
#1437=EDGE_CURVE('',#1149,#1150,#530,.T.);
#1438=EDGE_CURVE('',#1151,#1150,#531,.T.);
#1439=EDGE_CURVE('',#1151,#1149,#532,.T.);
#1440=EDGE_CURVE('',#1152,#1153,#533,.T.);
#1441=EDGE_CURVE('',#1154,#1153,#534,.T.);
#1442=EDGE_CURVE('',#1155,#1154,#535,.T.);
#1443=EDGE_CURVE('',#1142,#1155,#536,.T.);
#1444=EDGE_CURVE('',#1144,#1156,#537,.T.);
#1445=EDGE_CURVE('',#1156,#1157,#538,.T.);
#1446=EDGE_CURVE('',#1150,#1157,#539,.T.);
#1447=EDGE_CURVE('',#1152,#1149,#540,.T.);
#1448=EDGE_CURVE('',#1158,#1156,#541,.T.);
#1449=EDGE_CURVE('',#1143,#1158,#542,.T.);
#1450=EDGE_CURVE('',#1159,#1106,#543,.T.);
#1451=EDGE_CURVE('',#1132,#1159,#544,.T.);
#1452=EDGE_CURVE('',#1160,#1159,#545,.T.);
#1453=EDGE_CURVE('',#1131,#1160,#546,.T.);
#1454=EDGE_CURVE('',#1107,#1161,#547,.T.);
#1455=EDGE_CURVE('',#1108,#1161,#548,.T.);
#1456=EDGE_CURVE('',#1157,#1103,#549,.T.);
#1457=EDGE_CURVE('',#1158,#1131,#550,.T.);
#1458=EDGE_CURVE('',#1155,#1162,#551,.T.);
#1459=EDGE_CURVE('',#1162,#1141,#552,.F.);
#1460=EDGE_CURVE('',#1154,#1162,#553,.T.);
#1461=EDGE_CURVE('',#1103,#1151,#554,.F.);
#1462=EDGE_CURVE('',#1152,#1163,#555,.T.);
#1463=EDGE_CURVE('',#1164,#1163,#556,.T.);
#1464=EDGE_CURVE('',#1165,#1164,#557,.T.);
#1465=EDGE_CURVE('',#1166,#1165,#558,.T.);
#1466=EDGE_CURVE('',#1167,#1166,#559,.T.);
#1467=EDGE_CURVE('',#1168,#1167,#560,.T.);
#1468=EDGE_CURVE('',#1168,#1169,#561,.T.);
#1469=EDGE_CURVE('',#1153,#1169,#562,.T.);
#1470=EDGE_CURVE('',#1163,#1110,#563,.T.);
#1471=EDGE_CURVE('',#1152,#1112,#564,.T.);
#1472=EDGE_CURVE('',#1170,#1171,#565,.T.);
#1473=EDGE_CURVE('',#1172,#1171,#566,.T.);
#1474=EDGE_CURVE('',#1172,#1173,#567,.T.);
#1475=EDGE_CURVE('',#1173,#1161,#568,.T.);
#1476=EDGE_CURVE('',#1174,#1160,#569,.T.);
#1477=EDGE_CURVE('',#1174,#1175,#570,.T.);
#1478=EDGE_CURVE('',#1170,#1175,#571,.T.);
#1479=EDGE_CURVE('',#1096,#1176,#572,.T.);
#1480=EDGE_CURVE('',#1177,#1176,#573,.T.);
#1481=EDGE_CURVE('',#1177,#1118,#574,.T.);
#1482=EDGE_CURVE('',#1178,#1109,#575,.T.);
#1483=EDGE_CURVE('',#1179,#1178,#576,.T.);
#1484=EDGE_CURVE('',#1179,#1095,#577,.T.);
#1485=EDGE_CURVE('',#1180,#1147,#578,.T.);
#1486=EDGE_CURVE('',#1181,#1180,#579,.T.);
#1487=EDGE_CURVE('',#1148,#1181,#580,.T.);
#1488=EDGE_CURVE('',#1182,#1179,#581,.T.);
#1489=EDGE_CURVE('',#1178,#1183,#582,.T.);
#1490=EDGE_CURVE('',#1183,#1184,#583,.T.);
#1491=EDGE_CURVE('',#1184,#1185,#584,.T.);
#1492=EDGE_CURVE('',#1182,#1185,#585,.T.);
#1493=EDGE_CURVE('',#1186,#1089,#586,.T.);
#1494=EDGE_CURVE('',#1187,#1186,#587,.T.);
#1495=EDGE_CURVE('',#1187,#1053,#588,.T.);
#1496=EDGE_CURVE('',#1048,#1125,#589,.T.);
#1497=EDGE_CURVE('',#1026,#1187,#590,.T.);
#1498=EDGE_CURVE('',#1188,#1172,#591,.T.);
#1499=EDGE_CURVE('',#1188,#1189,#592,.T.);
#1500=EDGE_CURVE('',#1173,#1189,#593,.T.);
#1501=EDGE_CURVE('',#1190,#1171,#594,.T.);
#1502=EDGE_CURVE('',#1191,#1190,#595,.T.);
#1503=EDGE_CURVE('',#1192,#1191,#596,.T.);
#1504=EDGE_CURVE('',#1193,#1192,#597,.T.);
#1505=EDGE_CURVE('',#1193,#1188,#37,.T.);
#1506=EDGE_CURVE('',#1170,#1194,#598,.T.);
#1507=EDGE_CURVE('',#1194,#1195,#599,.T.);
#1508=EDGE_CURVE('',#1195,#1190,#600,.T.);
#1509=EDGE_CURVE('',#1175,#1196,#601,.T.);
#1510=EDGE_CURVE('',#1196,#1197,#38,.T.);
#1511=EDGE_CURVE('',#1198,#1197,#602,.T.);
#1512=EDGE_CURVE('',#1199,#1198,#603,.T.);
#1513=EDGE_CURVE('',#1194,#1199,#604,.T.);
#1514=EDGE_CURVE('',#1174,#1200,#605,.T.);
#1515=EDGE_CURVE('',#1201,#1200,#606,.T.);
#1516=EDGE_CURVE('',#1202,#1201,#607,.T.);
#1517=EDGE_CURVE('',#1202,#1196,#608,.T.);
#1518=EDGE_CURVE('',#1201,#1136,#39,.T.);
#1519=EDGE_CURVE('',#1134,#1200,#40,.T.);
#1520=EDGE_CURVE('',#1203,#1167,#609,.T.);
#1521=EDGE_CURVE('',#1204,#1203,#610,.T.);
#1522=EDGE_CURVE('',#1204,#1130,#611,.T.);
#1523=EDGE_CURVE('',#1129,#1181,#612,.T.);
#1524=EDGE_CURVE('',#1180,#1168,#613,.T.);
#1525=EDGE_CURVE('',#1166,#1205,#614,.T.);
#1526=EDGE_CURVE('',#1205,#1203,#615,.T.);
#1527=EDGE_CURVE('',#1206,#1163,#616,.T.);
#1528=EDGE_CURVE('',#1205,#1206,#617,.T.);
#1529=EDGE_CURVE('',#1135,#1207,#41,.T.);
#1530=EDGE_CURVE('',#1207,#1208,#618,.T.);
#1531=EDGE_CURVE('',#1208,#1209,#42,.T.);
#1532=EDGE_CURVE('',#1209,#1210,#619,.T.);
#1533=EDGE_CURVE('',#1210,#1202,#43,.T.);
#1534=EDGE_CURVE('',#1211,#1133,#44,.T.);
#1535=EDGE_CURVE('',#1207,#1211,#620,.T.);
#1536=EDGE_CURVE('',#1137,#1212,#621,.T.);
#1537=EDGE_CURVE('',#1213,#1212,#622,.T.);
#1538=EDGE_CURVE('',#1213,#1214,#45,.T.);
#1539=EDGE_CURVE('',#1214,#1211,#623,.T.);
#1540=EDGE_CURVE('',#1140,#1215,#624,.T.);
#1541=EDGE_CURVE('',#1212,#1215,#625,.T.);
#1542=EDGE_CURVE('',#1139,#1216,#626,.T.);
#1543=EDGE_CURVE('',#1216,#1217,#627,.T.);
#1544=EDGE_CURVE('',#1215,#1217,#628,.T.);
#1545=EDGE_CURVE('',#1218,#1219,#629,.T.);
#1546=EDGE_CURVE('',#1216,#1219,#630,.T.);
#1547=EDGE_CURVE('',#1169,#1220,#631,.T.);
#1548=EDGE_CURVE('',#1218,#1220,#632,.T.);
#1549=EDGE_CURVE('',#1035,#1218,#633,.T.);
#1550=EDGE_CURVE('',#1034,#1221,#46,.T.);
#1551=EDGE_CURVE('',#1222,#1221,#634,.T.);
#1552=EDGE_CURVE('',#1222,#1219,#635,.T.);
#1553=EDGE_CURVE('',#1186,#1049,#636,.T.);
#1554=EDGE_CURVE('',#1223,#1204,#637,.T.);
#1555=EDGE_CURVE('',#1224,#1223,#638,.T.);
#1556=EDGE_CURVE('',#1225,#1224,#639,.T.);
#1557=EDGE_CURVE('',#1225,#1184,#640,.T.);
#1558=EDGE_CURVE('',#1027,#1183,#641,.T.);
#1559=EDGE_CURVE('',#1161,#1028,#642,.T.);
#1560=EDGE_CURVE('',#1191,#1226,#47,.T.);
#1561=EDGE_CURVE('',#1192,#1226,#643,.T.);
#1562=EDGE_CURVE('',#1226,#1198,#644,.T.);
#1563=EDGE_CURVE('',#1193,#1197,#645,.T.);
#1564=EDGE_CURVE('',#1226,#1199,#48,.T.);
#1565=EDGE_CURVE('',#1199,#1195,#49,.T.);
#1566=EDGE_CURVE('',#1195,#1191,#50,.T.);
#1567=EDGE_CURVE('',#1226,#1227,#646,.T.);
#1568=EDGE_CURVE('',#1227,#1227,#51,.T.);
#1569=EDGE_CURVE('',#1224,#1228,#647,.T.);
#1570=EDGE_CURVE('',#1229,#1223,#648,.T.);
#1571=EDGE_CURVE('',#1228,#1229,#649,.T.);
#1572=EDGE_CURVE('',#1230,#1230,#52,.T.);
#1573=EDGE_CURVE('',#1210,#1231,#650,.T.);
#1574=EDGE_CURVE('',#1030,#1231,#53,.T.);
#1575=EDGE_CURVE('',#1189,#1029,#54,.T.);
#1576=EDGE_CURVE('',#1032,#1232,#55,.T.);
#1577=EDGE_CURVE('',#1232,#1233,#651,.T.);
#1578=EDGE_CURVE('',#1233,#1033,#56,.T.);
#1579=EDGE_CURVE('',#1234,#1231,#652,.T.);
#1580=EDGE_CURVE('',#1231,#1233,#653,.T.);
#1581=EDGE_CURVE('',#1232,#1234,#654,.T.);
#1582=EDGE_CURVE('',#1234,#1031,#57,.T.);
#1583=EDGE_CURVE('',#1039,#1126,#655,.T.);
#1584=EDGE_CURVE('',#1038,#1146,#656,.T.);
#1585=EDGE_CURVE('',#1115,#1235,#657,.T.);
#1586=EDGE_CURVE('',#1235,#1206,#658,.T.);
#1587=EDGE_CURVE('',#1230,#1236,#659,.T.);
#1588=EDGE_CURVE('',#1236,#1236,#58,.T.);
#1589=EDGE_CURVE('',#1206,#1228,#660,.T.);
#1590=EDGE_CURVE('',#1228,#1235,#661,.T.);
#1591=EDGE_CURVE('',#1235,#1225,#662,.T.);
#1592=EDGE_CURVE('',#1203,#1229,#663,.T.);
#1593=EDGE_CURVE('',#1229,#1205,#664,.T.);
#1594=EDGE_CURVE('',#1222,#1217,#665,.T.);
#1595=EDGE_CURVE('',#1145,#1037,#666,.T.);
#1596=EDGE_CURVE('',#1220,#1036,#667,.T.);
#1597=EDGE_CURVE('',#1221,#1213,#668,.T.);
#1598=EDGE_CURVE('',#1209,#1233,#669,.T.);
#1599=EDGE_CURVE('',#1208,#1214,#670,.T.);
#1600=EDGE_CURVE('',#1185,#1177,#59,.T.);
#1601=EDGE_CURVE('',#1176,#1182,#60,.T.);
#1602=ORIENTED_EDGE('',*,*,#1237,.T.);
#1603=ORIENTED_EDGE('',*,*,#1238,.T.);
#1604=ORIENTED_EDGE('',*,*,#1239,.F.);
#1605=ORIENTED_EDGE('',*,*,#1240,.F.);
#1606=ORIENTED_EDGE('',*,*,#1241,.F.);
#1607=ORIENTED_EDGE('',*,*,#1242,.F.);
#1608=ORIENTED_EDGE('',*,*,#1243,.F.);
#1609=ORIENTED_EDGE('',*,*,#1244,.F.);
#1610=ORIENTED_EDGE('',*,*,#1245,.F.);
#1611=ORIENTED_EDGE('',*,*,#1246,.T.);
#1612=ORIENTED_EDGE('',*,*,#1247,.T.);
#1613=ORIENTED_EDGE('',*,*,#1248,.T.);
#1614=ORIENTED_EDGE('',*,*,#1249,.T.);
#1615=ORIENTED_EDGE('',*,*,#1250,.T.);
#1616=ORIENTED_EDGE('',*,*,#1251,.T.);
#1617=ORIENTED_EDGE('',*,*,#1245,.T.);
#1618=ORIENTED_EDGE('',*,*,#1252,.T.);
#1619=ORIENTED_EDGE('',*,*,#1253,.F.);
#1620=ORIENTED_EDGE('',*,*,#1254,.F.);
#1621=ORIENTED_EDGE('',*,*,#1244,.T.);
#1622=ORIENTED_EDGE('',*,*,#1255,.T.);
#1623=ORIENTED_EDGE('',*,*,#1256,.F.);
#1624=ORIENTED_EDGE('',*,*,#1252,.F.);
#1625=ORIENTED_EDGE('',*,*,#1243,.T.);
#1626=ORIENTED_EDGE('',*,*,#1257,.T.);
#1627=ORIENTED_EDGE('',*,*,#1258,.F.);
#1628=ORIENTED_EDGE('',*,*,#1255,.F.);
#1629=ORIENTED_EDGE('',*,*,#1242,.T.);
#1630=ORIENTED_EDGE('',*,*,#1259,.T.);
#1631=ORIENTED_EDGE('',*,*,#1260,.T.);
#1632=ORIENTED_EDGE('',*,*,#1261,.F.);
#1633=ORIENTED_EDGE('',*,*,#1262,.F.);
#1634=ORIENTED_EDGE('',*,*,#1257,.F.);
#1635=ORIENTED_EDGE('',*,*,#1241,.T.);
#1636=ORIENTED_EDGE('',*,*,#1263,.T.);
#1637=ORIENTED_EDGE('',*,*,#1264,.T.);
#1638=ORIENTED_EDGE('',*,*,#1259,.F.);
#1639=ORIENTED_EDGE('',*,*,#1240,.T.);
#1640=ORIENTED_EDGE('',*,*,#1265,.F.);
#1641=ORIENTED_EDGE('',*,*,#1266,.T.);
#1642=ORIENTED_EDGE('',*,*,#1263,.F.);
#1643=ORIENTED_EDGE('',*,*,#1267,.T.);
#1644=ORIENTED_EDGE('',*,*,#1268,.F.);
#1645=ORIENTED_EDGE('',*,*,#1269,.T.);
#1646=ORIENTED_EDGE('',*,*,#1270,.F.);
#1647=ORIENTED_EDGE('',*,*,#1271,.T.);
#1648=ORIENTED_EDGE('',*,*,#1272,.T.);
#1649=ORIENTED_EDGE('',*,*,#1273,.F.);
#1650=ORIENTED_EDGE('',*,*,#1274,.T.);
#1651=ORIENTED_EDGE('',*,*,#1275,.F.);
#1652=ORIENTED_EDGE('',*,*,#1276,.T.);
#1653=ORIENTED_EDGE('',*,*,#1277,.T.);
#1654=ORIENTED_EDGE('',*,*,#1278,.F.);
#1655=ORIENTED_EDGE('',*,*,#1279,.F.);
#1656=ORIENTED_EDGE('',*,*,#1280,.F.);
#1657=ORIENTED_EDGE('',*,*,#1281,.F.);
#1658=ORIENTED_EDGE('',*,*,#1282,.F.);
#1659=ORIENTED_EDGE('',*,*,#1283,.T.);
#1660=ORIENTED_EDGE('',*,*,#1284,.T.);
#1661=ORIENTED_EDGE('',*,*,#1285,.T.);
#1662=ORIENTED_EDGE('',*,*,#1286,.T.);
#1663=ORIENTED_EDGE('',*,*,#1287,.T.);
#1664=ORIENTED_EDGE('',*,*,#1288,.T.);
#1665=ORIENTED_EDGE('',*,*,#1289,.T.);
#1666=ORIENTED_EDGE('',*,*,#1290,.T.);
#1667=ORIENTED_EDGE('',*,*,#1291,.T.);
#1668=ORIENTED_EDGE('',*,*,#1292,.F.);
#1669=ORIENTED_EDGE('',*,*,#1293,.T.);
#1670=ORIENTED_EDGE('',*,*,#1261,.T.);
#1671=ORIENTED_EDGE('',*,*,#1294,.T.);
#1672=ORIENTED_EDGE('',*,*,#1265,.T.);
#1673=ORIENTED_EDGE('',*,*,#1239,.T.);
#1674=ORIENTED_EDGE('',*,*,#1295,.T.);
#1675=ORIENTED_EDGE('',*,*,#1296,.T.);
#1676=ORIENTED_EDGE('',*,*,#1267,.F.);
#1677=ORIENTED_EDGE('',*,*,#1238,.F.);
#1678=ORIENTED_EDGE('',*,*,#1254,.T.);
#1679=ORIENTED_EDGE('',*,*,#1297,.F.);
#1680=ORIENTED_EDGE('',*,*,#1298,.F.);
#1681=ORIENTED_EDGE('',*,*,#1299,.F.);
#1682=ORIENTED_EDGE('',*,*,#1300,.T.);
#1683=ORIENTED_EDGE('',*,*,#1246,.F.);
#1684=ORIENTED_EDGE('',*,*,#1301,.F.);
#1685=ORIENTED_EDGE('',*,*,#1302,.F.);
#1686=ORIENTED_EDGE('',*,*,#1303,.T.);
#1687=ORIENTED_EDGE('',*,*,#1248,.F.);
#1688=ORIENTED_EDGE('',*,*,#1304,.F.);
#1689=ORIENTED_EDGE('',*,*,#1305,.F.);
#1690=ORIENTED_EDGE('',*,*,#1306,.F.);
#1691=ORIENTED_EDGE('',*,*,#1301,.T.);
#1692=ORIENTED_EDGE('',*,*,#1247,.F.);
#1693=ORIENTED_EDGE('',*,*,#1300,.F.);
#1694=ORIENTED_EDGE('',*,*,#1307,.F.);
#1695=ORIENTED_EDGE('',*,*,#1308,.F.);
#1696=ORIENTED_EDGE('',*,*,#1305,.T.);
#1697=ORIENTED_EDGE('',*,*,#1309,.F.);
#1698=ORIENTED_EDGE('',*,*,#1295,.F.);
#1699=ORIENTED_EDGE('',*,*,#1237,.F.);
#1700=ORIENTED_EDGE('',*,*,#1310,.F.);
#1701=ORIENTED_EDGE('',*,*,#1311,.F.);
#1702=ORIENTED_EDGE('',*,*,#1307,.T.);
#1703=ORIENTED_EDGE('',*,*,#1251,.F.);
#1704=ORIENTED_EDGE('',*,*,#1312,.F.);
#1705=ORIENTED_EDGE('',*,*,#1310,.T.);
#1706=ORIENTED_EDGE('',*,*,#1250,.F.);
#1707=ORIENTED_EDGE('',*,*,#1313,.F.);
#1708=ORIENTED_EDGE('',*,*,#1314,.F.);
#1709=ORIENTED_EDGE('',*,*,#1313,.T.);
#1710=ORIENTED_EDGE('',*,*,#1249,.F.);
#1711=ORIENTED_EDGE('',*,*,#1303,.F.);
#1712=ORIENTED_EDGE('',*,*,#1284,.F.);
#1713=ORIENTED_EDGE('',*,*,#1315,.F.);
#1714=ORIENTED_EDGE('',*,*,#1316,.T.);
#1715=ORIENTED_EDGE('',*,*,#1317,.F.);
#1716=ORIENTED_EDGE('',*,*,#1318,.F.);
#1717=ORIENTED_EDGE('',*,*,#1319,.T.);
#1718=ORIENTED_EDGE('',*,*,#1320,.F.);
#1719=ORIENTED_EDGE('',*,*,#1316,.F.);
#1720=ORIENTED_EDGE('',*,*,#1321,.F.);
#1721=ORIENTED_EDGE('',*,*,#1322,.T.);
#1722=ORIENTED_EDGE('',*,*,#1323,.F.);
#1723=ORIENTED_EDGE('',*,*,#1319,.F.);
#1724=ORIENTED_EDGE('',*,*,#1324,.F.);
#1725=ORIENTED_EDGE('',*,*,#1325,.T.);
#1726=ORIENTED_EDGE('',*,*,#1326,.F.);
#1727=ORIENTED_EDGE('',*,*,#1322,.F.);
#1728=ORIENTED_EDGE('',*,*,#1327,.F.);
#1729=ORIENTED_EDGE('',*,*,#1328,.T.);
#1730=ORIENTED_EDGE('',*,*,#1329,.F.);
#1731=ORIENTED_EDGE('',*,*,#1330,.F.);
#1732=ORIENTED_EDGE('',*,*,#1331,.F.);
#1733=ORIENTED_EDGE('',*,*,#1330,.T.);
#1734=ORIENTED_EDGE('',*,*,#1332,.F.);
#1735=ORIENTED_EDGE('',*,*,#1333,.F.);
#1736=ORIENTED_EDGE('',*,*,#1334,.F.);
#1737=ORIENTED_EDGE('',*,*,#1333,.T.);
#1738=ORIENTED_EDGE('',*,*,#1335,.F.);
#1739=ORIENTED_EDGE('',*,*,#1336,.F.);
#1740=ORIENTED_EDGE('',*,*,#1337,.F.);
#1741=ORIENTED_EDGE('',*,*,#1336,.T.);
#1742=ORIENTED_EDGE('',*,*,#1338,.F.);
#1743=ORIENTED_EDGE('',*,*,#1339,.F.);
#1744=ORIENTED_EDGE('',*,*,#1340,.F.);
#1745=ORIENTED_EDGE('',*,*,#1339,.T.);
#1746=ORIENTED_EDGE('',*,*,#1341,.F.);
#1747=ORIENTED_EDGE('',*,*,#1342,.F.);
#1748=ORIENTED_EDGE('',*,*,#1343,.F.);
#1749=ORIENTED_EDGE('',*,*,#1342,.T.);
#1750=ORIENTED_EDGE('',*,*,#1344,.F.);
#1751=ORIENTED_EDGE('',*,*,#1328,.F.);
#1752=ORIENTED_EDGE('',*,*,#1288,.F.);
#1753=ORIENTED_EDGE('',*,*,#1345,.F.);
#1754=ORIENTED_EDGE('',*,*,#1325,.F.);
#1755=ORIENTED_EDGE('',*,*,#1346,.F.);
#1756=ORIENTED_EDGE('',*,*,#1320,.T.);
#1757=ORIENTED_EDGE('',*,*,#1323,.T.);
#1758=ORIENTED_EDGE('',*,*,#1326,.T.);
#1759=ORIENTED_EDGE('',*,*,#1345,.T.);
#1760=ORIENTED_EDGE('',*,*,#1347,.F.);
#1761=ORIENTED_EDGE('',*,*,#1348,.F.);
#1762=ORIENTED_EDGE('',*,*,#1349,.F.);
#1763=ORIENTED_EDGE('',*,*,#1317,.T.);
#1764=ORIENTED_EDGE('',*,*,#1344,.T.);
#1765=ORIENTED_EDGE('',*,*,#1341,.T.);
#1766=ORIENTED_EDGE('',*,*,#1338,.T.);
#1767=ORIENTED_EDGE('',*,*,#1335,.T.);
#1768=ORIENTED_EDGE('',*,*,#1332,.T.);
#1769=ORIENTED_EDGE('',*,*,#1329,.T.);
#1770=ORIENTED_EDGE('',*,*,#1349,.T.);
#1771=ORIENTED_EDGE('',*,*,#1350,.T.);
#1772=ORIENTED_EDGE('',*,*,#1351,.T.);
#1773=ORIENTED_EDGE('',*,*,#1285,.F.);
#1774=ORIENTED_EDGE('',*,*,#1348,.T.);
#1775=ORIENTED_EDGE('',*,*,#1352,.T.);
#1776=ORIENTED_EDGE('',*,*,#1353,.T.);
#1777=ORIENTED_EDGE('',*,*,#1350,.F.);
#1778=ORIENTED_EDGE('',*,*,#1347,.T.);
#1779=ORIENTED_EDGE('',*,*,#1287,.F.);
#1780=ORIENTED_EDGE('',*,*,#1354,.T.);
#1781=ORIENTED_EDGE('',*,*,#1352,.F.);
#1782=ORIENTED_EDGE('',*,*,#1355,.T.);
#1783=ORIENTED_EDGE('',*,*,#1289,.F.);
#1784=ORIENTED_EDGE('',*,*,#1346,.T.);
#1785=ORIENTED_EDGE('',*,*,#1324,.T.);
#1786=ORIENTED_EDGE('',*,*,#1321,.T.);
#1787=ORIENTED_EDGE('',*,*,#1318,.T.);
#1788=ORIENTED_EDGE('',*,*,#1315,.T.);
#1789=ORIENTED_EDGE('',*,*,#1283,.F.);
#1790=ORIENTED_EDGE('',*,*,#1356,.F.);
#1791=ORIENTED_EDGE('',*,*,#1357,.F.);
#1792=ORIENTED_EDGE('',*,*,#1358,.T.);
#1793=ORIENTED_EDGE('',*,*,#1258,.T.);
#1794=ORIENTED_EDGE('',*,*,#1262,.T.);
#1795=ORIENTED_EDGE('',*,*,#1293,.F.);
#1796=ORIENTED_EDGE('',*,*,#1359,.T.);
#1797=ORIENTED_EDGE('',*,*,#1360,.T.);
#1798=ORIENTED_EDGE('',*,*,#1297,.T.);
#1799=ORIENTED_EDGE('',*,*,#1253,.T.);
#1800=ORIENTED_EDGE('',*,*,#1256,.T.);
#1801=ORIENTED_EDGE('',*,*,#1361,.F.);
#1802=ORIENTED_EDGE('',*,*,#1362,.F.);
#1803=ORIENTED_EDGE('',*,*,#1363,.F.);
#1804=ORIENTED_EDGE('',*,*,#1364,.T.);
#1805=ORIENTED_EDGE('',*,*,#1361,.T.);
#1806=ORIENTED_EDGE('',*,*,#1364,.F.);
#1807=ORIENTED_EDGE('',*,*,#1365,.T.);
#1808=ORIENTED_EDGE('',*,*,#1366,.T.);
#1809=ORIENTED_EDGE('',*,*,#1367,.T.);
#1810=ORIENTED_EDGE('',*,*,#1368,.T.);
#1811=ORIENTED_EDGE('',*,*,#1365,.F.);
#1812=ORIENTED_EDGE('',*,*,#1369,.F.);
#1813=ORIENTED_EDGE('',*,*,#1370,.F.);
#1814=ORIENTED_EDGE('',*,*,#1371,.F.);
#1815=ORIENTED_EDGE('',*,*,#1372,.F.);
#1816=ORIENTED_EDGE('',*,*,#1373,.F.);
#1817=ORIENTED_EDGE('',*,*,#1374,.T.);
#1818=ORIENTED_EDGE('',*,*,#1375,.F.);
#1819=ORIENTED_EDGE('',*,*,#1376,.T.);
#1820=ORIENTED_EDGE('',*,*,#1377,.F.);
#1821=ORIENTED_EDGE('',*,*,#1378,.T.);
#1822=ORIENTED_EDGE('',*,*,#1379,.T.);
#1823=ORIENTED_EDGE('',*,*,#1380,.T.);
#1824=ORIENTED_EDGE('',*,*,#1381,.F.);
#1825=ORIENTED_EDGE('',*,*,#1382,.T.);
#1826=ORIENTED_EDGE('',*,*,#1383,.F.);
#1827=ORIENTED_EDGE('',*,*,#1384,.T.);
#1828=ORIENTED_EDGE('',*,*,#1385,.T.);
#1829=ORIENTED_EDGE('',*,*,#1372,.T.);
#1830=ORIENTED_EDGE('',*,*,#1386,.T.);
#1831=ORIENTED_EDGE('',*,*,#1387,.F.);
#1832=ORIENTED_EDGE('',*,*,#1388,.F.);
#1833=ORIENTED_EDGE('',*,*,#1389,.T.);
#1834=ORIENTED_EDGE('',*,*,#1390,.T.);
#1835=ORIENTED_EDGE('',*,*,#1383,.T.);
#1836=ORIENTED_EDGE('',*,*,#1391,.F.);
#1837=ORIENTED_EDGE('',*,*,#1387,.T.);
#1838=ORIENTED_EDGE('',*,*,#1392,.T.);
#1839=ORIENTED_EDGE('',*,*,#1393,.T.);
#1840=ORIENTED_EDGE('',*,*,#1371,.T.);
#1841=ORIENTED_EDGE('',*,*,#1394,.T.);
#1842=ORIENTED_EDGE('',*,*,#1392,.F.);
#1843=ORIENTED_EDGE('',*,*,#1386,.F.);
#1844=ORIENTED_EDGE('',*,*,#1395,.F.);
#1845=ORIENTED_EDGE('',*,*,#1396,.T.);
#1846=ORIENTED_EDGE('',*,*,#1397,.F.);
#1847=ORIENTED_EDGE('',*,*,#1393,.F.);
#1848=ORIENTED_EDGE('',*,*,#1394,.F.);
#1849=ORIENTED_EDGE('',*,*,#1370,.T.);
#1850=ORIENTED_EDGE('',*,*,#1388,.T.);
#1851=ORIENTED_EDGE('',*,*,#1391,.T.);
#1852=ORIENTED_EDGE('',*,*,#1397,.T.);
#1853=ORIENTED_EDGE('',*,*,#1398,.T.);
#1854=ORIENTED_EDGE('',*,*,#1362,.T.);
#1855=ORIENTED_EDGE('',*,*,#1399,.T.);
#1856=ORIENTED_EDGE('',*,*,#1400,.F.);
#1857=ORIENTED_EDGE('',*,*,#1399,.F.);
#1858=ORIENTED_EDGE('',*,*,#1401,.F.);
#1859=ORIENTED_EDGE('',*,*,#1400,.T.);
#1860=ORIENTED_EDGE('',*,*,#1402,.F.);
#1861=ORIENTED_EDGE('',*,*,#1403,.T.);
#1862=ORIENTED_EDGE('',*,*,#1404,.F.);
#1863=ORIENTED_EDGE('',*,*,#1374,.F.);
#1864=ORIENTED_EDGE('',*,*,#1405,.F.);
#1865=ORIENTED_EDGE('',*,*,#1403,.F.);
#1866=ORIENTED_EDGE('',*,*,#1401,.T.);
#1867=ORIENTED_EDGE('',*,*,#1406,.T.);
#1868=ORIENTED_EDGE('',*,*,#1402,.T.);
#1869=ORIENTED_EDGE('',*,*,#1406,.F.);
#1870=ORIENTED_EDGE('',*,*,#1407,.F.);
#1871=ORIENTED_EDGE('',*,*,#1408,.F.);
#1872=ORIENTED_EDGE('',*,*,#1409,.T.);
#1873=ORIENTED_EDGE('',*,*,#1358,.F.);
#1874=ORIENTED_EDGE('',*,*,#1357,.T.);
#1875=ORIENTED_EDGE('',*,*,#1410,.F.);
#1876=ORIENTED_EDGE('',*,*,#1411,.T.);
#1877=ORIENTED_EDGE('',*,*,#1412,.T.);
#1878=ORIENTED_EDGE('',*,*,#1413,.T.);
#1879=ORIENTED_EDGE('',*,*,#1407,.T.);
#1880=ORIENTED_EDGE('',*,*,#1414,.T.);
#1881=ORIENTED_EDGE('',*,*,#1415,.F.);
#1882=ORIENTED_EDGE('',*,*,#1416,.F.);
#1883=ORIENTED_EDGE('',*,*,#1412,.F.);
#1884=ORIENTED_EDGE('',*,*,#1417,.T.);
#1885=ORIENTED_EDGE('',*,*,#1418,.T.);
#1886=ORIENTED_EDGE('',*,*,#1419,.T.);
#1887=ORIENTED_EDGE('',*,*,#1377,.T.);
#1888=ORIENTED_EDGE('',*,*,#1420,.F.);
#1889=ORIENTED_EDGE('',*,*,#1421,.F.);
#1890=ORIENTED_EDGE('',*,*,#1422,.F.);
#1891=ORIENTED_EDGE('',*,*,#1423,.T.);
#1892=ORIENTED_EDGE('',*,*,#1424,.T.);
#1893=ORIENTED_EDGE('',*,*,#1425,.T.);
#1894=ORIENTED_EDGE('',*,*,#1426,.T.);
#1895=ORIENTED_EDGE('',*,*,#1427,.T.);
#1896=ORIENTED_EDGE('',*,*,#1428,.F.);
#1897=ORIENTED_EDGE('',*,*,#1429,.F.);
#1898=ORIENTED_EDGE('',*,*,#1424,.F.);
#1899=ORIENTED_EDGE('',*,*,#1430,.F.);
#1900=ORIENTED_EDGE('',*,*,#1431,.F.);
#1901=ORIENTED_EDGE('',*,*,#1432,.F.);
#1902=ORIENTED_EDGE('',*,*,#1433,.F.);
#1903=ORIENTED_EDGE('',*,*,#1434,.F.);
#1904=ORIENTED_EDGE('',*,*,#1435,.T.);
#1905=ORIENTED_EDGE('',*,*,#1436,.F.);
#1906=ORIENTED_EDGE('',*,*,#1437,.T.);
#1907=ORIENTED_EDGE('',*,*,#1438,.F.);
#1908=ORIENTED_EDGE('',*,*,#1439,.T.);
#1909=ORIENTED_EDGE('',*,*,#1440,.T.);
#1910=ORIENTED_EDGE('',*,*,#1441,.F.);
#1911=ORIENTED_EDGE('',*,*,#1442,.F.);
#1912=ORIENTED_EDGE('',*,*,#1443,.F.);
#1913=ORIENTED_EDGE('',*,*,#1432,.T.);
#1914=ORIENTED_EDGE('',*,*,#1444,.T.);
#1915=ORIENTED_EDGE('',*,*,#1445,.T.);
#1916=ORIENTED_EDGE('',*,*,#1446,.F.);
#1917=ORIENTED_EDGE('',*,*,#1437,.F.);
#1918=ORIENTED_EDGE('',*,*,#1447,.F.);
#1919=ORIENTED_EDGE('',*,*,#1448,.T.);
#1920=ORIENTED_EDGE('',*,*,#1444,.F.);
#1921=ORIENTED_EDGE('',*,*,#1431,.T.);
#1922=ORIENTED_EDGE('',*,*,#1449,.T.);
#1923=ORIENTED_EDGE('',*,*,#1450,.T.);
#1924=ORIENTED_EDGE('',*,*,#1378,.F.);
#1925=ORIENTED_EDGE('',*,*,#1419,.F.);
#1926=ORIENTED_EDGE('',*,*,#1451,.T.);
#1927=ORIENTED_EDGE('',*,*,#1452,.T.);
#1928=ORIENTED_EDGE('',*,*,#1451,.F.);
#1929=ORIENTED_EDGE('',*,*,#1418,.F.);
#1930=ORIENTED_EDGE('',*,*,#1453,.T.);
#1931=ORIENTED_EDGE('',*,*,#1454,.T.);
#1932=ORIENTED_EDGE('',*,*,#1455,.F.);
#1933=ORIENTED_EDGE('',*,*,#1380,.F.);
#1934=ORIENTED_EDGE('',*,*,#1456,.F.);
#1935=ORIENTED_EDGE('',*,*,#1445,.F.);
#1936=ORIENTED_EDGE('',*,*,#1448,.F.);
#1937=ORIENTED_EDGE('',*,*,#1457,.T.);
#1938=ORIENTED_EDGE('',*,*,#1417,.F.);
#1939=ORIENTED_EDGE('',*,*,#1376,.F.);
#1940=ORIENTED_EDGE('',*,*,#1443,.T.);
#1941=ORIENTED_EDGE('',*,*,#1458,.T.);
#1942=ORIENTED_EDGE('',*,*,#1459,.T.);
#1943=ORIENTED_EDGE('',*,*,#1428,.T.);
#1944=ORIENTED_EDGE('',*,*,#1442,.T.);
#1945=ORIENTED_EDGE('',*,*,#1460,.T.);
#1946=ORIENTED_EDGE('',*,*,#1458,.F.);
#1947=ORIENTED_EDGE('',*,*,#1446,.T.);
#1948=ORIENTED_EDGE('',*,*,#1456,.T.);
#1949=ORIENTED_EDGE('',*,*,#1461,.T.);
#1950=ORIENTED_EDGE('',*,*,#1438,.T.);
#1951=ORIENTED_EDGE('',*,*,#1462,.T.);
#1952=ORIENTED_EDGE('',*,*,#1463,.F.);
#1953=ORIENTED_EDGE('',*,*,#1464,.F.);
#1954=ORIENTED_EDGE('',*,*,#1465,.F.);
#1955=ORIENTED_EDGE('',*,*,#1466,.F.);
#1956=ORIENTED_EDGE('',*,*,#1467,.F.);
#1957=ORIENTED_EDGE('',*,*,#1468,.T.);
#1958=ORIENTED_EDGE('',*,*,#1469,.F.);
#1959=ORIENTED_EDGE('',*,*,#1440,.F.);
#1960=ORIENTED_EDGE('',*,*,#1470,.F.);
#1961=ORIENTED_EDGE('',*,*,#1462,.F.);
#1962=ORIENTED_EDGE('',*,*,#1471,.T.);
#1963=ORIENTED_EDGE('',*,*,#1384,.F.);
#1964=ORIENTED_EDGE('',*,*,#1471,.F.);
#1965=ORIENTED_EDGE('',*,*,#1447,.T.);
#1966=ORIENTED_EDGE('',*,*,#1439,.F.);
#1967=ORIENTED_EDGE('',*,*,#1461,.F.);
#1968=ORIENTED_EDGE('',*,*,#1375,.T.);
#1969=ORIENTED_EDGE('',*,*,#1404,.T.);
#1970=ORIENTED_EDGE('',*,*,#1405,.T.);
#1971=ORIENTED_EDGE('',*,*,#1373,.T.);
#1972=ORIENTED_EDGE('',*,*,#1385,.F.);
#1973=ORIENTED_EDGE('',*,*,#1472,.T.);
#1974=ORIENTED_EDGE('',*,*,#1473,.F.);
#1975=ORIENTED_EDGE('',*,*,#1474,.T.);
#1976=ORIENTED_EDGE('',*,*,#1475,.T.);
#1977=ORIENTED_EDGE('',*,*,#1454,.F.);
#1978=ORIENTED_EDGE('',*,*,#1379,.F.);
#1979=ORIENTED_EDGE('',*,*,#1450,.F.);
#1980=ORIENTED_EDGE('',*,*,#1452,.F.);
#1981=ORIENTED_EDGE('',*,*,#1476,.F.);
#1982=ORIENTED_EDGE('',*,*,#1477,.T.);
#1983=ORIENTED_EDGE('',*,*,#1478,.F.);
#1984=ORIENTED_EDGE('',*,*,#1479,.T.);
#1985=ORIENTED_EDGE('',*,*,#1480,.F.);
#1986=ORIENTED_EDGE('',*,*,#1481,.T.);
#1987=ORIENTED_EDGE('',*,*,#1395,.T.);
#1988=ORIENTED_EDGE('',*,*,#1369,.T.);
#1989=ORIENTED_EDGE('',*,*,#1368,.F.);
#1990=ORIENTED_EDGE('',*,*,#1382,.F.);
#1991=ORIENTED_EDGE('',*,*,#1482,.F.);
#1992=ORIENTED_EDGE('',*,*,#1483,.F.);
#1993=ORIENTED_EDGE('',*,*,#1484,.T.);
#1994=ORIENTED_EDGE('',*,*,#1366,.F.);
#1995=ORIENTED_EDGE('',*,*,#1435,.F.);
#1996=ORIENTED_EDGE('',*,*,#1485,.F.);
#1997=ORIENTED_EDGE('',*,*,#1486,.F.);
#1998=ORIENTED_EDGE('',*,*,#1487,.F.);
#1999=ORIENTED_EDGE('',*,*,#1488,.T.);
#2000=ORIENTED_EDGE('',*,*,#1483,.T.);
#2001=ORIENTED_EDGE('',*,*,#1489,.T.);
#2002=ORIENTED_EDGE('',*,*,#1490,.T.);
#2003=ORIENTED_EDGE('',*,*,#1491,.T.);
#2004=ORIENTED_EDGE('',*,*,#1492,.F.);
#2005=ORIENTED_EDGE('',*,*,#1493,.F.);
#2006=ORIENTED_EDGE('',*,*,#1494,.F.);
#2007=ORIENTED_EDGE('',*,*,#1495,.T.);
#2008=ORIENTED_EDGE('',*,*,#1298,.T.);
#2009=ORIENTED_EDGE('',*,*,#1360,.F.);
#2010=ORIENTED_EDGE('',*,*,#1496,.F.);
#2011=ORIENTED_EDGE('',*,*,#1290,.F.);
#2012=ORIENTED_EDGE('',*,*,#1355,.F.);
#2013=ORIENTED_EDGE('',*,*,#1409,.F.);
#2014=ORIENTED_EDGE('',*,*,#1296,.F.);
#2015=ORIENTED_EDGE('',*,*,#1309,.T.);
#2016=ORIENTED_EDGE('',*,*,#1304,.T.);
#2017=ORIENTED_EDGE('',*,*,#1299,.T.);
#2018=ORIENTED_EDGE('',*,*,#1495,.F.);
#2019=ORIENTED_EDGE('',*,*,#1497,.F.);
#2020=ORIENTED_EDGE('',*,*,#1268,.T.);
#2021=ORIENTED_EDGE('',*,*,#1498,.F.);
#2022=ORIENTED_EDGE('',*,*,#1499,.T.);
#2023=ORIENTED_EDGE('',*,*,#1500,.F.);
#2024=ORIENTED_EDGE('',*,*,#1474,.F.);
#2025=ORIENTED_EDGE('',*,*,#1501,.F.);
#2026=ORIENTED_EDGE('',*,*,#1502,.F.);
#2027=ORIENTED_EDGE('',*,*,#1503,.F.);
#2028=ORIENTED_EDGE('',*,*,#1504,.F.);
#2029=ORIENTED_EDGE('',*,*,#1505,.T.);
#2030=ORIENTED_EDGE('',*,*,#1498,.T.);
#2031=ORIENTED_EDGE('',*,*,#1473,.T.);
#2032=ORIENTED_EDGE('',*,*,#1506,.T.);
#2033=ORIENTED_EDGE('',*,*,#1507,.T.);
#2034=ORIENTED_EDGE('',*,*,#1508,.T.);
#2035=ORIENTED_EDGE('',*,*,#1501,.T.);
#2036=ORIENTED_EDGE('',*,*,#1472,.F.);
#2037=ORIENTED_EDGE('',*,*,#1509,.T.);
#2038=ORIENTED_EDGE('',*,*,#1510,.T.);
#2039=ORIENTED_EDGE('',*,*,#1511,.F.);
#2040=ORIENTED_EDGE('',*,*,#1512,.F.);
#2041=ORIENTED_EDGE('',*,*,#1513,.F.);
#2042=ORIENTED_EDGE('',*,*,#1506,.F.);
#2043=ORIENTED_EDGE('',*,*,#1478,.T.);
#2044=ORIENTED_EDGE('',*,*,#1514,.T.);
#2045=ORIENTED_EDGE('',*,*,#1515,.F.);
#2046=ORIENTED_EDGE('',*,*,#1516,.F.);
#2047=ORIENTED_EDGE('',*,*,#1517,.T.);
#2048=ORIENTED_EDGE('',*,*,#1509,.F.);
#2049=ORIENTED_EDGE('',*,*,#1477,.F.);
#2050=ORIENTED_EDGE('',*,*,#1518,.F.);
#2051=ORIENTED_EDGE('',*,*,#1515,.T.);
#2052=ORIENTED_EDGE('',*,*,#1519,.F.);
#2053=ORIENTED_EDGE('',*,*,#1423,.F.);
#2054=ORIENTED_EDGE('',*,*,#1520,.F.);
#2055=ORIENTED_EDGE('',*,*,#1521,.F.);
#2056=ORIENTED_EDGE('',*,*,#1522,.T.);
#2057=ORIENTED_EDGE('',*,*,#1415,.T.);
#2058=ORIENTED_EDGE('',*,*,#1523,.T.);
#2059=ORIENTED_EDGE('',*,*,#1486,.T.);
#2060=ORIENTED_EDGE('',*,*,#1524,.T.);
#2061=ORIENTED_EDGE('',*,*,#1467,.T.);
#2062=ORIENTED_EDGE('',*,*,#1525,.T.);
#2063=ORIENTED_EDGE('',*,*,#1526,.T.);
#2064=ORIENTED_EDGE('',*,*,#1520,.T.);
#2065=ORIENTED_EDGE('',*,*,#1466,.T.);
#2066=ORIENTED_EDGE('',*,*,#1525,.F.);
#2067=ORIENTED_EDGE('',*,*,#1465,.T.);
#2068=ORIENTED_EDGE('',*,*,#1464,.T.);
#2069=ORIENTED_EDGE('',*,*,#1463,.T.);
#2070=ORIENTED_EDGE('',*,*,#1527,.F.);
#2071=ORIENTED_EDGE('',*,*,#1528,.F.);
#2072=ORIENTED_EDGE('',*,*,#1529,.T.);
#2073=ORIENTED_EDGE('',*,*,#1530,.T.);
#2074=ORIENTED_EDGE('',*,*,#1531,.T.);
#2075=ORIENTED_EDGE('',*,*,#1532,.T.);
#2076=ORIENTED_EDGE('',*,*,#1533,.T.);
#2077=ORIENTED_EDGE('',*,*,#1516,.T.);
#2078=ORIENTED_EDGE('',*,*,#1518,.T.);
#2079=ORIENTED_EDGE('',*,*,#1422,.T.);
#2080=ORIENTED_EDGE('',*,*,#1534,.F.);
#2081=ORIENTED_EDGE('',*,*,#1535,.F.);
#2082=ORIENTED_EDGE('',*,*,#1529,.F.);
#2083=ORIENTED_EDGE('',*,*,#1421,.T.);
#2084=ORIENTED_EDGE('',*,*,#1536,.T.);
#2085=ORIENTED_EDGE('',*,*,#1537,.F.);
#2086=ORIENTED_EDGE('',*,*,#1538,.T.);
#2087=ORIENTED_EDGE('',*,*,#1539,.T.);
#2088=ORIENTED_EDGE('',*,*,#1534,.T.);
#2089=ORIENTED_EDGE('',*,*,#1420,.T.);
#2090=ORIENTED_EDGE('',*,*,#1519,.T.);
#2091=ORIENTED_EDGE('',*,*,#1514,.F.);
#2092=ORIENTED_EDGE('',*,*,#1476,.T.);
#2093=ORIENTED_EDGE('',*,*,#1453,.F.);
#2094=ORIENTED_EDGE('',*,*,#1457,.F.);
#2095=ORIENTED_EDGE('',*,*,#1449,.F.);
#2096=ORIENTED_EDGE('',*,*,#1430,.T.);
#2097=ORIENTED_EDGE('',*,*,#1540,.T.);
#2098=ORIENTED_EDGE('',*,*,#1541,.F.);
#2099=ORIENTED_EDGE('',*,*,#1536,.F.);
#2100=ORIENTED_EDGE('',*,*,#1427,.F.);
#2101=ORIENTED_EDGE('',*,*,#1542,.T.);
#2102=ORIENTED_EDGE('',*,*,#1543,.T.);
#2103=ORIENTED_EDGE('',*,*,#1544,.F.);
#2104=ORIENTED_EDGE('',*,*,#1540,.F.);
#2105=ORIENTED_EDGE('',*,*,#1426,.F.);
#2106=ORIENTED_EDGE('',*,*,#1545,.T.);
#2107=ORIENTED_EDGE('',*,*,#1546,.F.);
#2108=ORIENTED_EDGE('',*,*,#1542,.F.);
#2109=ORIENTED_EDGE('',*,*,#1425,.F.);
#2110=ORIENTED_EDGE('',*,*,#1429,.T.);
#2111=ORIENTED_EDGE('',*,*,#1459,.F.);
#2112=ORIENTED_EDGE('',*,*,#1460,.F.);
#2113=ORIENTED_EDGE('',*,*,#1441,.T.);
#2114=ORIENTED_EDGE('',*,*,#1469,.T.);
#2115=ORIENTED_EDGE('',*,*,#1547,.T.);
#2116=ORIENTED_EDGE('',*,*,#1548,.F.);
#2117=ORIENTED_EDGE('',*,*,#1549,.F.);
#2118=ORIENTED_EDGE('',*,*,#1277,.F.);
#2119=ORIENTED_EDGE('',*,*,#1550,.T.);
#2120=ORIENTED_EDGE('',*,*,#1551,.F.);
#2121=ORIENTED_EDGE('',*,*,#1552,.T.);
#2122=ORIENTED_EDGE('',*,*,#1545,.F.);
#2123=ORIENTED_EDGE('',*,*,#1292,.T.);
#2124=ORIENTED_EDGE('',*,*,#1553,.F.);
#2125=ORIENTED_EDGE('',*,*,#1493,.T.);
#2126=ORIENTED_EDGE('',*,*,#1359,.F.);
#2127=ORIENTED_EDGE('',*,*,#1496,.T.);
#2128=ORIENTED_EDGE('',*,*,#1408,.T.);
#2129=ORIENTED_EDGE('',*,*,#1413,.F.);
#2130=ORIENTED_EDGE('',*,*,#1416,.T.);
#2131=ORIENTED_EDGE('',*,*,#1522,.F.);
#2132=ORIENTED_EDGE('',*,*,#1554,.F.);
#2133=ORIENTED_EDGE('',*,*,#1555,.F.);
#2134=ORIENTED_EDGE('',*,*,#1556,.F.);
#2135=ORIENTED_EDGE('',*,*,#1557,.T.);
#2136=ORIENTED_EDGE('',*,*,#1490,.F.);
#2137=ORIENTED_EDGE('',*,*,#1558,.F.);
#2138=ORIENTED_EDGE('',*,*,#1269,.F.);
#2139=ORIENTED_EDGE('',*,*,#1497,.T.);
#2140=ORIENTED_EDGE('',*,*,#1494,.T.);
#2141=ORIENTED_EDGE('',*,*,#1553,.T.);
#2142=ORIENTED_EDGE('',*,*,#1291,.F.);
#2143=ORIENTED_EDGE('',*,*,#1314,.T.);
#2144=ORIENTED_EDGE('',*,*,#1302,.T.);
#2145=ORIENTED_EDGE('',*,*,#1306,.T.);
#2146=ORIENTED_EDGE('',*,*,#1308,.T.);
#2147=ORIENTED_EDGE('',*,*,#1311,.T.);
#2148=ORIENTED_EDGE('',*,*,#1312,.T.);
#2149=ORIENTED_EDGE('',*,*,#1343,.T.);
#2150=ORIENTED_EDGE('',*,*,#1327,.T.);
#2151=ORIENTED_EDGE('',*,*,#1331,.T.);
#2152=ORIENTED_EDGE('',*,*,#1334,.T.);
#2153=ORIENTED_EDGE('',*,*,#1337,.T.);
#2154=ORIENTED_EDGE('',*,*,#1340,.T.);
#2155=ORIENTED_EDGE('',*,*,#1559,.T.);
#2156=ORIENTED_EDGE('',*,*,#1270,.T.);
#2157=ORIENTED_EDGE('',*,*,#1558,.T.);
#2158=ORIENTED_EDGE('',*,*,#1489,.F.);
#2159=ORIENTED_EDGE('',*,*,#1482,.T.);
#2160=ORIENTED_EDGE('',*,*,#1381,.T.);
#2161=ORIENTED_EDGE('',*,*,#1455,.T.);
#2162=ORIENTED_EDGE('',*,*,#1503,.T.);
#2163=ORIENTED_EDGE('',*,*,#1560,.T.);
#2164=ORIENTED_EDGE('',*,*,#1561,.F.);
#2165=ORIENTED_EDGE('',*,*,#1504,.T.);
#2166=ORIENTED_EDGE('',*,*,#1561,.T.);
#2167=ORIENTED_EDGE('',*,*,#1562,.T.);
#2168=ORIENTED_EDGE('',*,*,#1511,.T.);
#2169=ORIENTED_EDGE('',*,*,#1563,.F.);
#2170=ORIENTED_EDGE('',*,*,#1512,.T.);
#2171=ORIENTED_EDGE('',*,*,#1562,.F.);
#2172=ORIENTED_EDGE('',*,*,#1564,.T.);
#2173=ORIENTED_EDGE('',*,*,#1513,.T.);
#2174=ORIENTED_EDGE('',*,*,#1565,.T.);
#2175=ORIENTED_EDGE('',*,*,#1507,.F.);
#2176=ORIENTED_EDGE('',*,*,#1502,.T.);
#2177=ORIENTED_EDGE('',*,*,#1508,.F.);
#2178=ORIENTED_EDGE('',*,*,#1566,.T.);
#2179=ORIENTED_EDGE('',*,*,#1566,.F.);
#2180=ORIENTED_EDGE('',*,*,#1565,.F.);
#2181=ORIENTED_EDGE('',*,*,#1564,.F.);
#2182=ORIENTED_EDGE('',*,*,#1567,.T.);
#2183=ORIENTED_EDGE('',*,*,#1568,.T.);
#2184=ORIENTED_EDGE('',*,*,#1567,.F.);
#2185=ORIENTED_EDGE('',*,*,#1560,.F.);
#2186=ORIENTED_EDGE('',*,*,#1569,.F.);
#2187=ORIENTED_EDGE('',*,*,#1555,.T.);
#2188=ORIENTED_EDGE('',*,*,#1570,.F.);
#2189=ORIENTED_EDGE('',*,*,#1571,.F.);
#2190=ORIENTED_EDGE('',*,*,#1568,.F.);
#2191=ORIENTED_EDGE('',*,*,#1572,.T.);
#2192=ORIENTED_EDGE('',*,*,#1517,.F.);
#2193=ORIENTED_EDGE('',*,*,#1533,.F.);
#2194=ORIENTED_EDGE('',*,*,#1573,.T.);
#2195=ORIENTED_EDGE('',*,*,#1574,.F.);
#2196=ORIENTED_EDGE('',*,*,#1272,.F.);
#2197=ORIENTED_EDGE('',*,*,#1575,.F.);
#2198=ORIENTED_EDGE('',*,*,#1499,.F.);
#2199=ORIENTED_EDGE('',*,*,#1505,.F.);
#2200=ORIENTED_EDGE('',*,*,#1563,.T.);
#2201=ORIENTED_EDGE('',*,*,#1510,.F.);
#2202=ORIENTED_EDGE('',*,*,#1275,.T.);
#2203=ORIENTED_EDGE('',*,*,#1576,.T.);
#2204=ORIENTED_EDGE('',*,*,#1577,.T.);
#2205=ORIENTED_EDGE('',*,*,#1578,.T.);
#2206=ORIENTED_EDGE('',*,*,#1579,.T.);
#2207=ORIENTED_EDGE('',*,*,#1580,.T.);
#2208=ORIENTED_EDGE('',*,*,#1577,.F.);
#2209=ORIENTED_EDGE('',*,*,#1581,.T.);
#2210=ORIENTED_EDGE('',*,*,#1273,.T.);
#2211=ORIENTED_EDGE('',*,*,#1574,.T.);
#2212=ORIENTED_EDGE('',*,*,#1579,.F.);
#2213=ORIENTED_EDGE('',*,*,#1582,.T.);
#2214=ORIENTED_EDGE('',*,*,#1582,.F.);
#2215=ORIENTED_EDGE('',*,*,#1581,.F.);
#2216=ORIENTED_EDGE('',*,*,#1576,.F.);
#2217=ORIENTED_EDGE('',*,*,#1274,.F.);
#2218=ORIENTED_EDGE('',*,*,#1583,.F.);
#2219=ORIENTED_EDGE('',*,*,#1281,.T.);
#2220=ORIENTED_EDGE('',*,*,#1584,.T.);
#2221=ORIENTED_EDGE('',*,*,#1436,.T.);
#2222=ORIENTED_EDGE('',*,*,#1487,.T.);
#2223=ORIENTED_EDGE('',*,*,#1523,.F.);
#2224=ORIENTED_EDGE('',*,*,#1414,.F.);
#2225=ORIENTED_EDGE('',*,*,#1411,.F.);
#2226=ORIENTED_EDGE('',*,*,#1585,.T.);
#2227=ORIENTED_EDGE('',*,*,#1586,.T.);
#2228=ORIENTED_EDGE('',*,*,#1527,.T.);
#2229=ORIENTED_EDGE('',*,*,#1470,.T.);
#2230=ORIENTED_EDGE('',*,*,#1390,.F.);
#2231=ORIENTED_EDGE('',*,*,#1500,.T.);
#2232=ORIENTED_EDGE('',*,*,#1575,.T.);
#2233=ORIENTED_EDGE('',*,*,#1271,.F.);
#2234=ORIENTED_EDGE('',*,*,#1559,.F.);
#2235=ORIENTED_EDGE('',*,*,#1475,.F.);
#2236=ORIENTED_EDGE('',*,*,#1572,.F.);
#2237=ORIENTED_EDGE('',*,*,#1587,.T.);
#2238=ORIENTED_EDGE('',*,*,#1588,.F.);
#2239=ORIENTED_EDGE('',*,*,#1587,.F.);
#2240=ORIENTED_EDGE('',*,*,#1589,.F.);
#2241=ORIENTED_EDGE('',*,*,#1586,.F.);
#2242=ORIENTED_EDGE('',*,*,#1590,.F.);
#2243=ORIENTED_EDGE('',*,*,#1556,.T.);
#2244=ORIENTED_EDGE('',*,*,#1569,.T.);
#2245=ORIENTED_EDGE('',*,*,#1590,.T.);
#2246=ORIENTED_EDGE('',*,*,#1591,.T.);
#2247=ORIENTED_EDGE('',*,*,#1592,.F.);
#2248=ORIENTED_EDGE('',*,*,#1526,.F.);
#2249=ORIENTED_EDGE('',*,*,#1593,.F.);
#2250=ORIENTED_EDGE('',*,*,#1589,.T.);
#2251=ORIENTED_EDGE('',*,*,#1571,.T.);
#2252=ORIENTED_EDGE('',*,*,#1593,.T.);
#2253=ORIENTED_EDGE('',*,*,#1528,.T.);
#2254=ORIENTED_EDGE('',*,*,#1554,.T.);
#2255=ORIENTED_EDGE('',*,*,#1521,.T.);
#2256=ORIENTED_EDGE('',*,*,#1592,.T.);
#2257=ORIENTED_EDGE('',*,*,#1570,.T.);
#2258=ORIENTED_EDGE('',*,*,#1552,.F.);
#2259=ORIENTED_EDGE('',*,*,#1594,.T.);
#2260=ORIENTED_EDGE('',*,*,#1543,.F.);
#2261=ORIENTED_EDGE('',*,*,#1546,.T.);
#2262=ORIENTED_EDGE('',*,*,#1266,.F.);
#2263=ORIENTED_EDGE('',*,*,#1294,.F.);
#2264=ORIENTED_EDGE('',*,*,#1260,.F.);
#2265=ORIENTED_EDGE('',*,*,#1264,.F.);
#2266=ORIENTED_EDGE('',*,*,#1354,.F.);
#2267=ORIENTED_EDGE('',*,*,#1286,.F.);
#2268=ORIENTED_EDGE('',*,*,#1351,.F.);
#2269=ORIENTED_EDGE('',*,*,#1353,.F.);
#2270=ORIENTED_EDGE('',*,*,#1584,.F.);
#2271=ORIENTED_EDGE('',*,*,#1280,.T.);
#2272=ORIENTED_EDGE('',*,*,#1595,.F.);
#2273=ORIENTED_EDGE('',*,*,#1433,.T.);
#2274=ORIENTED_EDGE('',*,*,#1595,.T.);
#2275=ORIENTED_EDGE('',*,*,#1279,.T.);
#2276=ORIENTED_EDGE('',*,*,#1596,.F.);
#2277=ORIENTED_EDGE('',*,*,#1547,.F.);
#2278=ORIENTED_EDGE('',*,*,#1468,.F.);
#2279=ORIENTED_EDGE('',*,*,#1524,.F.);
#2280=ORIENTED_EDGE('',*,*,#1485,.T.);
#2281=ORIENTED_EDGE('',*,*,#1434,.T.);
#2282=ORIENTED_EDGE('',*,*,#1356,.T.);
#2283=ORIENTED_EDGE('',*,*,#1282,.T.);
#2284=ORIENTED_EDGE('',*,*,#1583,.T.);
#2285=ORIENTED_EDGE('',*,*,#1410,.T.);
#2286=ORIENTED_EDGE('',*,*,#1596,.T.);
#2287=ORIENTED_EDGE('',*,*,#1278,.T.);
#2288=ORIENTED_EDGE('',*,*,#1549,.T.);
#2289=ORIENTED_EDGE('',*,*,#1548,.T.);
#2290=ORIENTED_EDGE('',*,*,#1594,.F.);
#2291=ORIENTED_EDGE('',*,*,#1551,.T.);
#2292=ORIENTED_EDGE('',*,*,#1597,.T.);
#2293=ORIENTED_EDGE('',*,*,#1537,.T.);
#2294=ORIENTED_EDGE('',*,*,#1541,.T.);
#2295=ORIENTED_EDGE('',*,*,#1544,.T.);
#2296=ORIENTED_EDGE('',*,*,#1588,.T.);
#2297=ORIENTED_EDGE('',*,*,#1580,.F.);
#2298=ORIENTED_EDGE('',*,*,#1573,.F.);
#2299=ORIENTED_EDGE('',*,*,#1532,.F.);
#2300=ORIENTED_EDGE('',*,*,#1598,.T.);
#2301=ORIENTED_EDGE('',*,*,#1578,.F.);
#2302=ORIENTED_EDGE('',*,*,#1598,.F.);
#2303=ORIENTED_EDGE('',*,*,#1531,.F.);
#2304=ORIENTED_EDGE('',*,*,#1599,.T.);
#2305=ORIENTED_EDGE('',*,*,#1538,.F.);
#2306=ORIENTED_EDGE('',*,*,#1597,.F.);
#2307=ORIENTED_EDGE('',*,*,#1550,.F.);
#2308=ORIENTED_EDGE('',*,*,#1276,.F.);
#2309=ORIENTED_EDGE('',*,*,#1539,.F.);
#2310=ORIENTED_EDGE('',*,*,#1599,.F.);
#2311=ORIENTED_EDGE('',*,*,#1530,.F.);
#2312=ORIENTED_EDGE('',*,*,#1535,.T.);
#2313=ORIENTED_EDGE('',*,*,#1600,.F.);
#2314=ORIENTED_EDGE('',*,*,#1491,.F.);
#2315=ORIENTED_EDGE('',*,*,#1557,.F.);
#2316=ORIENTED_EDGE('',*,*,#1591,.F.);
#2317=ORIENTED_EDGE('',*,*,#1585,.F.);
#2318=ORIENTED_EDGE('',*,*,#1389,.F.);
#2319=ORIENTED_EDGE('',*,*,#1398,.F.);
#2320=ORIENTED_EDGE('',*,*,#1396,.F.);
#2321=ORIENTED_EDGE('',*,*,#1481,.F.);
#2322=ORIENTED_EDGE('',*,*,#1363,.T.);
#2323=ORIENTED_EDGE('',*,*,#1601,.T.);
#2324=ORIENTED_EDGE('',*,*,#1492,.T.);
#2325=ORIENTED_EDGE('',*,*,#1600,.T.);
#2326=ORIENTED_EDGE('',*,*,#1480,.T.);
#2327=ORIENTED_EDGE('',*,*,#1488,.F.);
#2328=ORIENTED_EDGE('',*,*,#1601,.F.);
#2329=ORIENTED_EDGE('',*,*,#1479,.F.);
#2330=ORIENTED_EDGE('',*,*,#1367,.F.);
#2331=ORIENTED_EDGE('',*,*,#1484,.F.);
#2332=PLANE('',#2579);
#2333=PLANE('',#2580);
#2334=PLANE('',#2581);
#2335=PLANE('',#2582);
#2336=PLANE('',#2583);
#2337=PLANE('',#2584);
#2338=PLANE('',#2585);
#2339=PLANE('',#2586);
#2340=PLANE('',#2587);
#2341=PLANE('',#2588);
#2342=PLANE('',#2589);
#2343=PLANE('',#2590);
#2344=PLANE('',#2591);
#2345=PLANE('',#2592);
#2346=PLANE('',#2593);
#2347=PLANE('',#2594);
#2348=PLANE('',#2595);
#2349=PLANE('',#2596);
#2350=PLANE('',#2597);
#2351=PLANE('',#2598);
#2352=PLANE('',#2599);
#2353=PLANE('',#2600);
#2354=PLANE('',#2601);
#2355=PLANE('',#2602);
#2356=PLANE('',#2603);
#2357=PLANE('',#2604);
#2358=PLANE('',#2605);
#2359=PLANE('',#2606);
#2360=PLANE('',#2607);
#2361=PLANE('',#2608);
#2362=PLANE('',#2609);
#2363=PLANE('',#2610);
#2364=PLANE('',#2611);
#2365=PLANE('',#2612);
#2366=PLANE('',#2617);
#2367=PLANE('',#2618);
#2368=PLANE('',#2620);
#2369=PLANE('',#2621);
#2370=PLANE('',#2622);
#2371=PLANE('',#2623);
#2372=PLANE('',#2624);
#2373=PLANE('',#2625);
#2374=PLANE('',#2628);
#2375=PLANE('',#2635);
#2376=PLANE('',#2636);
#2377=PLANE('',#2637);
#2378=PLANE('',#2638);
#2379=PLANE('',#2639);
#2380=PLANE('',#2640);
#2381=PLANE('',#2641);
#2382=PLANE('',#2642);
#2383=PLANE('',#2643);
#2384=PLANE('',#2644);
#2385=PLANE('',#2645);
#2386=PLANE('',#2646);
#2387=PLANE('',#2647);
#2388=PLANE('',#2648);
#2389=PLANE('',#2649);
#2390=PLANE('',#2650);
#2391=PLANE('',#2651);
#2392=PLANE('',#2652);
#2393=PLANE('',#2653);
#2394=PLANE('',#2654);
#2395=PLANE('',#2655);
#2396=PLANE('',#2656);
#2397=PLANE('',#2657);
#2398=PLANE('',#2658);
#2399=PLANE('',#2659);
#2400=PLANE('',#2660);
#2401=PLANE('',#2661);
#2402=PLANE('',#2662);
#2403=PLANE('',#2663);
#2404=PLANE('',#2664);
#2405=PLANE('',#2665);
#2406=PLANE('',#2667);
#2407=PLANE('',#2668);
#2408=PLANE('',#2670);
#2409=PLANE('',#2674);
#2410=PLANE('',#2675);
#2411=PLANE('',#2676);
#2412=PLANE('',#2682);
#2413=PLANE('',#2684);
#2414=PLANE('',#2685);
#2415=PLANE('',#2686);
#2416=PLANE('',#2687);
#2417=PLANE('',#2689);
#2418=PLANE('',#2690);
#2419=PLANE('',#2691);
#2420=PLANE('',#2692);
#2421=PLANE('',#2694);
#2422=PLANE('',#2695);
#2423=PLANE('',#2697);
#2424=PLANE('',#2699);
#2425=PLANE('',#2703);
#2426=PLANE('',#2711);
#2427=PLANE('',#2714);
#2428=PLANE('',#2715);
#2429=PLANE('',#2716);
#2430=PLANE('',#2717);
#2431=PLANE('',#2720);
#2432=PLANE('',#2721);
#2433=PLANE('',#2722);
#2434=PLANE('',#2723);
#2435=PLANE('',#2724);
#2436=PLANE('',#2725);
#2437=PLANE('',#2726);
#2438=PLANE('',#2727);
#2439=PLANE('',#2728);
#2440=PLANE('',#2729);
#2441=PLANE('',#2730);
#2442=PLANE('',#2731);
#2443=PLANE('',#2732);
#2444=PLANE('',#2733);
#2445=PLANE('',#2735);
#2446=PLANE('',#2736);
#2447=PLANE('',#2740);
#2448=ADVANCED_FACE('',(#73),#2332,.T.);
#2449=ADVANCED_FACE('',(#74),#2333,.F.);
#2450=ADVANCED_FACE('',(#75),#2334,.F.);
#2451=ADVANCED_FACE('',(#76),#2335,.F.);
#2452=ADVANCED_FACE('',(#77),#2336,.F.);
#2453=ADVANCED_FACE('',(#78),#2337,.F.);
#2454=ADVANCED_FACE('',(#79),#2338,.F.);
#2455=ADVANCED_FACE('',(#80),#2339,.T.);
#2456=ADVANCED_FACE('',(#81),#2340,.T.);
#2457=ADVANCED_FACE('',(#82),#2341,.T.);
#2458=ADVANCED_FACE('',(#83),#2342,.T.);
#2459=ADVANCED_FACE('',(#84),#2343,.T.);
#2460=ADVANCED_FACE('',(#85),#2344,.T.);
#2461=ADVANCED_FACE('',(#86),#2345,.T.);
#2462=ADVANCED_FACE('',(#87),#2346,.T.);
#2463=ADVANCED_FACE('',(#88),#2347,.T.);
#2464=ADVANCED_FACE('',(#89),#2348,.T.);
#2465=ADVANCED_FACE('',(#90),#2349,.T.);
#2466=ADVANCED_FACE('',(#91),#2350,.T.);
#2467=ADVANCED_FACE('',(#92),#2351,.T.);
#2468=ADVANCED_FACE('',(#93),#2352,.T.);
#2469=ADVANCED_FACE('',(#94),#2353,.T.);
#2470=ADVANCED_FACE('',(#95),#2354,.T.);
#2471=ADVANCED_FACE('',(#96),#2355,.T.);
#2472=ADVANCED_FACE('',(#97),#2356,.T.);
#2473=ADVANCED_FACE('',(#98),#2357,.T.);
#2474=ADVANCED_FACE('',(#99),#2358,.T.);
#2475=ADVANCED_FACE('',(#100,#61),#2359,.T.);
#2476=ADVANCED_FACE('',(#101),#2360,.F.);
#2477=ADVANCED_FACE('',(#102),#2361,.F.);
#2478=ADVANCED_FACE('',(#103),#2362,.F.);
#2479=ADVANCED_FACE('',(#104),#2363,.T.);
#2480=ADVANCED_FACE('',(#105),#2364,.T.);
#2481=ADVANCED_FACE('',(#106,#62),#2365,.T.);
#2482=ADVANCED_FACE('',(#107),#18,.F.);
#2483=ADVANCED_FACE('',(#108),#2366,.T.);
#2484=ADVANCED_FACE('',(#109),#2367,.T.);
#2485=ADVANCED_FACE('',(#110),#2368,.T.);
#2486=ADVANCED_FACE('',(#111),#2369,.T.);
#2487=ADVANCED_FACE('',(#112),#2370,.T.);
#2488=ADVANCED_FACE('',(#113),#2371,.T.);
#2489=ADVANCED_FACE('',(#114),#2372,.T.);
#2490=ADVANCED_FACE('',(#115),#2373,.T.);
#2491=ADVANCED_FACE('',(#116),#19,.F.);
#2492=ADVANCED_FACE('',(#117,#63),#2374,.F.);
#2493=ADVANCED_FACE('',(#118),#20,.T.);
#2494=ADVANCED_FACE('',(#119),#15,.T.);
#2495=ADVANCED_FACE('',(#120),#2375,.T.);
#2496=ADVANCED_FACE('',(#121),#2376,.T.);
#2497=ADVANCED_FACE('',(#122),#2377,.F.);
#2498=ADVANCED_FACE('',(#123),#2378,.T.);
#2499=ADVANCED_FACE('',(#124),#2379,.F.);
#2500=ADVANCED_FACE('',(#125),#2380,.T.);
#2501=ADVANCED_FACE('',(#126),#2381,.F.);
#2502=ADVANCED_FACE('',(#127),#2382,.F.);
#2503=ADVANCED_FACE('',(#128),#2383,.T.);
#2504=ADVANCED_FACE('',(#129),#2384,.T.);
#2505=ADVANCED_FACE('',(#130),#2385,.T.);
#2506=ADVANCED_FACE('',(#131),#2386,.T.);
#2507=ADVANCED_FACE('',(#132),#2387,.T.);
#2508=ADVANCED_FACE('',(#133),#2388,.T.);
#2509=ADVANCED_FACE('',(#134),#2389,.F.);
#2510=ADVANCED_FACE('',(#135),#2390,.T.);
#2511=ADVANCED_FACE('',(#136),#2391,.T.);
#2512=ADVANCED_FACE('',(#137),#2392,.T.);
#2513=ADVANCED_FACE('',(#138),#2393,.F.);
#2514=ADVANCED_FACE('',(#139),#2394,.T.);
#2515=ADVANCED_FACE('',(#140),#2395,.T.);
#2516=ADVANCED_FACE('',(#141),#2396,.T.);
#2517=ADVANCED_FACE('',(#142),#2397,.F.);
#2518=ADVANCED_FACE('',(#143),#2398,.F.);
#2519=ADVANCED_FACE('',(#144),#2399,.F.);
#2520=ADVANCED_FACE('',(#145),#2400,.F.);
#2521=ADVANCED_FACE('',(#146),#2401,.T.);
#2522=ADVANCED_FACE('',(#147),#2402,.T.);
#2523=ADVANCED_FACE('',(#148),#2403,.T.);
#2524=ADVANCED_FACE('',(#149),#2404,.F.);
#2525=ADVANCED_FACE('',(#150),#2405,.F.);
#2526=ADVANCED_FACE('',(#151),#2406,.F.);
#2527=ADVANCED_FACE('',(#152),#2407,.T.);
#2528=ADVANCED_FACE('',(#153),#2408,.F.);
#2529=ADVANCED_FACE('',(#154),#21,.F.);
#2530=ADVANCED_FACE('',(#155),#2409,.T.);
#2531=ADVANCED_FACE('',(#156),#2410,.T.);
#2532=ADVANCED_FACE('',(#157,#64),#2411,.T.);
#2533=ADVANCED_FACE('',(#158),#22,.F.);
#2534=ADVANCED_FACE('',(#159),#2412,.T.);
#2535=ADVANCED_FACE('',(#160),#2413,.T.);
#2536=ADVANCED_FACE('',(#161),#2414,.T.);
#2537=ADVANCED_FACE('',(#162),#2415,.T.);
#2538=ADVANCED_FACE('',(#163),#2416,.T.);
#2539=ADVANCED_FACE('',(#164),#2417,.T.);
#2540=ADVANCED_FACE('',(#165,#65,#66),#2418,.F.);
#2541=ADVANCED_FACE('',(#166),#2419,.T.);
#2542=ADVANCED_FACE('',(#167),#2420,.F.);
#2543=ADVANCED_FACE('',(#168),#2421,.F.);
#2544=ADVANCED_FACE('',(#169),#2422,.F.);
#2545=ADVANCED_FACE('',(#170),#2423,.F.);
#2546=ADVANCED_FACE('',(#171),#2424,.F.);
#2547=ADVANCED_FACE('',(#172),#23,.F.);
#2548=ADVANCED_FACE('',(#173,#67,#68),#2425,.T.);
#2549=ADVANCED_FACE('',(#174),#24,.F.);
#2550=ADVANCED_FACE('',(#175),#16,.F.);
#2551=ADVANCED_FACE('',(#176),#2426,.T.);
#2552=ADVANCED_FACE('',(#177),#17,.F.);
#2553=ADVANCED_FACE('',(#178),#2427,.T.);
#2554=ADVANCED_FACE('',(#179),#2428,.F.);
#2555=ADVANCED_FACE('',(#180),#2429,.T.);
#2556=ADVANCED_FACE('',(#181),#2430,.T.);
#2557=ADVANCED_FACE('',(#182),#25,.F.);
#2558=ADVANCED_FACE('',(#183),#2431,.T.);
#2559=ADVANCED_FACE('',(#184),#2432,.T.);
#2560=ADVANCED_FACE('',(#185),#2433,.T.);
#2561=ADVANCED_FACE('',(#186),#2434,.T.);
#2562=ADVANCED_FACE('',(#187),#2435,.T.);
#2563=ADVANCED_FACE('',(#188),#2436,.T.);
#2564=ADVANCED_FACE('',(#189),#2437,.F.);
#2565=ADVANCED_FACE('',(#190),#2438,.F.);
#2566=ADVANCED_FACE('',(#191),#2439,.T.);
#2567=ADVANCED_FACE('',(#192),#2440,.F.);
#2568=ADVANCED_FACE('',(#193),#2441,.T.);
#2569=ADVANCED_FACE('',(#194),#2442,.T.);
#2570=ADVANCED_FACE('',(#195,#69),#2443,.F.);
#2571=ADVANCED_FACE('',(#196),#2444,.F.);
#2572=ADVANCED_FACE('',(#197),#26,.F.);
#2573=ADVANCED_FACE('',(#198),#2445,.F.);
#2574=ADVANCED_FACE('',(#199,#70),#2446,.T.);
#2575=ADVANCED_FACE('',(#200),#27,.F.);
#2576=ADVANCED_FACE('',(#201),#2447,.F.);
#2577=CLOSED_SHELL('',(#2448,#2449,#2450,#2451,#2452,#2453,#2454,#2455,
#2456,#2457,#2458,#2459,#2460,#2461,#2462,#2463,#2464,#2465,#2466,#2467,
#2468,#2469,#2470,#2471,#2472,#2473,#2474,#2475,#2476,#2477,#2478,#2479,
#2480,#2481,#2482,#2483,#2484,#2485,#2486,#2487,#2488,#2489,#2490,#2491,
#2492,#2493,#2494,#2495,#2496,#2497,#2498,#2499,#2500,#2501,#2502,#2503,
#2504,#2505,#2506,#2507,#2508,#2509,#2510,#2511,#2512,#2513,#2514,#2515,
#2516,#2517,#2518,#2519,#2520,#2521,#2522,#2523,#2524,#2525,#2526,#2527,
#2528,#2529,#2530,#2531,#2532,#2533,#2534,#2535,#2536,#2537,#2538,#2539,
#2540,#2541,#2542,#2543,#2544,#2545,#2546,#2547,#2548,#2549,#2550,#2551,
#2552,#2553,#2554,#2555,#2556,#2557,#2558,#2559,#2560,#2561,#2562,#2563,
#2564,#2565,#2566,#2567,#2568,#2569,#2570,#2571,#2572,#2573,#2574,#2575,
#2576));
#2578=AXIS2_PLACEMENT_3D('',#3397,#2741,#2742);
#2579=AXIS2_PLACEMENT_3D('',#3398,#2743,#2744);
#2580=AXIS2_PLACEMENT_3D('',#3429,#2760,#2761);
#2581=AXIS2_PLACEMENT_3D('',#3435,#2765,#2766);
#2582=AXIS2_PLACEMENT_3D('',#3439,#2769,#2770);
#2583=AXIS2_PLACEMENT_3D('',#3443,#2773,#2774);
#2584=AXIS2_PLACEMENT_3D('',#3451,#2779,#2780);
#2585=AXIS2_PLACEMENT_3D('',#3455,#2783,#2784);
#2586=AXIS2_PLACEMENT_3D('',#3459,#2787,#2788);
#2587=AXIS2_PLACEMENT_3D('',#3518,#2815,#2816);
#2588=AXIS2_PLACEMENT_3D('',#3522,#2819,#2820);
#2589=AXIS2_PLACEMENT_3D('',#3530,#2825,#2826);
#2590=AXIS2_PLACEMENT_3D('',#3536,#2830,#2831);
#2591=AXIS2_PLACEMENT_3D('',#3542,#2835,#2836);
#2592=AXIS2_PLACEMENT_3D('',#3547,#2840,#2841);
#2593=AXIS2_PLACEMENT_3D('',#3551,#2844,#2845);
#2594=AXIS2_PLACEMENT_3D('',#3555,#2848,#2849);
#2595=AXIS2_PLACEMENT_3D('',#3557,#2851,#2852);
#2596=AXIS2_PLACEMENT_3D('',#3563,#2856,#2857);
#2597=AXIS2_PLACEMENT_3D('',#3569,#2861,#2862);
#2598=AXIS2_PLACEMENT_3D('',#3575,#2866,#2867);
#2599=AXIS2_PLACEMENT_3D('',#3581,#2871,#2872);
#2600=AXIS2_PLACEMENT_3D('',#3590,#2877,#2878);
#2601=AXIS2_PLACEMENT_3D('',#3596,#2882,#2883);
#2602=AXIS2_PLACEMENT_3D('',#3602,#2887,#2888);
#2603=AXIS2_PLACEMENT_3D('',#3608,#2892,#2893);
#2604=AXIS2_PLACEMENT_3D('',#3614,#2897,#2898);
#2605=AXIS2_PLACEMENT_3D('',#3617,#2901,#2902);
#2606=AXIS2_PLACEMENT_3D('',#3620,#2905,#2906);
#2607=AXIS2_PLACEMENT_3D('',#3626,#2910,#2911);
#2608=AXIS2_PLACEMENT_3D('',#3630,#2914,#2915);
#2609=AXIS2_PLACEMENT_3D('',#3634,#2918,#2919);
#2610=AXIS2_PLACEMENT_3D('',#3636,#2921,#2922);
#2611=AXIS2_PLACEMENT_3D('',#3644,#2927,#2928);
#2612=AXIS2_PLACEMENT_3D('',#3648,#2931,#2932);
#2613=AXIS2_PLACEMENT_3D('',#3650,#2933,#2934);
#2614=AXIS2_PLACEMENT_3D('',#3652,#2935,#2936);
#2615=AXIS2_PLACEMENT_3D('',#3653,#2937,#2938);
#2616=AXIS2_PLACEMENT_3D('',#3655,#2939,#2940);
#2617=AXIS2_PLACEMENT_3D('',#3657,#2942,#2943);
#2618=AXIS2_PLACEMENT_3D('',#3666,#2948,#2949);
#2619=AXIS2_PLACEMENT_3D('',#3678,#2955,#2956);
#2620=AXIS2_PLACEMENT_3D('',#3694,#2965,#2966);
#2621=AXIS2_PLACEMENT_3D('',#3704,#2972,#2973);
#2622=AXIS2_PLACEMENT_3D('',#3710,#2977,#2978);
#2623=AXIS2_PLACEMENT_3D('',#3716,#2982,#2983);
#2624=AXIS2_PLACEMENT_3D('',#3718,#2985,#2986);
#2625=AXIS2_PLACEMENT_3D('',#3724,#2990,#2991);
#2626=AXIS2_PLACEMENT_3D('',#3726,#2993,#2994);
#2627=AXIS2_PLACEMENT_3D('',#3729,#2996,#2997);
#2628=AXIS2_PLACEMENT_3D('',#3730,#2998,#2999);
#2629=AXIS2_PLACEMENT_3D('',#3732,#3000,#3001);
#2630=AXIS2_PLACEMENT_3D('',#3733,#3002,#3003);
#2631=AXIS2_PLACEMENT_3D('',#3735,#3004,#3005);
#2632=AXIS2_PLACEMENT_3D('',#3738,#3007,#3008);
#2633=AXIS2_PLACEMENT_3D('',#3739,#3009,#3010);
#2634=AXIS2_PLACEMENT_3D('',#3740,#3011,#3012);
#2635=AXIS2_PLACEMENT_3D('',#3742,#3014,#3015);
#2636=AXIS2_PLACEMENT_3D('',#3748,#3019,#3020);
#2637=AXIS2_PLACEMENT_3D('',#3756,#3025,#3026);
#2638=AXIS2_PLACEMENT_3D('',#3762,#3030,#3031);
#2639=AXIS2_PLACEMENT_3D('',#3768,#3035,#3036);
#2640=AXIS2_PLACEMENT_3D('',#3777,#3041,#3042);
#2641=AXIS2_PLACEMENT_3D('',#3786,#3047,#3048);
#2642=AXIS2_PLACEMENT_3D('',#3796,#3054,#3055);
#2643=AXIS2_PLACEMENT_3D('',#3805,#3060,#3061);
#2644=AXIS2_PLACEMENT_3D('',#3812,#3065,#3066);
#2645=AXIS2_PLACEMENT_3D('',#3827,#3075,#3076);
#2646=AXIS2_PLACEMENT_3D('',#3831,#3079,#3080);
#2647=AXIS2_PLACEMENT_3D('',#3835,#3083,#3084);
#2648=AXIS2_PLACEMENT_3D('',#3839,#3087,#3088);
#2649=AXIS2_PLACEMENT_3D('',#3843,#3091,#3092);
#2650=AXIS2_PLACEMENT_3D('',#3846,#3095,#3096);
#2651=AXIS2_PLACEMENT_3D('',#3850,#3099,#3100);
#2652=AXIS2_PLACEMENT_3D('',#3852,#3102,#3103);
#2653=AXIS2_PLACEMENT_3D('',#3854,#3105,#3106);
#2654=AXIS2_PLACEMENT_3D('',#3870,#3115,#3116);
#2655=AXIS2_PLACEMENT_3D('',#3873,#3119,#3120);
#2656=AXIS2_PLACEMENT_3D('',#3874,#3121,#3122);
#2657=AXIS2_PLACEMENT_3D('',#3888,#3130,#3131);
#2658=AXIS2_PLACEMENT_3D('',#3894,#3135,#3136);
#2659=AXIS2_PLACEMENT_3D('',#3900,#3140,#3141);
#2660=AXIS2_PLACEMENT_3D('',#3906,#3145,#3146);
#2661=AXIS2_PLACEMENT_3D('',#3916,#3152,#3153);
#2662=AXIS2_PLACEMENT_3D('',#3922,#3157,#3158);
#2663=AXIS2_PLACEMENT_3D('',#3924,#3160,#3161);
#2664=AXIS2_PLACEMENT_3D('',#3926,#3163,#3164);
#2665=AXIS2_PLACEMENT_3D('',#3932,#3168,#3169);
#2666=AXIS2_PLACEMENT_3D('',#3941,#3174,#3175);
#2667=AXIS2_PLACEMENT_3D('',#3942,#3176,#3177);
#2668=AXIS2_PLACEMENT_3D('',#3948,#3181,#3182);
#2669=AXIS2_PLACEMENT_3D('',#3952,#3184,#3185);
#2670=AXIS2_PLACEMENT_3D('',#3958,#3189,#3190);
#2671=AXIS2_PLACEMENT_3D('',#3966,#3195,#3196);
#2672=AXIS2_PLACEMENT_3D('',#3967,#3197,#3198);
#2673=AXIS2_PLACEMENT_3D('',#3968,#3199,#3200);
#2674=AXIS2_PLACEMENT_3D('',#3969,#3201,#3202);
#2675=AXIS2_PLACEMENT_3D('',#3977,#3208,#3209);
#2676=AXIS2_PLACEMENT_3D('',#3981,#3212,#3213);
#2677=AXIS2_PLACEMENT_3D('',#3986,#3216,#3217);
#2678=AXIS2_PLACEMENT_3D('',#3990,#3219,#3220);
#2679=AXIS2_PLACEMENT_3D('',#3993,#3222,#3223);
#2680=AXIS2_PLACEMENT_3D('',#3994,#3224,#3225);
#2681=AXIS2_PLACEMENT_3D('',#3996,#3226,#3227);
#2682=AXIS2_PLACEMENT_3D('',#3998,#3229,#3230);
#2683=AXIS2_PLACEMENT_3D('',#4004,#3233,#3234);
#2684=AXIS2_PLACEMENT_3D('',#4006,#3236,#3237);
#2685=AXIS2_PLACEMENT_3D('',#4010,#3240,#3241);
#2686=AXIS2_PLACEMENT_3D('',#4016,#3245,#3246);
#2687=AXIS2_PLACEMENT_3D('',#4024,#3251,#3252);
#2688=AXIS2_PLACEMENT_3D('',#4027,#3254,#3255);
#2689=AXIS2_PLACEMENT_3D('',#4031,#3258,#3259);
#2690=AXIS2_PLACEMENT_3D('',#4033,#3261,#3262);
#2691=AXIS2_PLACEMENT_3D('',#4042,#3268,#3269);
#2692=AXIS2_PLACEMENT_3D('',#4044,#3271,#3272);
#2693=AXIS2_PLACEMENT_3D('',#4046,#3273,#3274);
#2694=AXIS2_PLACEMENT_3D('',#4048,#3276,#3277);
#2695=AXIS2_PLACEMENT_3D('',#4051,#3280,#3281);
#2696=AXIS2_PLACEMENT_3D('',#4052,#3282,#3283);
#2697=AXIS2_PLACEMENT_3D('',#4053,#3284,#3285);
#2698=AXIS2_PLACEMENT_3D('',#4054,#3286,#3287);
#2699=AXIS2_PLACEMENT_3D('',#4055,#3288,#3289);
#2700=AXIS2_PLACEMENT_3D('',#4056,#3290,#3291);
#2701=AXIS2_PLACEMENT_3D('',#4057,#3292,#3293);
#2702=AXIS2_PLACEMENT_3D('',#4060,#3295,#3296);
#2703=AXIS2_PLACEMENT_3D('',#4061,#3297,#3298);
#2704=AXIS2_PLACEMENT_3D('',#4068,#3302,#3303);
#2705=AXIS2_PLACEMENT_3D('',#4069,#3304,#3305);
#2706=AXIS2_PLACEMENT_3D('',#4072,#3307,#3308);
#2707=AXIS2_PLACEMENT_3D('',#4073,#3309,#3310);
#2708=AXIS2_PLACEMENT_3D('',#4074,#3311,#3312);
#2709=AXIS2_PLACEMENT_3D('',#4076,#3313,#3314);
#2710=AXIS2_PLACEMENT_3D('',#4079,#3316,#3317);
#2711=AXIS2_PLACEMENT_3D('',#4080,#3318,#3319);
#2712=AXIS2_PLACEMENT_3D('',#4085,#3323,#3324);
#2713=AXIS2_PLACEMENT_3D('',#4086,#3325,#3326);
#2714=AXIS2_PLACEMENT_3D('',#4087,#3327,#3328);
#2715=AXIS2_PLACEMENT_3D('',#4088,#3329,#3330);
#2716=AXIS2_PLACEMENT_3D('',#4091,#3333,#3334);
#2717=AXIS2_PLACEMENT_3D('',#4095,#3337,#3338);
#2718=AXIS2_PLACEMENT_3D('',#4096,#3339,#3340);
#2719=AXIS2_PLACEMENT_3D('',#4099,#3342,#3343);
#2720=AXIS2_PLACEMENT_3D('',#4100,#3344,#3345);
#2721=AXIS2_PLACEMENT_3D('',#4103,#3348,#3349);
#2722=AXIS2_PLACEMENT_3D('',#4105,#3351,#3352);
#2723=AXIS2_PLACEMENT_3D('',#4108,#3355,#3356);
#2724=AXIS2_PLACEMENT_3D('',#4109,#3357,#3358);
#2725=AXIS2_PLACEMENT_3D('',#4110,#3359,#3360);
#2726=AXIS2_PLACEMENT_3D('',#4112,#3362,#3363);
#2727=AXIS2_PLACEMENT_3D('',#4113,#3364,#3365);
#2728=AXIS2_PLACEMENT_3D('',#4114,#3366,#3367);
#2729=AXIS2_PLACEMENT_3D('',#4116,#3369,#3370);
#2730=AXIS2_PLACEMENT_3D('',#4118,#3372,#3373);
#2731=AXIS2_PLACEMENT_3D('',#4119,#3374,#3375);
#2732=AXIS2_PLACEMENT_3D('',#4120,#3376,#3377);
#2733=AXIS2_PLACEMENT_3D('',#4122,#3379,#3380);
#2734=AXIS2_PLACEMENT_3D('',#4124,#3382,#3383);
#2735=AXIS2_PLACEMENT_3D('',#4126,#3385,#3386);
#2736=AXIS2_PLACEMENT_3D('',#4127,#3387,#3388);
#2737=AXIS2_PLACEMENT_3D('',#4128,#3389,#3390);
#2738=AXIS2_PLACEMENT_3D('',#4129,#3391,#3392);
#2739=AXIS2_PLACEMENT_3D('',#4130,#3393,#3394);
#2740=AXIS2_PLACEMENT_3D('',#4131,#3395,#3396);
#2741=DIRECTION('axis',(0.,0.,1.));
#2742=DIRECTION('refdir',(1.,0.,0.));
#2743=DIRECTION('center_axis',(0.,1.,0.));
#2744=DIRECTION('ref_axis',(0.,0.,1.));
#2745=DIRECTION('',(-0.5,0.,-0.866025403784439));
#2746=DIRECTION('',(0.,0.,1.));
#2747=DIRECTION('',(-1.,0.,0.));
#2748=DIRECTION('',(-0.5,0.,-0.866025403784439));
#2749=DIRECTION('',(-1.,0.,0.));
#2750=DIRECTION('',(-0.5,0.,0.866025403784439));
#2751=DIRECTION('',(0.5,0.,0.866025403784439));
#2752=DIRECTION('',(1.,0.,0.));
#2753=DIRECTION('',(0.5,0.,-0.866025403784439));
#2754=DIRECTION('',(0.,0.,1.));
#2755=DIRECTION('',(0.5,0.,-0.866025403784439));
#2756=DIRECTION('',(1.,0.,0.));
#2757=DIRECTION('',(0.5,0.,0.866025403784439));
#2758=DIRECTION('',(-0.5,0.,0.866025403784439));
#2759=DIRECTION('',(-1.,0.,0.));
#2760=DIRECTION('center_axis',(-0.866025403784439,0.,-0.5));
#2761=DIRECTION('ref_axis',(-0.5,0.,0.866025403784439));
#2762=DIRECTION('',(0.,1.,0.));
#2763=DIRECTION('',(0.5,0.,-0.866025403784439));
#2764=DIRECTION('',(0.,1.,0.));
#2765=DIRECTION('center_axis',(0.,0.,-1.));
#2766=DIRECTION('ref_axis',(-1.,0.,0.));
#2767=DIRECTION('',(0.,1.,0.));
#2768=DIRECTION('',(1.,0.,0.));
#2769=DIRECTION('center_axis',(0.866025403784439,0.,-0.5));
#2770=DIRECTION('ref_axis',(-0.5,0.,-0.866025403784439));
#2771=DIRECTION('',(0.,1.,0.));
#2772=DIRECTION('',(0.5,0.,0.866025403784439));
#2773=DIRECTION('center_axis',(0.866025403784439,0.,0.5));
#2774=DIRECTION('ref_axis',(0.5,0.,-0.866025403784439));
#2775=DIRECTION('',(0.,1.,0.));
#2776=DIRECTION('',(0.5,0.,-0.866025403784439));
#2777=DIRECTION('',(0.,1.,0.));
#2778=DIRECTION('',(-0.5,0.,0.866025403784439));
#2779=DIRECTION('center_axis',(0.,0.,1.));
#2780=DIRECTION('ref_axis',(1.,0.,0.));
#2781=DIRECTION('',(0.,1.,0.));
#2782=DIRECTION('',(1.,0.,0.));
#2783=DIRECTION('center_axis',(-0.866025403784439,0.,0.5));
#2784=DIRECTION('ref_axis',(0.5,0.,0.866025403784439));
#2785=DIRECTION('',(0.,-1.,0.));
#2786=DIRECTION('',(0.5,0.,0.866025403784439));
#2787=DIRECTION('center_axis',(0.,0.,-1.));
#2788=DIRECTION('ref_axis',(-1.,0.,0.));
#2789=DIRECTION('',(0.,-1.,0.));
#2790=DIRECTION('',(0.667201289920855,0.744877465579372,0.));
#2791=DIRECTION('',(-1.,0.,0.));
#2792=DIRECTION('',(6.4584580671533E-8,-0.999999999999998,0.));
#2793=DIRECTION('',(0.999999999999998,6.45845806065705E-8,0.));
#2794=DIRECTION('',(0.,-1.,0.));
#2795=DIRECTION('',(1.,0.,0.));
#2796=DIRECTION('',(0.,1.,0.));
#2797=DIRECTION('',(1.,0.,0.));
#2798=DIRECTION('',(0.,1.,0.));
#2799=DIRECTION('',(-1.,0.,0.));
#2800=DIRECTION('',(0.,1.,0.));
#2801=DIRECTION('',(1.,0.,0.));
#2802=DIRECTION('',(0.,1.,0.));
#2803=DIRECTION('',(-1.,0.,0.));
#2804=DIRECTION('',(0.,1.,0.));
#2805=DIRECTION('',(0.,1.,0.));
#2806=DIRECTION('',(-1.,0.,0.));
#2807=DIRECTION('',(0.,-1.,0.));
#2808=DIRECTION('',(0.,-1.,0.));
#2809=DIRECTION('',(-1.,0.,0.));
#2810=DIRECTION('',(0.,-1.,0.));
#2811=DIRECTION('',(-1.,0.,0.));
#2812=DIRECTION('',(0.,-1.,0.));
#2813=DIRECTION('',(-1.,0.,0.));
#2814=DIRECTION('',(-1.,0.,0.));
#2815=DIRECTION('center_axis',(-1.,0.,0.));
#2816=DIRECTION('ref_axis',(0.,0.,1.));
#2817=DIRECTION('',(0.,-1.,0.));
#2818=DIRECTION('',(0.,0.,1.));
#2819=DIRECTION('center_axis',(-1.,0.,0.));
#2820=DIRECTION('ref_axis',(0.,0.,1.));
#2821=DIRECTION('',(0.,0.,1.));
#2822=DIRECTION('',(0.,1.,0.));
#2823=DIRECTION('',(0.,0.,-1.));
#2824=DIRECTION('',(0.,1.,0.));
#2825=DIRECTION('center_axis',(0.,0.,1.));
#2826=DIRECTION('ref_axis',(1.,0.,0.));
#2827=DIRECTION('',(0.,1.,0.));
#2828=DIRECTION('',(-1.,0.,0.));
#2829=DIRECTION('',(0.,1.,0.));
#2830=DIRECTION('center_axis',(0.866025403784439,0.,0.5));
#2831=DIRECTION('ref_axis',(0.5,0.,-0.866025403784439));
#2832=DIRECTION('',(0.436585674451766,0.487413372256022,-0.756188570007184));
#2833=DIRECTION('',(0.,1.,0.));
#2834=DIRECTION('',(-0.5,0.,0.866025403784439));
#2835=DIRECTION('center_axis',(0.866025403784439,0.,-0.5));
#2836=DIRECTION('ref_axis',(-0.5,0.,-0.866025403784439));
#2837=DIRECTION('',(0.,1.,0.));
#2838=DIRECTION('',(0.5,0.,0.866025403784439));
#2839=DIRECTION('',(-0.436585674451766,-0.487413372256022,-0.756188570007184));
#2840=DIRECTION('center_axis',(0.,0.,-1.));
#2841=DIRECTION('ref_axis',(-1.,0.,0.));
#2842=DIRECTION('',(0.,1.,0.));
#2843=DIRECTION('',(1.,0.,0.));
#2844=DIRECTION('center_axis',(-0.866025403784439,0.,-0.5));
#2845=DIRECTION('ref_axis',(-0.5,0.,0.866025403784439));
#2846=DIRECTION('',(0.5,0.,-0.866025403784439));
#2847=DIRECTION('',(0.,1.,0.));
#2848=DIRECTION('center_axis',(-0.866025403784439,0.,0.5));
#2849=DIRECTION('ref_axis',(0.5,0.,0.866025403784439));
#2850=DIRECTION('',(-0.5,0.,-0.866025403784439));
#2851=DIRECTION('center_axis',(0.866025403784439,0.,0.5));
#2852=DIRECTION('ref_axis',(0.5,0.,-0.866025403784439));
#2853=DIRECTION('',(-0.5,0.,0.866025403784439));
#2854=DIRECTION('',(0.,1.,0.));
#2855=DIRECTION('',(0.5,0.,-0.866025403784439));
#2856=DIRECTION('center_axis',(0.866025403784439,0.,-0.5));
#2857=DIRECTION('ref_axis',(-0.5,0.,-0.866025403784439));
#2858=DIRECTION('',(0.5,0.,0.866025403784439));
#2859=DIRECTION('',(0.,1.,0.));
#2860=DIRECTION('',(-0.5,0.,-0.866025403784439));
#2861=DIRECTION('center_axis',(0.,0.,-1.));
#2862=DIRECTION('ref_axis',(-1.,0.,0.));
#2863=DIRECTION('',(1.,0.,0.));
#2864=DIRECTION('',(0.,1.,0.));
#2865=DIRECTION('',(-1.,0.,0.));
#2866=DIRECTION('center_axis',(-0.866025403784439,0.,-0.5));
#2867=DIRECTION('ref_axis',(-0.5,0.,0.866025403784439));
#2868=DIRECTION('',(0.5,0.,-0.866025403784439));
#2869=DIRECTION('',(0.,1.,0.));
#2870=DIRECTION('',(-0.5,0.,0.866025403784439));
#2871=DIRECTION('center_axis',(1.49475681505565E-7,0.,0.999999999999989));
#2872=DIRECTION('ref_axis',(0.999999999999989,0.,-1.49475681505565E-7));
#2873=DIRECTION('',(-0.999999999999989,0.,1.49475681505565E-7));
#2874=DIRECTION('',(0.,1.,0.));
#2875=DIRECTION('',(0.999999999999989,0.,-1.49475681505565E-7));
#2876=DIRECTION('',(0.,1.,0.));
#2877=DIRECTION('center_axis',(0.86602547852227,0.,0.499999870550257));
#2878=DIRECTION('ref_axis',(0.499999870550257,0.,-0.86602547852227));
#2879=DIRECTION('',(-0.499999870550257,0.,0.86602547852227));
#2880=DIRECTION('',(0.499999870550257,0.,-0.86602547852227));
#2881=DIRECTION('',(0.,1.,0.));
#2882=DIRECTION('center_axis',(0.866025329046588,0.,-0.500000129449731));
#2883=DIRECTION('ref_axis',(-0.500000129449731,0.,-0.866025329046588));
#2884=DIRECTION('',(0.500000129449731,0.,0.866025329046588));
#2885=DIRECTION('',(-0.500000129449731,0.,-0.866025329046588));
#2886=DIRECTION('',(0.,1.,0.));
#2887=DIRECTION('center_axis',(-1.4947568019942E-7,0.,-0.999999999999989));
#2888=DIRECTION('ref_axis',(-0.999999999999989,0.,1.4947568019942E-7));
#2889=DIRECTION('',(0.999999999999989,0.,-1.4947568019942E-7));
#2890=DIRECTION('',(-0.999999999999989,0.,1.4947568019942E-7));
#2891=DIRECTION('',(0.,1.,0.));
#2892=DIRECTION('center_axis',(-0.866025478522269,0.,-0.499999870550258));
#2893=DIRECTION('ref_axis',(-0.499999870550258,0.,0.866025478522269));
#2894=DIRECTION('',(0.499999870550258,0.,-0.866025478522269));
#2895=DIRECTION('',(-0.499999870550258,0.,0.866025478522269));
#2896=DIRECTION('',(0.,1.,0.));
#2897=DIRECTION('center_axis',(-0.866025329046589,0.,0.50000012944973));
#2898=DIRECTION('ref_axis',(0.50000012944973,0.,0.866025329046589));
#2899=DIRECTION('',(-0.50000012944973,0.,-0.866025329046589));
#2900=DIRECTION('',(0.50000012944973,0.,0.866025329046589));
#2901=DIRECTION('center_axis',(-0.866025403784439,0.,0.5));
#2902=DIRECTION('ref_axis',(0.5,0.,0.866025403784439));
#2903=DIRECTION('',(0.5,0.,0.866025403784439));
#2904=DIRECTION('',(-0.5,0.,-0.866025403784439));
#2905=DIRECTION('center_axis',(0.,1.,0.));
#2906=DIRECTION('ref_axis',(0.,0.,1.));
#2907=DIRECTION('',(-0.5,0.,-0.866025403784439));
#2908=DIRECTION('',(-1.,0.,0.));
#2909=DIRECTION('',(-0.5,0.,0.866025403784439));
#2910=DIRECTION('center_axis',(0.866025403784439,0.,0.5));
#2911=DIRECTION('ref_axis',(0.5,0.,-0.866025403784439));
#2912=DIRECTION('',(0.,1.,0.));
#2913=DIRECTION('',(0.5,0.,-0.866025403784439));
#2914=DIRECTION('center_axis',(0.,0.,1.));
#2915=DIRECTION('ref_axis',(1.,0.,0.));
#2916=DIRECTION('',(0.,1.,0.));
#2917=DIRECTION('',(1.,0.,0.));
#2918=DIRECTION('center_axis',(-0.866025403784439,0.,0.5));
#2919=DIRECTION('ref_axis',(0.5,0.,0.866025403784439));
#2920=DIRECTION('',(0.5,0.,0.866025403784439));
#2921=DIRECTION('center_axis',(0.,1.,0.));
#2922=DIRECTION('ref_axis',(0.,0.,1.));
#2923=DIRECTION('',(0.,0.,1.));
#2924=DIRECTION('',(-0.707106781186546,0.,0.707106781186549));
#2925=DIRECTION('',(0.,0.,1.));
#2926=DIRECTION('',(-1.,0.,0.));
#2927=DIRECTION('center_axis',(0.,1.,0.));
#2928=DIRECTION('ref_axis',(0.,0.,1.));
#2929=DIRECTION('',(0.,0.,-1.));
#2930=DIRECTION('',(-1.,0.,0.));
#2931=DIRECTION('center_axis',(-1.,0.,0.));
#2932=DIRECTION('ref_axis',(0.,-1.,0.));
#2933=DIRECTION('center_axis',(1.,0.,0.));
#2934=DIRECTION('ref_axis',(0.,-1.,0.));
#2935=DIRECTION('center_axis',(-1.,0.,0.));
#2936=DIRECTION('ref_axis',(0.,-1.,0.));
#2937=DIRECTION('center_axis',(1.,0.,0.));
#2938=DIRECTION('ref_axis',(0.,-1.,0.));
#2939=DIRECTION('center_axis',(1.,0.,0.));
#2940=DIRECTION('ref_axis',(0.,-1.,0.));
#2941=DIRECTION('',(1.,0.,0.));
#2942=DIRECTION('center_axis',(0.,-0.707106781186549,0.707106781186546));
#2943=DIRECTION('ref_axis',(1.,0.,0.));
#2944=DIRECTION('',(-4.56681949529306E-8,0.707106781186546,0.707106781186548));
#2945=DIRECTION('',(-1.,0.,0.));
#2946=DIRECTION('',(0.,0.707106781186546,0.707106781186549));
#2947=DIRECTION('',(1.,0.,0.));
#2948=DIRECTION('center_axis',(0.999999999999998,6.4584580671533E-8,0.));
#2949=DIRECTION('ref_axis',(-6.4584580671533E-8,0.999999999999998,0.));
#2950=DIRECTION('',(0.,0.,1.));
#2951=DIRECTION('',(-6.4584580671533E-8,0.999999999999998,0.));
#2952=DIRECTION('',(0.,0.,1.));
#2953=DIRECTION('',(6.45845808937982E-8,-0.999999999999998,0.));
#2954=DIRECTION('',(0.,0.,-1.));
#2955=DIRECTION('center_axis',(-0.999999999999998,-6.4584580671533E-8,0.));
#2956=DIRECTION('ref_axis',(6.4584580671533E-8,-0.999999999999998,0.));
#2957=DIRECTION('',(0.,0.,-1.));
#2958=DIRECTION('',(0.,0.,1.));
#2959=DIRECTION('',(6.4584580671533E-8,-0.999999999999998,0.));
#2960=DIRECTION('',(0.,0.,1.));
#2961=DIRECTION('',(6.4584580671533E-8,-0.999999999999998,0.));
#2962=DIRECTION('',(0.,0.,-1.));
#2963=DIRECTION('',(-6.4584580671533E-8,0.999999999999998,0.));
#2964=DIRECTION('',(0.,0.,-1.));
#2965=DIRECTION('center_axis',(0.,0.,-1.));
#2966=DIRECTION('ref_axis',(-1.,0.,0.));
#2967=DIRECTION('',(0.,-1.,0.));
#2968=DIRECTION('',(0.515442902630489,-0.856923925519562,0.));
#2969=DIRECTION('',(0.,-1.,0.));
#2970=DIRECTION('',(0.,-1.,0.));
#2971=DIRECTION('',(1.,0.,0.));
#2972=DIRECTION('center_axis',(-0.707106781186549,0.,-0.707106781186546));
#2973=DIRECTION('ref_axis',(-0.707106781186546,0.,0.707106781186549));
#2974=DIRECTION('',(0.577350269189625,-0.577350269189625,-0.577350269189628));
#2975=DIRECTION('',(0.,1.,0.));
#2976=DIRECTION('',(0.577350269189625,0.577350269189625,-0.577350269189628));
#2977=DIRECTION('center_axis',(0.,-1.,0.));
#2978=DIRECTION('ref_axis',(0.,0.,-1.));
#2979=DIRECTION('',(0.,0.,1.));
#2980=DIRECTION('',(0.,0.,1.));
#2981=DIRECTION('',(-1.,0.,0.));
#2982=DIRECTION('center_axis',(1.,0.,0.));
#2983=DIRECTION('ref_axis',(0.,0.,1.));
#2984=DIRECTION('',(0.,-1.,0.));
#2985=DIRECTION('center_axis',(0.,0.,1.));
#2986=DIRECTION('ref_axis',(-1.,0.,0.));
#2987=DIRECTION('',(1.,0.,0.));
#2988=DIRECTION('',(0.,-1.,0.));
#2989=DIRECTION('',(-0.707106781186548,0.707106781186548,0.));
#2990=DIRECTION('center_axis',(-0.707106781186548,-0.707106781186548,0.));
#2991=DIRECTION('ref_axis',(0.,0.,1.));
#2992=DIRECTION('',(0.,0.,-1.));
#2993=DIRECTION('center_axis',(1.,0.,0.));
#2994=DIRECTION('ref_axis',(0.,-1.,0.));
#2995=DIRECTION('',(1.,0.,0.));
#2996=DIRECTION('center_axis',(-1.,0.,0.));
#2997=DIRECTION('ref_axis',(0.,-1.,0.));
#2998=DIRECTION('center_axis',(-1.,0.,0.));
#2999=DIRECTION('ref_axis',(0.,-1.,0.));
#3000=DIRECTION('center_axis',(-1.,0.,0.));
#3001=DIRECTION('ref_axis',(0.,-1.,0.));
#3002=DIRECTION('center_axis',(1.,0.,0.));
#3003=DIRECTION('ref_axis',(0.,-1.,0.));
#3004=DIRECTION('center_axis',(1.,0.,0.));
#3005=DIRECTION('ref_axis',(0.,-1.,0.));
#3006=DIRECTION('',(-1.,0.,0.));
#3007=DIRECTION('center_axis',(-1.,0.,0.));
#3008=DIRECTION('ref_axis',(0.,-1.,0.));
#3009=DIRECTION('center_axis',(-1.,0.,0.));
#3010=DIRECTION('ref_axis',(0.,-1.,0.));
#3011=DIRECTION('center_axis',(-1.,0.,0.));
#3012=DIRECTION('ref_axis',(0.,-1.,0.));
#3013=DIRECTION('',(-0.707106781186537,0.707106781186558,8.65956056235506E-17));
#3014=DIRECTION('center_axis',(0.,0.,-1.));
#3015=DIRECTION('ref_axis',(-1.,0.,0.));
#3016=DIRECTION('',(0.,1.,0.));
#3017=DIRECTION('',(1.,0.,0.));
#3018=DIRECTION('',(0.,1.,0.));
#3019=DIRECTION('center_axis',(-1.,0.,0.));
#3020=DIRECTION('ref_axis',(0.,-1.,0.));
#3021=DIRECTION('',(0.,-1.,0.));
#3022=DIRECTION('',(0.,0.,-1.));
#3023=DIRECTION('',(0.,-1.,0.));
#3024=DIRECTION('',(0.,0.,1.));
#3025=DIRECTION('center_axis',(0.,0.,1.));
#3026=DIRECTION('ref_axis',(1.,0.,0.));
#3027=DIRECTION('',(1.,0.,0.));
#3028=DIRECTION('',(0.,1.,0.));
#3029=DIRECTION('',(1.,0.,0.));
#3030=DIRECTION('center_axis',(0.,0.,1.));
#3031=DIRECTION('ref_axis',(-1.,0.,0.));
#3032=DIRECTION('',(0.462858973436586,0.886431932360985,0.));
#3033=DIRECTION('',(-0.822323008346677,-0.569020974959333,0.));
#3034=DIRECTION('',(-1.,0.,0.));
#3035=DIRECTION('center_axis',(9.48171837800977E-16,0.,-1.));
#3036=DIRECTION('ref_axis',(1.,0.,9.48171837800977E-16));
#3037=DIRECTION('',(-1.,0.,-9.48171837800977E-16));
#3038=DIRECTION('',(0.,-1.,0.));
#3039=DIRECTION('',(1.,0.,9.48171837800977E-16));
#3040=DIRECTION('',(0.,-1.,0.));
#3041=DIRECTION('center_axis',(0.,0.,1.));
#3042=DIRECTION('ref_axis',(-1.,0.,0.));
#3043=DIRECTION('',(0.513430081626321,-0.858131430074199,0.));
#3044=DIRECTION('',(0.,1.,0.));
#3045=DIRECTION('',(-1.,0.,0.));
#3046=DIRECTION('',(-0.822323008346658,0.569020974959361,0.));
#3047=DIRECTION('center_axis',(0.858131430074199,0.513430081626321,0.));
#3048=DIRECTION('ref_axis',(-0.513430081626321,0.858131430074199,0.));
#3049=DIRECTION('',(-0.513430081626321,0.858131430074199,0.));
#3050=DIRECTION('',(0.,0.,-1.));
#3051=DIRECTION('',(0.,0.,1.));
#3052=DIRECTION('',(-0.513430081626321,0.858131430074199,0.));
#3053=DIRECTION('',(0.,0.,-1.));
#3054=DIRECTION('center_axis',(1.,0.,0.));
#3055=DIRECTION('ref_axis',(0.,1.,0.));
#3056=DIRECTION('',(0.,-1.,0.));
#3057=DIRECTION('',(0.,0.,1.));
#3058=DIRECTION('',(0.,-1.,0.));
#3059=DIRECTION('',(0.,0.,-1.));
#3060=DIRECTION('center_axis',(0.,0.,-1.));
#3061=DIRECTION('ref_axis',(-1.,0.,0.));
#3062=DIRECTION('',(1.,0.,0.));
#3063=DIRECTION('',(0.462858973436586,0.886431932360985,0.));
#3064=DIRECTION('',(0.,1.,0.));
#3065=DIRECTION('center_axis',(0.,-1.,0.));
#3066=DIRECTION('ref_axis',(0.,0.,-1.));
#3067=DIRECTION('',(1.,0.,0.));
#3068=DIRECTION('',(0.,0.,-1.));
#3069=DIRECTION('',(1.,0.,0.));
#3070=DIRECTION('',(0.75888578524556,0.,-0.651223744155747));
#3071=DIRECTION('',(-1.,0.,0.));
#3072=DIRECTION('',(0.,0.,1.));
#3073=DIRECTION('',(0.748321569793527,0.,0.663336135139457));
#3074=DIRECTION('',(0.,0.,1.));
#3075=DIRECTION('center_axis',(0.,0.,1.));
#3076=DIRECTION('ref_axis',(-1.,0.,0.));
#3077=DIRECTION('',(-0.462858973436586,-0.886431932360985,0.));
#3078=DIRECTION('',(-1.,0.,0.));
#3079=DIRECTION('center_axis',(0.,-1.,0.));
#3080=DIRECTION('ref_axis',(1.,0.,0.));
#3081=DIRECTION('',(-1.,0.,0.));
#3082=DIRECTION('',(0.,0.,1.));
#3083=DIRECTION('center_axis',(0.569020974959333,-0.822323008346677,0.));
#3084=DIRECTION('ref_axis',(0.822323008346677,0.569020974959333,0.));
#3085=DIRECTION('',(-0.822323008346677,-0.569020974959333,0.));
#3086=DIRECTION('',(0.,0.,1.));
#3087=DIRECTION('center_axis',(-6.45845806065705E-8,0.999999999999998,0.));
#3088=DIRECTION('ref_axis',(0.999999999999998,6.45845806065705E-8,0.));
#3089=DIRECTION('',(0.999999999999998,6.45845806065705E-8,0.));
#3090=DIRECTION('',(0.707106781186542,4.5668194906995E-8,0.707106781186551));
#3091=DIRECTION('center_axis',(-0.886431932360985,0.462858973436586,0.));
#3092=DIRECTION('ref_axis',(-0.462858973436586,-0.886431932360985,0.));
#3093=DIRECTION('',(-0.462858973436586,-0.886431932360985,0.));
#3094=DIRECTION('',(0.,0.,1.));
#3095=DIRECTION('center_axis',(-0.606790553354772,-0.363049892383132,-0.707106781186552));
#3096=DIRECTION('ref_axis',(-0.75888578524556,0.,0.651223744155747));
#3097=DIRECTION('',(0.513430081626321,-0.858131430074199,0.));
#3098=DIRECTION('',(0.,0.889597176437121,-0.45674595091265));
#3099=DIRECTION('center_axis',(0.,0.,-1.));
#3100=DIRECTION('ref_axis',(-1.,0.,0.));
#3101=DIRECTION('',(0.,-1.,0.));
#3102=DIRECTION('center_axis',(0.626802030432736,-0.327290718850048,-0.707106781186561));
#3103=DIRECTION('ref_axis',(-0.748321569793527,0.,-0.663336135139457));
#3104=DIRECTION('',(0.,-0.907502882491199,0.420045852580603));
#3105=DIRECTION('center_axis',(0.,0.,1.));
#3106=DIRECTION('ref_axis',(1.,0.,0.));
#3107=DIRECTION('',(-0.515442902630489,0.856923925519562,0.));
#3108=DIRECTION('',(-1.,0.,0.));
#3109=DIRECTION('',(-1.,0.,0.));
#3110=DIRECTION('',(-1.,0.,0.));
#3111=DIRECTION('',(-0.707106781186554,0.707106781186541,0.));
#3112=DIRECTION('',(0.,1.,0.));
#3113=DIRECTION('',(-1.,0.,0.));
#3114=DIRECTION('',(0.,-1.,0.));
#3115=DIRECTION('center_axis',(0.856923925519562,0.515442902630489,0.));
#3116=DIRECTION('ref_axis',(0.515442902630489,-0.856923925519562,0.));
#3117=DIRECTION('',(0.,0.,-1.));
#3118=DIRECTION('',(0.,0.,-1.));
#3119=DIRECTION('center_axis',(1.,0.,0.));
#3120=DIRECTION('ref_axis',(0.,0.,-1.));
#3121=DIRECTION('center_axis',(0.,0.,-1.));
#3122=DIRECTION('ref_axis',(-1.,0.,0.));
#3123=DIRECTION('',(0.,-1.,0.));
#3124=DIRECTION('',(-1.,0.,0.));
#3125=DIRECTION('',(0.,-1.,0.));
#3126=DIRECTION('',(-0.999999999999998,-6.45845806065705E-8,0.));
#3127=DIRECTION('',(-1.,0.,0.));
#3128=DIRECTION('',(0.,-1.,0.));
#3129=DIRECTION('',(1.,0.,0.));
#3130=DIRECTION('center_axis',(0.,1.,0.));
#3131=DIRECTION('ref_axis',(0.,0.,1.));
#3132=DIRECTION('',(0.,0.,1.));
#3133=DIRECTION('',(1.,0.,0.));
#3134=DIRECTION('',(0.,0.,-1.));
#3135=DIRECTION('center_axis',(0.,1.,0.));
#3136=DIRECTION('ref_axis',(0.,0.,-1.));
#3137=DIRECTION('',(-0.707106781186545,0.,-0.70710678118655));
#3138=DIRECTION('',(1.,0.,0.));
#3139=DIRECTION('',(0.,0.,-1.));
#3140=DIRECTION('center_axis',(0.,0.,1.));
#3141=DIRECTION('ref_axis',(1.,0.,0.));
#3142=DIRECTION('',(-1.,0.,0.));
#3143=DIRECTION('',(0.,1.,0.));
#3144=DIRECTION('',(1.,0.,0.));
#3145=DIRECTION('center_axis',(0.,0.,1.));
#3146=DIRECTION('ref_axis',(1.,0.,0.));
#3147=DIRECTION('',(0.,1.,0.));
#3148=DIRECTION('',(6.4584580671533E-8,-0.999999999999998,0.));
#3149=DIRECTION('',(-1.,0.,0.));
#3150=DIRECTION('',(0.,1.,0.));
#3151=DIRECTION('',(-1.,0.,0.));
#3152=DIRECTION('center_axis',(0.,0.,-1.));
#3153=DIRECTION('ref_axis',(-1.,0.,0.));
#3154=DIRECTION('',(0.,1.,0.));
#3155=DIRECTION('',(1.,0.,0.));
#3156=DIRECTION('',(0.667201289920855,0.744877465579372,0.));
#3157=DIRECTION('center_axis',(-1.,0.,0.));
#3158=DIRECTION('ref_axis',(0.,1.,0.));
#3159=DIRECTION('',(0.,0.,-1.));
#3160=DIRECTION('center_axis',(-0.744877465579372,0.667201289920854,0.));
#3161=DIRECTION('ref_axis',(0.667201289920855,0.744877465579372,0.));
#3162=DIRECTION('',(0.,0.,-1.));
#3163=DIRECTION('center_axis',(-1.,0.,2.50191104140876E-14));
#3164=DIRECTION('ref_axis',(-2.50191104140876E-14,0.,-1.));
#3165=DIRECTION('',(-2.50191104140876E-14,0.,-1.));
#3166=DIRECTION('',(0.,-1.,0.));
#3167=DIRECTION('',(0.,0.,1.));
#3168=DIRECTION('center_axis',(0.,-1.,0.));
#3169=DIRECTION('ref_axis',(1.,0.,0.));
#3170=DIRECTION('',(0.,0.,-1.));
#3171=DIRECTION('',(-1.,0.,0.));
#3172=DIRECTION('',(-1.,0.,0.));
#3173=DIRECTION('',(0.,0.,1.));
#3174=DIRECTION('center_axis',(0.,-1.,0.));
#3175=DIRECTION('ref_axis',(-1.,0.,-3.58136459556499E-16));
#3176=DIRECTION('center_axis',(-1.,0.,0.));
#3177=DIRECTION('ref_axis',(0.,0.,1.));
#3178=DIRECTION('',(0.,0.,1.));
#3179=DIRECTION('',(0.,-1.,0.));
#3180=DIRECTION('',(0.,-1.,0.));
#3181=DIRECTION('center_axis',(0.,-1.,0.));
#3182=DIRECTION('ref_axis',(1.,0.,0.));
#3183=DIRECTION('',(0.,0.,1.));
#3184=DIRECTION('center_axis',(0.,1.,0.));
#3185=DIRECTION('ref_axis',(-0.798750232538315,0.,0.601662751065735));
#3186=DIRECTION('',(0.,0.,-1.));
#3187=DIRECTION('',(1.,0.,0.));
#3188=DIRECTION('',(1.,0.,0.));
#3189=DIRECTION('center_axis',(-1.,0.,2.50191104140876E-14));
#3190=DIRECTION('ref_axis',(-2.50191104140876E-14,0.,-1.));
#3191=DIRECTION('',(0.,0.,1.));
#3192=DIRECTION('',(0.,-1.,0.));
#3193=DIRECTION('',(-2.50191104140876E-14,0.,-1.));
#3194=DIRECTION('',(0.,-1.,0.));
#3195=DIRECTION('center_axis',(0.,-1.,0.));
#3196=DIRECTION('ref_axis',(0.,0.,-1.));
#3197=DIRECTION('center_axis',(0.,-1.,0.));
#3198=DIRECTION('ref_axis',(0.,0.,-1.));
#3199=DIRECTION('center_axis',(0.,1.,0.));
#3200=DIRECTION('ref_axis',(0.,0.,-1.));
#3201=DIRECTION('center_axis',(1.,0.,0.));
#3202=DIRECTION('ref_axis',(0.,-1.,0.));
#3203=DIRECTION('',(0.,0.,-1.));
#3204=DIRECTION('',(0.,1.,0.));
#3205=DIRECTION('',(0.,0.,-1.));
#3206=DIRECTION('',(0.,0.,1.));
#3207=DIRECTION('',(0.,0.,-1.));
#3208=DIRECTION('center_axis',(0.707106781186541,0.707106781186554,0.));
#3209=DIRECTION('ref_axis',(0.,0.,-1.));
#3210=DIRECTION('',(0.,0.,1.));
#3211=DIRECTION('',(0.707106781186554,-0.707106781186541,0.));
#3212=DIRECTION('center_axis',(0.,1.,0.));
#3213=DIRECTION('ref_axis',(1.,0.,0.));
#3214=DIRECTION('',(0.,0.,-1.));
#3215=DIRECTION('',(-1.,0.,0.));
#3216=DIRECTION('center_axis',(0.,-1.,0.));
#3217=DIRECTION('ref_axis',(1.,0.,0.));
#3218=DIRECTION('',(2.50191104140876E-14,0.,1.));
#3219=DIRECTION('center_axis',(0.,-1.,0.));
#3220=DIRECTION('ref_axis',(0.,0.,1.));
#3221=DIRECTION('',(-1.,0.,-1.03436927760107E-15));
#3222=DIRECTION('center_axis',(0.,-1.,0.));
#3223=DIRECTION('ref_axis',(-1.,0.,-3.58136459556499E-16));
#3224=DIRECTION('center_axis',(0.,-1.,0.));
#3225=DIRECTION('ref_axis',(1.,0.,0.));
#3226=DIRECTION('center_axis',(0.,1.,0.));
#3227=DIRECTION('ref_axis',(1.,0.,0.));
#3228=DIRECTION('',(0.,-1.,0.));
#3229=DIRECTION('center_axis',(0.,-1.,0.));
#3230=DIRECTION('ref_axis',(1.,0.,0.));
#3231=DIRECTION('',(0.,0.,1.));
#3232=DIRECTION('',(1.,0.,0.));
#3233=DIRECTION('center_axis',(0.,1.,0.));
#3234=DIRECTION('ref_axis',(0.,0.,1.));
#3235=DIRECTION('',(-2.50191104140876E-14,0.,-1.));
#3236=DIRECTION('center_axis',(-0.569020974959361,-0.822323008346658,0.));
#3237=DIRECTION('ref_axis',(0.822323008346658,-0.569020974959361,0.));
#3238=DIRECTION('',(0.,0.,1.));
#3239=DIRECTION('',(0.822323008346658,-0.569020974959361,0.));
#3240=DIRECTION('center_axis',(0.,-1.,0.));
#3241=DIRECTION('ref_axis',(1.,0.,0.));
#3242=DIRECTION('',(0.,0.,1.));
#3243=DIRECTION('',(-0.707106781186546,0.,0.707106781186549));
#3244=DIRECTION('',(1.,0.,0.));
#3245=DIRECTION('center_axis',(-1.,0.,0.));
#3246=DIRECTION('ref_axis',(0.,-1.,0.));
#3247=DIRECTION('',(0.,0.,1.));
#3248=DIRECTION('',(0.,-1.,0.));
#3249=DIRECTION('',(0.,0.,1.));
#3250=DIRECTION('',(0.,-1.,0.));
#3251=DIRECTION('center_axis',(0.,1.,0.));
#3252=DIRECTION('ref_axis',(-1.,0.,0.));
#3253=DIRECTION('',(0.707106781186546,0.,-0.707106781186549));
#3254=DIRECTION('center_axis',(0.,-1.,0.));
#3255=DIRECTION('ref_axis',(0.,0.,1.));
#3256=DIRECTION('',(-1.,0.,0.));
#3257=DIRECTION('',(0.707106781186546,0.,-0.707106781186549));
#3258=DIRECTION('center_axis',(1.,0.,0.));
#3259=DIRECTION('ref_axis',(0.,-1.,0.));
#3260=DIRECTION('',(0.,0.,1.));
#3261=DIRECTION('center_axis',(0.,1.,0.));
#3262=DIRECTION('ref_axis',(1.,0.,0.));
#3263=DIRECTION('',(0.707106781186546,0.,-0.707106781186549));
#3264=DIRECTION('',(1.,0.,0.));
#3265=DIRECTION('',(0.707106781186546,0.,0.707106781186549));
#3266=DIRECTION('',(0.,0.,-1.));
#3267=DIRECTION('',(-0.707106781186545,0.,-0.70710678118655));
#3268=DIRECTION('center_axis',(0.70710678118655,4.56681949529309E-8,-0.707106781186544));
#3269=DIRECTION('ref_axis',(-0.707106781186545,0.,-0.70710678118655));
#3270=DIRECTION('',(0.707106781186542,4.5668194906995E-8,0.707106781186551));
#3271=DIRECTION('center_axis',(0.,0.,1.));
#3272=DIRECTION('ref_axis',(-1.,0.,0.));
#3273=DIRECTION('center_axis',(0.,0.,1.));
#3274=DIRECTION('ref_axis',(-1.,0.,0.));
#3275=DIRECTION('',(0.,1.,0.));
#3276=DIRECTION('center_axis',(1.,0.,0.));
#3277=DIRECTION('ref_axis',(0.,0.,-1.));
#3278=DIRECTION('',(0.,1.,0.));
#3279=DIRECTION('',(0.,1.,0.));
#3280=DIRECTION('center_axis',(0.,0.,1.));
#3281=DIRECTION('ref_axis',(-1.,0.,0.));
#3282=DIRECTION('center_axis',(0.,0.,1.));
#3283=DIRECTION('ref_axis',(-1.,0.,0.));
#3284=DIRECTION('center_axis',(0.,0.,1.));
#3285=DIRECTION('ref_axis',(-1.,0.,0.));
#3286=DIRECTION('center_axis',(0.,0.,1.));
#3287=DIRECTION('ref_axis',(-1.,0.,0.));
#3288=DIRECTION('center_axis',(0.,0.,1.));
#3289=DIRECTION('ref_axis',(-1.,0.,0.));
#3290=DIRECTION('center_axis',(0.,0.,1.));
#3291=DIRECTION('ref_axis',(-1.,0.,0.));
#3292=DIRECTION('center_axis',(0.,0.,-1.));
#3293=DIRECTION('ref_axis',(-1.,0.,0.));
#3294=DIRECTION('',(0.,0.,1.));
#3295=DIRECTION('center_axis',(0.,0.,1.));
#3296=DIRECTION('ref_axis',(-1.,0.,0.));
#3297=DIRECTION('center_axis',(0.,0.,1.));
#3298=DIRECTION('ref_axis',(1.,0.,0.));
#3299=DIRECTION('',(0.,1.,0.));
#3300=DIRECTION('',(0.,-1.,0.));
#3301=DIRECTION('',(1.,0.,0.));
#3302=DIRECTION('center_axis',(0.,0.,-1.));
#3303=DIRECTION('ref_axis',(-1.,0.,0.));
#3304=DIRECTION('center_axis',(0.,-1.,0.));
#3305=DIRECTION('ref_axis',(-1.,0.,-3.58136459556499E-16));
#3306=DIRECTION('',(0.,-1.,0.));
#3307=DIRECTION('center_axis',(0.,1.,0.));
#3308=DIRECTION('ref_axis',(-1.,0.,-3.58136459556499E-16));
#3309=DIRECTION('center_axis',(-6.45845806065705E-8,0.999999999999998,0.));
#3310=DIRECTION('ref_axis',(-0.999999999999998,-6.45845806065705E-8,-3.58136459556499E-16));
#3311=DIRECTION('center_axis',(0.,1.,0.));
#3312=DIRECTION('ref_axis',(0.,0.,1.));
#3313=DIRECTION('center_axis',(0.,-1.,0.));
#3314=DIRECTION('ref_axis',(0.,0.,1.));
#3315=DIRECTION('',(0.,0.707106781186549,0.707106781186546));
#3316=DIRECTION('center_axis',(0.,1.,0.));
#3317=DIRECTION('ref_axis',(0.,0.,1.));
#3318=DIRECTION('center_axis',(7.31409530442746E-16,0.707106781186545,-0.70710678118655));
#3319=DIRECTION('ref_axis',(-1.,0.,-1.03436927760107E-15));
#3320=DIRECTION('',(0.,0.70710678118655,0.707106781186545));
#3321=DIRECTION('',(1.,0.,1.03436927760107E-15));
#3322=DIRECTION('',(-1.,0.,-1.03436927760107E-15));
#3323=DIRECTION('center_axis',(0.,1.,0.));
#3324=DIRECTION('ref_axis',(-1.,0.,-3.58136459556499E-16));
#3325=DIRECTION('center_axis',(0.,-1.,0.));
#3326=DIRECTION('ref_axis',(-1.,0.,-3.58136459556499E-16));
#3327=DIRECTION('center_axis',(0.,1.,0.));
#3328=DIRECTION('ref_axis',(-1.,0.,0.));
#3329=DIRECTION('center_axis',(0.,-1.,0.));
#3330=DIRECTION('ref_axis',(1.,0.,0.));
#3331=DIRECTION('',(0.707106781186546,0.,-0.707106781186549));
#3332=DIRECTION('',(0.707106781186546,0.,-0.707106781186549));
#3333=DIRECTION('center_axis',(-0.707106781186548,0.707106781186548,0.));
#3334=DIRECTION('ref_axis',(0.,0.,1.));
#3335=DIRECTION('',(0.,0.,1.));
#3336=DIRECTION('',(0.707106781186548,0.707106781186548,0.));
#3337=DIRECTION('center_axis',(6.45845806065705E-8,-0.999999999999998,0.));
#3338=DIRECTION('ref_axis',(-0.999999999999998,-6.45845806065705E-8,0.));
#3339=DIRECTION('center_axis',(0.,0.,-1.));
#3340=DIRECTION('ref_axis',(-1.,0.,0.));
#3341=DIRECTION('',(0.,0.,-1.));
#3342=DIRECTION('center_axis',(0.,0.,1.));
#3343=DIRECTION('ref_axis',(-1.,0.,0.));
#3344=DIRECTION('center_axis',(-0.577350269189626,0.577350269189626,0.577350269189625));
#3345=DIRECTION('ref_axis',(0.707106781186546,0.,0.707106781186549));
#3346=DIRECTION('',(0.,-0.707106781186546,0.707106781186549));
#3347=DIRECTION('',(-0.707106781186546,0.,-0.707106781186549));
#3348=DIRECTION('center_axis',(-0.707106781186549,0.,0.707106781186546));
#3349=DIRECTION('ref_axis',(0.707106781186546,0.,0.707106781186549));
#3350=DIRECTION('',(0.,-1.,0.));
#3351=DIRECTION('center_axis',(0.577350269189623,0.577350269189633,0.577350269189621));
#3352=DIRECTION('ref_axis',(0.707106781186546,0.,-0.707106781186549));
#3353=DIRECTION('',(-0.707106781186546,0.,0.707106781186549));
#3354=DIRECTION('',(-1.25607396694702E-14,0.707106781186546,-0.707106781186549));
#3355=DIRECTION('center_axis',(0.,0.707106781186549,0.707106781186546));
#3356=DIRECTION('ref_axis',(1.,0.,0.));
#3357=DIRECTION('center_axis',(0.707106781186549,0.,0.707106781186546));
#3358=DIRECTION('ref_axis',(0.707106781186546,0.,-0.707106781186549));
#3359=DIRECTION('center_axis',(-0.707106781186549,0.,-0.707106781186546));
#3360=DIRECTION('ref_axis',(-0.707106781186546,0.,0.707106781186549));
#3361=DIRECTION('',(0.,1.,0.));
#3362=DIRECTION('center_axis',(0.,1.,0.));
#3363=DIRECTION('ref_axis',(0.,0.,1.));
#3364=DIRECTION('center_axis',(0.,1.,0.));
#3365=DIRECTION('ref_axis',(0.,0.,1.));
#3366=DIRECTION('center_axis',(-0.707106781186549,0.,-0.707106781186546));
#3367=DIRECTION('ref_axis',(-0.707106781186546,0.,0.707106781186549));
#3368=DIRECTION('',(-0.707106781186546,0.,0.707106781186549));
#3369=DIRECTION('center_axis',(0.,1.,0.));
#3370=DIRECTION('ref_axis',(-1.,0.,0.));
#3371=DIRECTION('',(-0.707106781186546,0.,0.707106781186549));
#3372=DIRECTION('center_axis',(-0.707106781186549,0.,-0.707106781186546));
#3373=DIRECTION('ref_axis',(-0.707106781186546,0.,0.707106781186549));
#3374=DIRECTION('center_axis',(-0.707106781186549,0.,-0.707106781186546));
#3375=DIRECTION('ref_axis',(-0.707106781186546,0.,0.707106781186549));
#3376=DIRECTION('center_axis',(0.,0.,1.));
#3377=DIRECTION('ref_axis',(-1.,0.,0.));
#3378=DIRECTION('',(0.,1.,0.));
#3379=DIRECTION('center_axis',(-1.03436927760107E-15,0.,1.));
#3380=DIRECTION('ref_axis',(-1.,0.,-1.03436927760107E-15));
#3381=DIRECTION('',(0.,-1.,0.));
#3382=DIRECTION('center_axis',(0.,-1.,0.));
#3383=DIRECTION('ref_axis',(0.,0.,1.));
#3384=DIRECTION('',(0.,-1.,0.));
#3385=DIRECTION('center_axis',(1.,0.,-2.50191104140876E-14));
#3386=DIRECTION('ref_axis',(2.50191104140876E-14,0.,1.));
#3387=DIRECTION('center_axis',(-1.,0.,0.));
#3388=DIRECTION('ref_axis',(0.,1.,0.));
#3389=DIRECTION('center_axis',(-1.,0.,0.));
#3390=DIRECTION('ref_axis',(0.,0.707106781186549,0.707106781186546));
#3391=DIRECTION('center_axis',(-1.,0.,0.));
#3392=DIRECTION('ref_axis',(0.,0.707106781186549,0.707106781186546));
#3393=DIRECTION('center_axis',(1.,0.,0.));
#3394=DIRECTION('ref_axis',(0.,0.707106781186549,0.707106781186546));
#3395=DIRECTION('center_axis',(-1.,0.,0.));
#3396=DIRECTION('ref_axis',(0.,0.,1.));
#3397=CARTESIAN_POINT('',(0.,0.,0.));
#3398=CARTESIAN_POINT('Origin',(96.5000014379621,-93.813,3.00000004470348));
#3399=CARTESIAN_POINT('',(96.075001437962,-93.813,3.73612163792026));
#3400=CARTESIAN_POINT('',(95.6752813697541,-93.813,3.04378617097916));
#3401=CARTESIAN_POINT('',(96.075001437962,-93.813,3.73612163792026));
#3402=CARTESIAN_POINT('',(95.6752813697541,-93.813,3.692));
#3403=CARTESIAN_POINT('',(95.6752813697541,-93.813,1.60500002235174));
#3404=CARTESIAN_POINT('',(95.8995277835305,-93.813,3.692));
#3405=CARTESIAN_POINT('',(98.9500007344734,-93.813,3.692));
#3406=CARTESIAN_POINT('',(96.0000014305115,-93.813,3.86602546139271));
#3407=CARTESIAN_POINT('',(95.6250014249235,-93.813,3.21650639887579));
#3408=CARTESIAN_POINT('',(97.0000014454126,-93.813,3.86602546139271));
#3409=CARTESIAN_POINT('',(96.2500014342368,-93.813,3.86602546139271));
#3410=CARTESIAN_POINT('',(97.5000014528632,-93.813,3.00000004470348));
#3411=CARTESIAN_POINT('',(97.1250014472753,-93.813,3.6495191072204));
#3412=CARTESIAN_POINT('',(97.0000014454126,-93.813,2.13397462801426));
#3413=CARTESIAN_POINT('',(97.3750014510006,-93.813,2.78349369053118));
#3414=CARTESIAN_POINT('',(96.0000014305115,-93.813,2.13397462801426));
#3415=CARTESIAN_POINT('',(96.7500014416873,-93.813,2.13397462801426));
#3416=CARTESIAN_POINT('',(95.6752813697541,-93.813,2.69640627148292));
#3417=CARTESIAN_POINT('',(95.8750014286488,-93.813,2.35048098218657));
#3418=CARTESIAN_POINT('',(95.6752813697541,-93.813,2.9562139184278));
#3419=CARTESIAN_POINT('',(95.6752813697541,-93.813,1.60500002235174));
#3420=CARTESIAN_POINT('',(96.075001437962,-93.813,2.2638784514867));
#3421=CARTESIAN_POINT('',(95.650001437962,-93.813,3.00000004470348));
#3422=CARTESIAN_POINT('',(96.9250014379621,-93.813,2.2638784514867));
#3423=CARTESIAN_POINT('',(96.075001437962,-93.813,2.2638784514867));
#3424=CARTESIAN_POINT('',(97.3500014379621,-93.813,3.00000004470348));
#3425=CARTESIAN_POINT('',(96.9250014379621,-93.813,2.2638784514867));
#3426=CARTESIAN_POINT('',(96.9250014379621,-93.813,3.73612163792026));
#3427=CARTESIAN_POINT('',(97.3500014379621,-93.813,3.00000004470348));
#3428=CARTESIAN_POINT('',(96.9250014379621,-93.813,3.73612163792026));
#3429=CARTESIAN_POINT('Origin',(96.0000014305115,-97.2,2.13397462801426));
#3430=CARTESIAN_POINT('',(96.0000014305115,-93.8126199100077,2.13397462801426));
#3431=CARTESIAN_POINT('',(96.0000014305115,-95.3426199100077,2.13397462801426));
#3432=CARTESIAN_POINT('',(95.6752813697541,-93.8126199100077,2.69640627148292));
#3433=CARTESIAN_POINT('',(95.4055826840006,-93.8126199100077,3.1635380979425));
#3434=CARTESIAN_POINT('',(95.6752813697541,-95.3426199100077,2.69640627148292));
#3435=CARTESIAN_POINT('Origin',(97.0000014454126,-97.2,2.13397462801426));
#3436=CARTESIAN_POINT('',(97.0000014454126,-93.8126199100077,2.13397462801426));
#3437=CARTESIAN_POINT('',(97.0000014454126,-95.3426199100077,2.13397462801426));
#3438=CARTESIAN_POINT('',(96.3376414075834,-93.8126199100077,2.13397462801426));
#3439=CARTESIAN_POINT('Origin',(97.5000014528632,-97.2,3.00000004470348));
#3440=CARTESIAN_POINT('',(97.5000014528632,-93.8126199100077,3.00000004470348));
#3441=CARTESIAN_POINT('',(97.5000014528632,-97.2,3.00000004470348));
#3442=CARTESIAN_POINT('',(97.6382401785968,-93.8126199100077,3.23943654124764));
#3443=CARTESIAN_POINT('Origin',(97.0000014454126,-97.2,3.86602546139271));
#3444=CARTESIAN_POINT('',(97.0000014454126,-93.3126199100077,3.86602546139271));
#3445=CARTESIAN_POINT('',(97.0000014454126,-95.3426199100077,3.86602546139271));
#3446=CARTESIAN_POINT('',(97.1004750923936,-93.3126199100077,3.692));
#3447=CARTESIAN_POINT('',(96.6555827026271,-93.3126199100077,4.46257622297633));
#3448=CARTESIAN_POINT('',(97.1004750923936,-93.8126199100077,3.692));
#3449=CARTESIAN_POINT('',(97.1004750923936,-90.0509371418281,3.692));
#3450=CARTESIAN_POINT('',(96.6555827026271,-93.8126199100077,4.46257622297633));
#3451=CARTESIAN_POINT('Origin',(96.0000014305115,-97.2,3.86602546139271));
#3452=CARTESIAN_POINT('',(96.0000014305115,-93.3126199100077,3.86602546139271));
#3453=CARTESIAN_POINT('',(96.0000014305115,-95.3426199100077,3.86602546139271));
#3454=CARTESIAN_POINT('',(95.8376414001328,-93.3126199100077,3.86602546139271));
#3455=CARTESIAN_POINT('Origin',(95.5000014230609,-97.2,3.00000004470348));
#3456=CARTESIAN_POINT('',(95.8995277835305,-93.3126199100077,3.692));
#3457=CARTESIAN_POINT('',(95.8995277835305,-90.0509371418281,3.692));
#3458=CARTESIAN_POINT('',(95.8882401525198,-93.3126199100077,3.67244924959225));
#3459=CARTESIAN_POINT('Origin',(101.400000030985,-84.7592543736485,3.692));
#3460=CARTESIAN_POINT('',(95.6752813697541,-95.3426199100077,3.692));
#3461=CARTESIAN_POINT('',(95.6752813697541,-89.4356271868242,3.692));
#3462=CARTESIAN_POINT('',(94.0115897571312,-97.2,3.692));
#3463=CARTESIAN_POINT('',(98.7475139291075,-91.9127152664584,3.692));
#3464=CARTESIAN_POINT('',(92.8,-97.2,3.692));
#3465=CARTESIAN_POINT('',(94.0115897571312,-97.2,3.692));
#3466=CARTESIAN_POINT('',(92.7999983930393,-72.3185089980045,3.692));
#3467=CARTESIAN_POINT('',(92.7999995982598,-90.9796273999534,3.692));
#3468=CARTESIAN_POINT('',(96.06907491482,-72.3185087868726,3.692));
#3469=CARTESIAN_POINT('',(96.6818467274252,-72.3185087472969,3.692));
#3470=CARTESIAN_POINT('',(96.06907491482,-80.5185087472969,3.692));
#3471=CARTESIAN_POINT('',(96.06907491482,-63.8185087472969,3.692));
#3472=CARTESIAN_POINT('',(97.5856309550798,-81.8185087472969,3.692));
#3473=CARTESIAN_POINT('Ctrl Pts',(97.5856309550796,-81.818508747297,3.692));
#3474=CARTESIAN_POINT('Ctrl Pts',(97.3749981717102,-81.807381587088,3.692));
#3475=CARTESIAN_POINT('Ctrl Pts',(96.06907491482,-80.5185087472969,3.692));
#3476=CARTESIAN_POINT('',(104.05204460264,-81.8185087472969,3.692));
#3477=CARTESIAN_POINT('',(101.109418904922,-81.8185087472969,3.692));
#3478=CARTESIAN_POINT('',(105.568600642899,-80.5185087472969,3.692));
#3479=CARTESIAN_POINT('Ctrl Pts',(105.568600642899,-80.5185087472969,3.692));
#3480=CARTESIAN_POINT('Ctrl Pts',(104.262677386009,-81.8073815870879,3.692));
#3481=CARTESIAN_POINT('Ctrl Pts',(104.05204460264,-81.818508747297,3.692));
#3482=CARTESIAN_POINT('',(105.568600642899,-72.3185087472969,3.692));
#3483=CARTESIAN_POINT('',(105.568600642899,-63.8185087472969,3.692));
#3484=CARTESIAN_POINT('',(109.2,-72.3185087472969,3.692));
#3485=CARTESIAN_POINT('',(96.6818467274252,-72.3185087472969,3.692));
#3486=CARTESIAN_POINT('',(109.2,-88.9716463988996,3.692));
#3487=CARTESIAN_POINT('',(109.2,-75.2673771868242,3.692));
#3488=CARTESIAN_POINT('',(110.00000166893,-88.9716463988996,3.692));
#3489=CARTESIAN_POINT('',(106.700000849957,-88.9716463988996,3.692));
#3490=CARTESIAN_POINT('',(110.00000166893,-93.000001385808,3.692));
#3491=CARTESIAN_POINT('',(110.00000166893,-88.8796278797282,3.692));
#3492=CARTESIAN_POINT('',(109.2,-93.000001385808,3.692));
#3493=CARTESIAN_POINT('',(106.300000015492,-93.000001385808,3.692));
#3494=CARTESIAN_POINT('',(109.2,-94.1123154811671,3.692));
#3495=CARTESIAN_POINT('',(109.2,-75.2673771868242,3.692));
#3496=CARTESIAN_POINT('',(105.752799757509,-94.1123154811671,3.692));
#3497=CARTESIAN_POINT('',(101.819258038855,-94.1123154811671,3.692));
#3498=CARTESIAN_POINT('',(105.752799757509,-94.112,3.692));
#3499=CARTESIAN_POINT('',(105.752799757509,-90.0357849274077,3.692));
#3500=CARTESIAN_POINT('',(105.752799757509,-93.3123154811671,3.692));
#3501=CARTESIAN_POINT('',(105.752799757509,-90.0357849274077,3.692));
#3502=CARTESIAN_POINT('',(104.551852448646,-93.3123154811671,3.692));
#3503=CARTESIAN_POINT('',(106.300000015492,-93.3123154811671,3.692));
#3504=CARTESIAN_POINT('',(104.551852448646,-94.112,3.692));
#3505=CARTESIAN_POINT('',(104.551852448646,-90.0357849274077,3.692));
#3506=CARTESIAN_POINT('',(104.551852448646,-94.1123154811671,3.692));
#3507=CARTESIAN_POINT('',(104.551852448646,-90.0357849274077,3.692));
#3508=CARTESIAN_POINT('',(102.238516046726,-94.1123154811671,3.692));
#3509=CARTESIAN_POINT('',(101.819258038855,-94.1123154811671,3.692));
#3510=CARTESIAN_POINT('',(102.238516046726,-97.2,3.692));
#3511=CARTESIAN_POINT('',(102.238516046726,-90.0357849274077,3.692));
#3512=CARTESIAN_POINT('',(98.8814592291943,-97.2,3.692));
#3513=CARTESIAN_POINT('',(102.238516046726,-97.2,3.692));
#3514=CARTESIAN_POINT('',(98.8814592291943,-93.8126199100077,3.692));
#3515=CARTESIAN_POINT('',(98.8814592291943,-90.0509371418281,3.692));
#3516=CARTESIAN_POINT('',(98.5376407003694,-93.8126199100077,3.692));
#3517=CARTESIAN_POINT('',(100.14072963009,-93.3126199100077,3.692));
#3518=CARTESIAN_POINT('Origin',(95.6752813697541,-95.3426199100077,0.21));
#3519=CARTESIAN_POINT('',(95.6752813697541,-95.3426199100077,3.04378617097915));
#3520=CARTESIAN_POINT('',(95.6752813697541,-96.2713099550039,3.04378617097916));
#3521=CARTESIAN_POINT('',(95.6752813697541,-95.3426199100077,2.451));
#3522=CARTESIAN_POINT('Origin',(95.6752813697541,-95.3426199100077,0.21));
#3523=CARTESIAN_POINT('',(95.6752813697541,-93.8126199100077,0.21));
#3524=CARTESIAN_POINT('',(95.6752813697541,-93.8126199100077,4.692));
#3525=CARTESIAN_POINT('',(95.6752813697541,-95.3426199100077,0.21));
#3526=CARTESIAN_POINT('',(95.6752813697541,-95.3426199100077,0.21));
#3527=CARTESIAN_POINT('',(95.6752813697541,-95.3426199100077,2.95621391842781));
#3528=CARTESIAN_POINT('',(95.6752813697541,-95.3426199100077,4.692));
#3529=CARTESIAN_POINT('',(95.6752813697541,-96.2713099550039,2.9562139184278));
#3530=CARTESIAN_POINT('Origin',(96.075001437962,-97.2,2.2638784514867));
#3531=CARTESIAN_POINT('',(96.075001437962,-97.2,2.2638784514867));
#3532=CARTESIAN_POINT('',(96.075001437962,-97.2,2.2638784514867));
#3533=CARTESIAN_POINT('',(96.9250014379621,-97.2,2.2638784514867));
#3534=CARTESIAN_POINT('',(96.075001437962,-97.2,2.2638784514867));
#3535=CARTESIAN_POINT('',(96.9250014379621,-97.2,2.2638784514867));
#3536=CARTESIAN_POINT('Origin',(95.650001437962,-97.2,3.00000004470348));
#3537=CARTESIAN_POINT('',(95.650001437962,-95.370842954249,3.00000004470348));
#3538=CARTESIAN_POINT('',(94.8253152631836,-96.2915398369546,4.42839839971934));
#3539=CARTESIAN_POINT('',(95.650001437962,-97.2,3.00000004470348));
#3540=CARTESIAN_POINT('',(95.650001437962,-97.2,3.00000004470348));
#3541=CARTESIAN_POINT('',(95.650001437962,-97.2,3.00000004470348));
#3542=CARTESIAN_POINT('Origin',(96.075001437962,-97.2,3.73612163792026));
#3543=CARTESIAN_POINT('',(96.075001437962,-97.2,3.73612163792026));
#3544=CARTESIAN_POINT('',(96.075001437962,-97.2,3.73612163792026));
#3545=CARTESIAN_POINT('',(96.075001437962,-97.2,3.73612163792026));
#3546=CARTESIAN_POINT('',(95.5459299777602,-95.4870305076685,2.81974298801601));
#3547=CARTESIAN_POINT('Origin',(96.9250014379621,-97.2,3.73612163792026));
#3548=CARTESIAN_POINT('',(96.9250014379621,-97.2,3.73612163792026));
#3549=CARTESIAN_POINT('',(96.9250014379621,-97.2,3.73612163792026));
#3550=CARTESIAN_POINT('',(96.9250014379621,-97.2,3.73612163792026));
#3551=CARTESIAN_POINT('Origin',(97.3500014379621,-97.2,3.00000004470348));
#3552=CARTESIAN_POINT('',(97.3500014379621,-97.2,3.00000004470348));
#3553=CARTESIAN_POINT('',(97.3500014379621,-97.2,3.00000004470348));
#3554=CARTESIAN_POINT('',(97.3500014379621,-97.2,3.00000004470348));
#3555=CARTESIAN_POINT('Origin',(96.9250014379621,-97.2,2.2638784514867));
#3556=CARTESIAN_POINT('',(96.9250014379621,-97.2,2.2638784514867));
#3557=CARTESIAN_POINT('Origin',(105.652326110528,-97.2,3.86602546139271));
#3558=CARTESIAN_POINT('',(106.152326117979,-94.1123154811671,3.00000004470348));
#3559=CARTESIAN_POINT('',(105.046771119225,-94.1123154811671,4.91487747310735));
#3560=CARTESIAN_POINT('',(106.152326117979,-94.112,3.00000004470348));
#3561=CARTESIAN_POINT('',(106.152326117979,-97.2,3.00000004470348));
#3562=CARTESIAN_POINT('',(105.652326110528,-94.112,3.86602546139271));
#3563=CARTESIAN_POINT('Origin',(106.152326117979,-97.2,3.00000004470348));
#3564=CARTESIAN_POINT('',(105.652326110528,-94.1123154811671,2.13397462801426));
#3565=CARTESIAN_POINT('',(106.029428595194,-94.1123154811671,2.78713529111662));
#3566=CARTESIAN_POINT('',(105.652326110528,-94.112,2.13397462801426));
#3567=CARTESIAN_POINT('',(105.652326110528,-97.2,2.13397462801426));
#3568=CARTESIAN_POINT('',(106.152326117979,-94.112,3.00000004470348));
#3569=CARTESIAN_POINT('Origin',(105.652326110528,-97.2,2.13397462801426));
#3570=CARTESIAN_POINT('',(104.652326095627,-94.1123154811671,2.13397462801426));
#3571=CARTESIAN_POINT('',(103.945421078627,-94.1123154811671,2.13397462801426));
#3572=CARTESIAN_POINT('',(104.652326095627,-94.112,2.13397462801426));
#3573=CARTESIAN_POINT('',(104.652326095627,-97.2,2.13397462801426));
#3574=CARTESIAN_POINT('',(105.652326110528,-94.112,2.13397462801426));
#3575=CARTESIAN_POINT('Origin',(104.652326095627,-97.2,2.13397462801426));
#3576=CARTESIAN_POINT('',(104.152326088176,-94.1123154811671,3.00000004470348));
#3577=CARTESIAN_POINT('',(103.796771100598,-94.1123154811671,3.61583934807351));
#3578=CARTESIAN_POINT('',(104.152326088176,-94.112,3.00000004470348));
#3579=CARTESIAN_POINT('',(104.152326088176,-97.2,3.00000004470348));
#3580=CARTESIAN_POINT('',(104.652326095627,-94.112,2.13397462801426));
#3581=CARTESIAN_POINT('Origin',(104.727325993045,-97.2,2.26387851501388));
#3582=CARTESIAN_POINT('',(105.577325993045,-97.2,2.26387838795955));
#3583=CARTESIAN_POINT('',(104.727325993045,-97.2,2.26387851501388));
#3584=CARTESIAN_POINT('',(104.727325993045,-97.2,2.26387851501388));
#3585=CARTESIAN_POINT('',(105.577325993045,-94.112,2.26387838795955));
#3586=CARTESIAN_POINT('',(105.577325993045,-97.2,2.26387838795955));
#3587=CARTESIAN_POINT('',(104.727325993045,-94.112,2.26387851501388));
#3588=CARTESIAN_POINT('',(104.727325993045,-94.112,2.26387851501388));
#3589=CARTESIAN_POINT('',(104.727325993045,-97.2,2.26387851501388));
#3590=CARTESIAN_POINT('Origin',(104.302326103077,-97.2,3.00000017175781));
#3591=CARTESIAN_POINT('',(104.302326103077,-97.2,3.00000017175781));
#3592=CARTESIAN_POINT('',(104.302326103077,-97.2,3.00000017175781));
#3593=CARTESIAN_POINT('',(104.302326103077,-94.112,3.00000017175781));
#3594=CARTESIAN_POINT('',(104.302326103077,-94.112,3.00000017175781));
#3595=CARTESIAN_POINT('',(104.302326103077,-97.2,3.00000017175781));
#3596=CARTESIAN_POINT('Origin',(104.72732621311,-97.2,3.73612170144741));
#3597=CARTESIAN_POINT('',(104.72732621311,-97.2,3.73612170144741));
#3598=CARTESIAN_POINT('',(104.72732621311,-97.2,3.73612170144741));
#3599=CARTESIAN_POINT('',(104.72732621311,-94.112,3.73612170144741));
#3600=CARTESIAN_POINT('',(104.72732621311,-94.112,3.73612170144741));
#3601=CARTESIAN_POINT('',(104.72732621311,-97.2,3.73612170144741));
#3602=CARTESIAN_POINT('Origin',(105.57732621311,-97.2,3.73612157439309));
#3603=CARTESIAN_POINT('',(105.57732621311,-97.2,3.73612157439309));
#3604=CARTESIAN_POINT('',(105.57732621311,-97.2,3.73612157439309));
#3605=CARTESIAN_POINT('',(105.57732621311,-94.112,3.73612157439309));
#3606=CARTESIAN_POINT('',(105.57732621311,-94.112,3.73612157439309));
#3607=CARTESIAN_POINT('',(105.57732621311,-97.2,3.73612157439309));
#3608=CARTESIAN_POINT('Origin',(106.002326103077,-97.2,2.99999991764916));
#3609=CARTESIAN_POINT('',(106.002326103077,-97.2,2.99999991764916));
#3610=CARTESIAN_POINT('',(106.002326103077,-97.2,2.99999991764916));
#3611=CARTESIAN_POINT('',(106.002326103077,-94.112,2.99999991764916));
#3612=CARTESIAN_POINT('',(106.002326103077,-94.112,2.99999991764916));
#3613=CARTESIAN_POINT('',(106.002326103077,-97.2,2.99999991764916));
#3614=CARTESIAN_POINT('Origin',(105.577325993045,-97.2,2.26387838795955));
#3615=CARTESIAN_POINT('',(105.577325993045,-97.2,2.26387838795955));
#3616=CARTESIAN_POINT('',(105.577325993045,-94.112,2.26387838795955));
#3617=CARTESIAN_POINT('Origin',(104.152326088176,-97.2,3.00000004470348));
#3618=CARTESIAN_POINT('',(104.152326088176,-94.112,3.00000004470348));
#3619=CARTESIAN_POINT('',(104.279428569117,-94.1123154811671,3.22014799946123));
#3620=CARTESIAN_POINT('Origin',(105.152326103077,-94.112,3.00000004470348));
#3621=CARTESIAN_POINT('',(104.652326095627,-94.112,3.86602546139271));
#3622=CARTESIAN_POINT('',(104.277326090039,-94.112,3.21650639887579));
#3623=CARTESIAN_POINT('',(105.652326110528,-94.112,3.86602546139271));
#3624=CARTESIAN_POINT('',(104.902326099352,-94.112,3.86602546139271));
#3625=CARTESIAN_POINT('',(105.777326112391,-94.112,3.6495191072204));
#3626=CARTESIAN_POINT('Origin',(105.652326110528,-97.2,3.86602546139271));
#3627=CARTESIAN_POINT('',(105.652326110528,-93.3123154811671,3.86602546139271));
#3628=CARTESIAN_POINT('',(105.652326110528,-95.3123154811671,3.86602546139271));
#3629=CARTESIAN_POINT('',(105.046771119225,-93.3123154811671,4.91487747310735));
#3630=CARTESIAN_POINT('Origin',(104.652326095627,-97.2,3.86602546139271));
#3631=CARTESIAN_POINT('',(104.652326095627,-93.3123154811671,3.86602546139271));
#3632=CARTESIAN_POINT('',(104.652326095627,-95.3123154811671,3.86602546139271));
#3633=CARTESIAN_POINT('',(103.445421071176,-93.3123154811671,3.86602546139271));
#3634=CARTESIAN_POINT('Origin',(104.152326088176,-97.2,3.00000004470348));
#3635=CARTESIAN_POINT('',(104.279428569117,-93.3123154811671,3.22014799946123));
#3636=CARTESIAN_POINT('Origin',(102.238516046726,-94.1123154811671,4.692));
#3637=CARTESIAN_POINT('',(102.238516046726,-94.1123154811671,0.21));
#3638=CARTESIAN_POINT('',(102.238516046726,-94.1123154811671,4.692));
#3639=CARTESIAN_POINT('',(111.2,-94.1123154811671,1.692));
#3640=CARTESIAN_POINT('',(107.709629011681,-94.1123154811671,5.18237098831853));
#3641=CARTESIAN_POINT('',(111.2,-94.1123154811671,0.21));
#3642=CARTESIAN_POINT('',(111.2,-94.1123154811671,1.491));
#3643=CARTESIAN_POINT('',(111.2,-94.1123154811671,0.21));
#3644=CARTESIAN_POINT('Origin',(95.6752813697541,-93.8126199100077,4.692));
#3645=CARTESIAN_POINT('',(98.8814592291943,-93.8126199100077,0.21));
#3646=CARTESIAN_POINT('',(98.8814592291943,-93.8126199100077,4.692));
#3647=CARTESIAN_POINT('',(95.6752813697541,-93.8126199100077,0.21));
#3648=CARTESIAN_POINT('Origin',(90.0261637705198,-70.8185087472969,-11.81));
#3649=CARTESIAN_POINT('',(90.0261637705198,-68.468508747297,-11.81));
#3650=CARTESIAN_POINT('Origin',(90.0261637705198,-70.8185087472969,-11.81));
#3651=CARTESIAN_POINT('',(90.0261637705198,-69.7185087472969,-11.81));
#3652=CARTESIAN_POINT('Origin',(90.0261637705198,-70.8185087472969,-11.81));
#3653=CARTESIAN_POINT('Origin',(88.8261637705198,-70.8185087472969,-11.81));
#3654=CARTESIAN_POINT('',(88.8261637705198,-68.468508747297,-11.81));
#3655=CARTESIAN_POINT('Origin',(88.8261637705198,-70.8185087472969,-11.81));
#3656=CARTESIAN_POINT('',(88.8261637705198,-68.468508747297,-11.81));
#3657=CARTESIAN_POINT('Origin',(88.8261637705198,-88.57,-1.8));
#3658=CARTESIAN_POINT('',(90.7999995072197,-89.57,-2.8));
#3659=CARTESIAN_POINT('',(90.7999937223787,-87.57,-0.8));
#3660=CARTESIAN_POINT('',(90.7999995805231,-90.7049999681302,-3.93499996813016));
#3661=CARTESIAN_POINT('',(89.6999937223787,-87.57,-0.8));
#3662=CARTESIAN_POINT('',(90.7999937223787,-87.57,-0.8));
#3663=CARTESIAN_POINT('',(89.6999937223787,-89.57,-2.8));
#3664=CARTESIAN_POINT('',(89.6999937223787,-88.7775,-2.00749999999999));
#3665=CARTESIAN_POINT('',(88.8261637705198,-89.57,-2.8));
#3666=CARTESIAN_POINT('Origin',(90.8,-97.2,-1.71));
#3667=CARTESIAN_POINT('',(90.7999995072197,-89.57,-5.79747737612535));
#3668=CARTESIAN_POINT('',(90.7999995072197,-89.57,-1.70436934428134));
#3669=CARTESIAN_POINT('',(90.8,-97.2,-5.79747737612535));
#3670=CARTESIAN_POINT('',(90.7999994933094,-89.354618937222,-5.79747737612535));
#3671=CARTESIAN_POINT('',(90.8,-97.2,-15.71));
#3672=CARTESIAN_POINT('',(90.8,-97.2,-1.71));
#3673=CARTESIAN_POINT('',(90.7999982434606,-70.0024966005569,-15.71));
#3674=CARTESIAN_POINT('',(90.7999982434606,-70.0024966005569,-15.71));
#3675=CARTESIAN_POINT('',(90.7999982434606,-70.0024966005569,-13.5258450327383));
#3676=CARTESIAN_POINT('',(90.7999982434606,-70.0024966005569,-1.71));
#3677=CARTESIAN_POINT('',(90.7999982434606,-70.0024966005569,-10.0941549672617));
#3678=CARTESIAN_POINT('Origin',(90.7999982961624,-70.8185087472969,-11.81));
#3679=CARTESIAN_POINT('',(90.7999982434607,-70.0024966005569,-2.21));
#3680=CARTESIAN_POINT('',(90.7999982434606,-70.0024966005569,-1.71));
#3681=CARTESIAN_POINT('',(90.7999982434606,-70.0024966005569,-1.71));
#3682=CARTESIAN_POINT('',(90.7999982434607,-70.0024966005569,-2.21));
#3683=CARTESIAN_POINT('',(90.7999979704618,-65.7755,-1.71));
#3684=CARTESIAN_POINT('',(90.7999990218828,-82.0552516607313,-1.71));
#3685=CARTESIAN_POINT('',(90.7999979704618,-65.7755,2.292));
#3686=CARTESIAN_POINT('',(90.7999979704618,-65.7755,-1.71));
#3687=CARTESIAN_POINT('',(90.7999983930393,-72.3185091271737,2.292));
#3688=CARTESIAN_POINT('',(90.7999994610176,-88.8546275105921,2.292));
#3689=CARTESIAN_POINT('',(90.7999983930393,-72.3185091271737,1.692));
#3690=CARTESIAN_POINT('',(90.7999983930393,-72.3185091271737,1.491));
#3691=CARTESIAN_POINT('',(90.7999937223787,-87.57,1.69199434432824));
#3692=CARTESIAN_POINT('',(90.7999995982598,-90.9796275291225,1.692));
#3693=CARTESIAN_POINT('',(90.7999993780505,-87.57,0.345));
#3694=CARTESIAN_POINT('Origin',(89.8130818852599,-80.5092450791273,-15.71));
#3695=CARTESIAN_POINT('',(89.8261637705198,-63.8185087472969,-15.71));
#3696=CARTESIAN_POINT('',(89.8261637705198,-99.2,-15.71));
#3697=CARTESIAN_POINT('',(89.8261637705198,-75.2558708398421,-15.71));
#3698=CARTESIAN_POINT('',(90.7999982434606,-65.4375087472969,-15.71));
#3699=CARTESIAN_POINT('',(90.7999982434606,-65.4375087472969,-15.71));
#3700=CARTESIAN_POINT('',(90.7999982434606,-65.4375087472969,-15.71));
#3701=CARTESIAN_POINT('',(90.8,-99.2,-15.71));
#3702=CARTESIAN_POINT('',(90.8,-97.2,-15.71));
#3703=CARTESIAN_POINT('',(89.8261637705198,-99.2,-15.71));
#3704=CARTESIAN_POINT('Origin',(89.3261637705198,-75.2558708398421,-15.21));
#3705=CARTESIAN_POINT('',(88.8261637705198,-98.2,-14.71));
#3706=CARTESIAN_POINT('',(83.9224538011654,-93.2962900306456,-9.80629003064556));
#3707=CARTESIAN_POINT('',(88.8261637705198,-64.8185087472969,-14.71));
#3708=CARTESIAN_POINT('',(88.8261637705198,-75.2558708398421,-14.71));
#3709=CARTESIAN_POINT('',(85.2532700884289,-68.3914024293878,-11.1371063179091));
#3710=CARTESIAN_POINT('Origin',(89.8130818852599,-99.2,-10.7537386880627));
#3711=CARTESIAN_POINT('',(89.8261637705198,-99.2,-5.79747737612535));
#3712=CARTESIAN_POINT('',(89.8261637705198,-99.2,-6.23186934403134));
#3713=CARTESIAN_POINT('',(90.8,-99.2,-5.79747737612535));
#3714=CARTESIAN_POINT('',(90.8,-99.2,-15.71));
#3715=CARTESIAN_POINT('',(88.8261637705198,-99.2,-5.79747737612535));
#3716=CARTESIAN_POINT('Origin',(90.8,-97.2,-15.71));
#3717=CARTESIAN_POINT('',(90.8,-97.2,-5.79747737612535));
#3718=CARTESIAN_POINT('Origin',(90.8,-97.2,-5.79747737612535));
#3719=CARTESIAN_POINT('',(88.8261637705198,-89.57,-5.79747737612535));
#3720=CARTESIAN_POINT('',(100.82616377052,-89.57,-5.79747737612535));
#3721=CARTESIAN_POINT('',(88.8261637705198,-98.2,-5.79747737612535));
#3722=CARTESIAN_POINT('',(88.8261637705198,-75.7558669137326,-5.79747737612535));
#3723=CARTESIAN_POINT('',(89.3196228278898,-98.6934590573701,-5.79747737612535));
#3724=CARTESIAN_POINT('Origin',(89.3261637705198,-98.7,-6.23186934403134));
#3725=CARTESIAN_POINT('',(88.8261637705198,-98.2,-6.23186934403134));
#3726=CARTESIAN_POINT('Origin',(88.8261637705198,-70.8185087472969,-11.81));
#3727=CARTESIAN_POINT('',(91.3261637705198,-69.7185087472969,-11.81));
#3728=CARTESIAN_POINT('',(88.8261637705198,-69.7185087472969,-11.81));
#3729=CARTESIAN_POINT('Origin',(91.3261637705198,-70.8185087472969,-11.81));
#3730=CARTESIAN_POINT('Origin',(91.3261637705198,-70.8185087472969,-11.81));
#3731=CARTESIAN_POINT('',(91.3261637705198,-69.2185087472969,-11.81));
#3732=CARTESIAN_POINT('Origin',(91.3261637705198,-70.8185087472969,-11.81));
#3733=CARTESIAN_POINT('Origin',(88.8261637705198,-70.8185087472969,-11.81));
#3734=CARTESIAN_POINT('',(91.0261637705198,-68.9185087472969,-11.81));
#3735=CARTESIAN_POINT('Origin',(91.0261637705198,-70.8185087472969,-11.81));
#3736=CARTESIAN_POINT('',(90.7999982434606,-68.9185087472969,-11.81));
#3737=CARTESIAN_POINT('',(88.8261637705198,-68.9185087472969,-11.81));
#3738=CARTESIAN_POINT('Origin',(90.7999982434606,-70.8185087472969,-11.81));
#3739=CARTESIAN_POINT('Origin',(90.7999982434606,-70.8185087472969,-11.81));
#3740=CARTESIAN_POINT('Origin',(91.1761637705198,-70.8185087472969,-11.81));
#3741=CARTESIAN_POINT('',(91.1761637705198,-69.0685087472969,-11.81));
#3742=CARTESIAN_POINT('Origin',(106.719258023363,-96.2561577405835,0.21));
#3743=CARTESIAN_POINT('',(111.2,-97.2,0.21));
#3744=CARTESIAN_POINT('',(111.2,-80.5439077405835,0.21));
#3745=CARTESIAN_POINT('',(102.238516046726,-97.2,0.21));
#3746=CARTESIAN_POINT('',(108.959629011681,-97.2,0.21));
#3747=CARTESIAN_POINT('',(102.238516046726,-95.3123154811671,0.21));
#3748=CARTESIAN_POINT('Origin',(111.2,-65.7755,-1.71));
#3749=CARTESIAN_POINT('',(111.2,-93.000001385808,1.692));
#3750=CARTESIAN_POINT('',(111.2,-75.2673771868242,1.692));
#3751=CARTESIAN_POINT('',(111.2,-93.000001385808,-5.71));
#3752=CARTESIAN_POINT('',(111.2,-93.000001385808,-1.71));
#3753=CARTESIAN_POINT('',(111.2,-97.2,-5.71));
#3754=CARTESIAN_POINT('',(111.2,-73.5470043736485,-5.71));
#3755=CARTESIAN_POINT('',(111.2,-97.2,-1.71));
#3756=CARTESIAN_POINT('Origin',(100.82616377052,-81.3185087472969,-5.71));
#3757=CARTESIAN_POINT('',(112.82616377052,-93.000001385808,-5.71));
#3758=CARTESIAN_POINT('',(106.413082719725,-93.000001385808,-5.71));
#3759=CARTESIAN_POINT('',(112.82616377052,-97.2,-5.71));
#3760=CARTESIAN_POINT('',(112.82616377052,-72.5685087472969,-5.71));
#3761=CARTESIAN_POINT('',(94.8261637705198,-97.2,-5.71));
#3762=CARTESIAN_POINT('Origin',(100.82616377052,-66.9105026739269,-1.71));
#3763=CARTESIAN_POINT('',(93.1839071428206,-65.4370174945939,-1.71));
#3764=CARTESIAN_POINT('',(93.7002593625391,-64.4481394082395,-1.71));
#3765=CARTESIAN_POINT('',(92.6947477543847,-65.7755,-1.71));
#3766=CARTESIAN_POINT('',(95.178496343074,-64.0568261587665,-1.71));
#3767=CARTESIAN_POINT('',(95.8130808704908,-65.7755,-1.71));
#3768=CARTESIAN_POINT('Origin',(97.5988377788595,-63.8185087472969,1.18234908410808));
#3769=CARTESIAN_POINT('',(104.03883777886,-65.4370174945939,1.18234908410809));
#3770=CARTESIAN_POINT('',(97.5988377788595,-65.4370174945939,1.18234908410808));
#3771=CARTESIAN_POINT('',(95.3913724608401,-65.4370174945939,1.18234908410808));
#3772=CARTESIAN_POINT('',(104.03883777886,-63.8185087472969,1.18234908410809));
#3773=CARTESIAN_POINT('',(104.03883777886,-63.8185087472969,1.18234908410809));
#3774=CARTESIAN_POINT('',(97.5988377788595,-63.8185087472969,1.18234908410808));
#3775=CARTESIAN_POINT('',(93.2125007746896,-63.8185087472969,1.18234908410808));
#3776=CARTESIAN_POINT('',(97.5988377788595,-63.8185087472969,1.18234908410808));
#3777=CARTESIAN_POINT('Origin',(100.82616377052,-66.9105026739269,-1.71));
#3778=CARTESIAN_POINT('',(108.468420398219,-65.4370174945939,-1.71));
#3779=CARTESIAN_POINT('',(111.2,-70.0024966005569,-1.71));
#3780=CARTESIAN_POINT('',(109.151522628408,-66.5787337957152,-1.71));
#3781=CARTESIAN_POINT('',(111.2,-65.7755,-1.71));
#3782=CARTESIAN_POINT('',(111.2,-66.3430013369635,-1.71));
#3783=CARTESIAN_POINT('',(108.957579786655,-65.7755,-1.71));
#3784=CARTESIAN_POINT('',(104.891871778587,-65.7755,-1.71));
#3785=CARTESIAN_POINT('',(106.229251503748,-63.8875849060634,-1.71));
#3786=CARTESIAN_POINT('Origin',(111.2,-70.0024966005569,-2.71));
#3787=CARTESIAN_POINT('',(111.2,-70.0024966005569,-2.21));
#3788=CARTESIAN_POINT('',(108.468714320463,-65.4375087472969,-2.21));
#3789=CARTESIAN_POINT('',(109.151522628408,-66.5787337957152,-2.21));
#3790=CARTESIAN_POINT('',(111.2,-70.0024966005569,-2.21));
#3791=CARTESIAN_POINT('',(108.468420398219,-65.4370174945939,-2.71));
#3792=CARTESIAN_POINT('',(108.468420398219,-65.4370174945939,-2.71));
#3793=CARTESIAN_POINT('',(108.468714320463,-65.4375087472969,-2.71));
#3794=CARTESIAN_POINT('',(109.151522628408,-66.5787337957152,-2.71));
#3795=CARTESIAN_POINT('',(108.468714320463,-65.437508747297,-3.71));
#3796=CARTESIAN_POINT('Origin',(112.00000166893,-93.000001385808,-1.71));
#3797=CARTESIAN_POINT('',(112.00000166893,-88.9716463988996,1.692));
#3798=CARTESIAN_POINT('',(112.00000166893,-93.000001385808,1.692));
#3799=CARTESIAN_POINT('',(112.00000166893,-88.8796278797282,1.692));
#3800=CARTESIAN_POINT('',(112.00000166893,-88.9716463988996,-5.21));
#3801=CARTESIAN_POINT('',(112.00000166893,-88.9716463988996,-1.71));
#3802=CARTESIAN_POINT('',(112.00000166893,-93.000001385808,-5.21));
#3803=CARTESIAN_POINT('',(112.00000166893,-91.9929126390809,-5.21));
#3804=CARTESIAN_POINT('',(112.00000166893,-93.000001385808,-1.71));
#3805=CARTESIAN_POINT('Origin',(100.82616377052,-66.9105026739269,-2.71));
#3806=CARTESIAN_POINT('',(90.800001385808,-65.4375087472969,-2.71));
#3807=CARTESIAN_POINT('',(92.6195915282088,-65.4375087472969,-2.71));
#3808=CARTESIAN_POINT('',(96.9130825781639,-65.4375087472969,-2.71));
#3809=CARTESIAN_POINT('',(90.7999982434606,-68.9222539592882,-2.71));
#3810=CARTESIAN_POINT('',(93.2570433963586,-64.2167099215212,-2.71));
#3811=CARTESIAN_POINT('',(90.7999982434606,-68.4564996372419,-2.71));
#3812=CARTESIAN_POINT('Origin',(100.99999912173,-65.4375087472969,-4.71));
#3813=CARTESIAN_POINT('',(90.7999982434606,-65.4375087472969,-5.71));
#3814=CARTESIAN_POINT('',(111.2,-65.4375087472969,-5.71));
#3815=CARTESIAN_POINT('',(100.913081446125,-65.4375087472969,-5.71));
#3816=CARTESIAN_POINT('',(111.200001624227,-65.4375087472969,-2.71));
#3817=CARTESIAN_POINT('',(111.2,-65.4375087472969,-2.18795716687951));
#3818=CARTESIAN_POINT('',(109.051375650041,-65.4375087472969,-2.71));
#3819=CARTESIAN_POINT('',(104.913082697373,-65.4375087472969,-2.71));
#3820=CARTESIAN_POINT('',(109.054526341868,-65.437508747297,-2.71270370768308));
#3821=CARTESIAN_POINT('',(93.1836506304889,-65.4375087472969,-2.71));
#3822=CARTESIAN_POINT('',(111.2,-65.4375087472969,-2.71));
#3823=CARTESIAN_POINT('',(93.1836506304889,-65.4375087472969,-2.21));
#3824=CARTESIAN_POINT('',(93.1836506304889,-65.437508747297,-3.71));
#3825=CARTESIAN_POINT('',(92.4603173259435,-65.437508747297,-2.85118573888925));
#3826=CARTESIAN_POINT('',(90.7999982434606,-65.437508747297,-3.8550000372529));
#3827=CARTESIAN_POINT('Origin',(109.000001624227,-63.8185087472969,-2.71));
#3828=CARTESIAN_POINT('',(93.1839071428206,-65.4370174945939,-2.71));
#3829=CARTESIAN_POINT('',(93.7002593625391,-64.4481394082395,-2.71));
#3830=CARTESIAN_POINT('',(104.647292084369,-65.4370174945939,-2.71));
#3831=CARTESIAN_POINT('Origin',(90.7999979704618,-65.7755,-1.71));
#3832=CARTESIAN_POINT('',(92.6947477543847,-65.7755,2.292));
#3833=CARTESIAN_POINT('',(95.8130808704908,-65.7755,2.292));
#3834=CARTESIAN_POINT('',(92.6947477543847,-65.7755,-1.71));
#3835=CARTESIAN_POINT('Origin',(92.6947477543847,-65.7755,-1.71));
#3836=CARTESIAN_POINT('',(93.1839071428206,-65.4370174945939,2.292));
#3837=CARTESIAN_POINT('',(91.9969389232097,-66.2583611840118,2.292));
#3838=CARTESIAN_POINT('',(93.1839071428206,-65.4370174945939,-1.71));
#3839=CARTESIAN_POINT('Origin',(90.7999983930393,-72.3185091271737,4.692));
#3840=CARTESIAN_POINT('',(91.3999983930393,-72.3185090884229,2.292));
#3841=CARTESIAN_POINT('',(95.8130808172816,-72.3185088034058,2.292));
#3842=CARTESIAN_POINT('',(92.0499983930393,-72.3185090464429,2.94200000000001));
#3843=CARTESIAN_POINT('Origin',(93.1839071428206,-65.4370174945939,-2.71));
#3844=CARTESIAN_POINT('',(93.7002593625391,-64.4481394082395,-2.21));
#3845=CARTESIAN_POINT('',(93.1839071428206,-65.4370174945939,-2.71));
#3846=CARTESIAN_POINT('Origin',(109.366055485926,-66.4503762753086,-2.46));
#3847=CARTESIAN_POINT('',(111.2,-69.0286541672966,-2.71));
#3848=CARTESIAN_POINT('',(109.580588343445,-66.322018754902,-2.71));
#3849=CARTESIAN_POINT('',(111.2,-66.9751556138011,-3.7643279299407));
#3850=CARTESIAN_POINT('Origin',(100.82616377052,-66.9105026739269,-2.71));
#3851=CARTESIAN_POINT('',(111.2,-68.4564996372419,-2.71));
#3852=CARTESIAN_POINT('Origin',(93.4786513794488,-64.3324246648803,-2.46));
#3853=CARTESIAN_POINT('',(90.7999982434606,-67.5247228698783,-3.35685980538996));
#3854=CARTESIAN_POINT('Origin',(100.82616377052,-81.3185087472969,-5.71));
#3855=CARTESIAN_POINT('',(89.8261637705198,-63.8184966005569,-5.71));
#3856=CARTESIAN_POINT('',(95.1522457534706,-72.6731210761839,-5.71));
#3857=CARTESIAN_POINT('',(90.7999982434606,-63.8184966005569,-5.71));
#3858=CARTESIAN_POINT('',(94.8261637705198,-63.8185087472969,-5.71));
#3859=CARTESIAN_POINT('',(111.2,-63.8184966005569,-5.71));
#3860=CARTESIAN_POINT('',(94.8261637705198,-63.8185087472969,-5.71));
#3861=CARTESIAN_POINT('',(111.82616377052,-63.8184966005569,-5.71));
#3862=CARTESIAN_POINT('',(94.8261637705198,-63.8185087472969,-5.71));
#3863=CARTESIAN_POINT('',(112.82616377052,-64.8185087472969,-5.71));
#3864=CARTESIAN_POINT('',(113.70116377052,-65.6935087472969,-5.71));
#3865=CARTESIAN_POINT('',(112.82616377052,-88.9716463988996,-5.71));
#3866=CARTESIAN_POINT('',(112.82616377052,-72.5685087472969,-5.71));
#3867=CARTESIAN_POINT('',(111.2,-88.9716463988996,-5.71));
#3868=CARTESIAN_POINT('',(106.82616377052,-88.9716463988996,-5.71));
#3869=CARTESIAN_POINT('',(111.2,-73.5470043736485,-5.71));
#3870=CARTESIAN_POINT('Origin',(89.8261637705198,-63.8185087472969,-5.71));
#3871=CARTESIAN_POINT('',(89.8261637705198,-63.8185087472969,-5.71));
#3872=CARTESIAN_POINT('',(90.7999982434606,-65.4375087472969,-5.71));
#3873=CARTESIAN_POINT('Origin',(90.7999982434606,-70.0024966005569,-2.71));
#3874=CARTESIAN_POINT('Origin',(100.82616377052,-80.5092543736485,2.292));
#3875=CARTESIAN_POINT('',(93.8607749184251,-66.263556221251,2.292));
#3876=CARTESIAN_POINT('',(93.8607749184251,-68.763556221251,2.292));
#3877=CARTESIAN_POINT('',(93.8607749184251,-73.6114052974497,2.292));
#3878=CARTESIAN_POINT('',(96.0488377788595,-68.763556221251,2.292));
#3879=CARTESIAN_POINT('',(98.3684693444724,-68.7635562212511,2.292));
#3880=CARTESIAN_POINT('',(96.0488377788595,-72.3185087472969,2.292));
#3881=CARTESIAN_POINT('',(96.0488377788595,-72.9731359341212,2.292));
#3882=CARTESIAN_POINT('',(95.8130808172816,-72.3185088034058,2.292));
#3883=CARTESIAN_POINT('',(96.0488377788595,-65.4370174945939,2.292));
#3884=CARTESIAN_POINT('',(97.0050354566702,-65.4370174945939,2.292));
#3885=CARTESIAN_POINT('',(96.0488377788595,-66.263556221251,2.292));
#3886=CARTESIAN_POINT('',(96.0488377788595,-66.213556221251,2.292));
#3887=CARTESIAN_POINT('',(93.8607749184251,-66.263556221251,2.292));
#3888=CARTESIAN_POINT('Origin',(88.8261637705198,-89.57,2.00000002980232));
#3889=CARTESIAN_POINT('',(89.6999937223787,-89.57,1.));
#3890=CARTESIAN_POINT('',(89.6999937223787,-89.57,-0.449369344281338));
#3891=CARTESIAN_POINT('',(88.8261637705198,-89.57,1.));
#3892=CARTESIAN_POINT('',(88.8261637705198,-89.57,1.));
#3893=CARTESIAN_POINT('',(88.8261637705198,-89.57,-1.70436934428134));
#3894=CARTESIAN_POINT('Origin',(90.7999937223787,-87.57,2.4));
#3895=CARTESIAN_POINT('',(91.5079993780505,-87.57,2.4));
#3896=CARTESIAN_POINT('',(90.6769980191849,-87.5700000000001,1.56899864113439));
#3897=CARTESIAN_POINT('',(89.6999937223787,-87.57,2.4));
#3898=CARTESIAN_POINT('',(89.8130787464493,-87.57,2.4));
#3899=CARTESIAN_POINT('',(89.6999937223787,-87.57,-0.8));
#3900=CARTESIAN_POINT('Origin',(112.413082719725,-90.9858238923538,-5.21));
#3901=CARTESIAN_POINT('',(112.82616377052,-88.9716463988996,-5.21));
#3902=CARTESIAN_POINT('',(112.00000166893,-88.9716463988996,-5.21));
#3903=CARTESIAN_POINT('',(112.82616377052,-93.000001385808,-5.21));
#3904=CARTESIAN_POINT('',(112.82616377052,-77.4021663198254,-5.21));
#3905=CARTESIAN_POINT('',(112.00000166893,-93.000001385808,-5.21));
#3906=CARTESIAN_POINT('Origin',(88.8261637705198,-89.77,2.4));
#3907=CARTESIAN_POINT('',(89.6999937223787,-90.97,2.4));
#3908=CARTESIAN_POINT('',(89.6999937223788,-90.885,2.4));
#3909=CARTESIAN_POINT('',(91.508,-97.2,2.4));
#3910=CARTESIAN_POINT('',(91.507999260147,-85.7444326560574,2.4));
#3911=CARTESIAN_POINT('',(88.8261637705198,-97.2,2.4));
#3912=CARTESIAN_POINT('',(94.8261637705198,-97.2,2.4));
#3913=CARTESIAN_POINT('',(88.8261637705198,-90.97,2.4));
#3914=CARTESIAN_POINT('',(88.8261637705198,-75.2558669137326,2.4));
#3915=CARTESIAN_POINT('',(88.8261637705198,-90.97,2.4));
#3916=CARTESIAN_POINT('Origin',(96.4465244931628,-96.2713099550039,0.21));
#3917=CARTESIAN_POINT('',(98.8814592291943,-97.2,0.21));
#3918=CARTESIAN_POINT('',(98.8814592291943,-95.3426199100077,0.21));
#3919=CARTESIAN_POINT('',(94.0115897571312,-97.2,0.21));
#3920=CARTESIAN_POINT('',(103.823262246581,-97.2,0.21));
#3921=CARTESIAN_POINT('',(95.6752813697541,-95.3426199100077,0.21));
#3922=CARTESIAN_POINT('Origin',(102.238516046726,-97.2,4.692));
#3923=CARTESIAN_POINT('',(102.238516046726,-97.2,1.491));
#3924=CARTESIAN_POINT('Origin',(94.0115897571312,-97.2,4.692));
#3925=CARTESIAN_POINT('',(94.0115897571312,-97.2,1.491));
#3926=CARTESIAN_POINT('Origin',(96.0488377788595,-63.8185087472969,3.44234908410812));
#3927=CARTESIAN_POINT('',(96.0488377788595,-68.763556221251,3.44234908410812));
#3928=CARTESIAN_POINT('',(96.0488377788595,-68.7635562212511,4.11717454205406));
#3929=CARTESIAN_POINT('',(96.0488377788595,-72.3185087472969,3.44234908410812));
#3930=CARTESIAN_POINT('',(96.0488377788595,-63.8185087472969,3.44234908410812));
#3931=CARTESIAN_POINT('',(96.0488377788595,-72.3185087881796,3.492));
#3932=CARTESIAN_POINT('Origin',(94.3107749184251,-68.763556221251,2.292));
#3933=CARTESIAN_POINT('',(93.8607749184251,-68.763556221251,4.375));
#3934=CARTESIAN_POINT('',(93.8607749184251,-68.763556221251,2.292));
#3935=CARTESIAN_POINT('',(95.1107749184251,-68.763556221251,4.375));
#3936=CARTESIAN_POINT('',(94.7107749184251,-68.763556221251,4.375));
#3937=CARTESIAN_POINT('',(96.3607749184251,-68.763556221251,4.375));
#3938=CARTESIAN_POINT('',(94.7107749184251,-68.763556221251,4.375));
#3939=CARTESIAN_POINT('',(96.3607749184251,-68.763556221251,4.37492634826004));
#3940=CARTESIAN_POINT('',(96.3607749184251,-68.763556221251,2.292));
#3941=CARTESIAN_POINT('Origin',(97.5988377788595,-68.763556221251,3.44234908410812));
#3942=CARTESIAN_POINT('Origin',(93.8607749184251,-66.713556221251,2.292));
#3943=CARTESIAN_POINT('',(93.8607749184251,-66.263556221251,4.375));
#3944=CARTESIAN_POINT('',(93.8607749184251,-66.263556221251,2.81275));
#3945=CARTESIAN_POINT('',(93.8607749184251,-67.513556221251,4.375));
#3946=CARTESIAN_POINT('',(93.8607749184251,-66.788556221251,4.375));
#3947=CARTESIAN_POINT('',(93.8607749184251,-67.438556221251,4.375));
#3948=CARTESIAN_POINT('Origin',(95.1107749184251,-66.263556221251,3.3335));
#3949=CARTESIAN_POINT('',(96.0488377788595,-66.263556221251,3.44234908410812));
#3950=CARTESIAN_POINT('',(96.0488377788595,-66.263556221251,2.292));
#3951=CARTESIAN_POINT('',(96.3607749184251,-66.263556221251,4.37492634826001));
#3952=CARTESIAN_POINT('Origin',(97.5988377788595,-66.263556221251,3.44234908410812));
#3953=CARTESIAN_POINT('',(96.3607749184251,-66.263556221251,4.375));
#3954=CARTESIAN_POINT('',(96.3607749184251,-66.263556221251,2.81275));
#3955=CARTESIAN_POINT('',(95.1107749184251,-66.263556221251,4.375));
#3956=CARTESIAN_POINT('',(95.1107749184251,-66.263556221251,4.375));
#3957=CARTESIAN_POINT('',(95.1107749184251,-66.263556221251,4.375));
#3958=CARTESIAN_POINT('Origin',(96.0488377788595,-63.8185087472969,3.44234908410812));
#3959=CARTESIAN_POINT('',(96.0488377788595,-65.4370174945939,2.7323490841081));
#3960=CARTESIAN_POINT('',(96.0488377788595,-65.4370174945939,2.292));
#3961=CARTESIAN_POINT('',(96.0488377788595,-63.8185087472969,2.7323490841081));
#3962=CARTESIAN_POINT('',(96.0488377788595,-63.8185087472969,2.7323490841081));
#3963=CARTESIAN_POINT('',(96.0488377788595,-63.8185087472969,3.44234908410812));
#3964=CARTESIAN_POINT('',(96.0488377788594,-63.8185087472969,0.866174542053967));
#3965=CARTESIAN_POINT('',(96.0488377788595,-66.213556221251,3.44234908410812));
#3966=CARTESIAN_POINT('Origin',(97.5988377788595,-63.8185087472969,2.7323490841081));
#3967=CARTESIAN_POINT('Origin',(97.5988377788595,-63.8185087472969,2.7323490841081));
#3968=CARTESIAN_POINT('Origin',(97.5988377788595,-65.4370174945939,2.7323490841081));
#3969=CARTESIAN_POINT('Origin',(112.82616377052,-63.8185087472969,-1.71));
#3970=CARTESIAN_POINT('',(112.82616377052,-64.8185087472969,5.192));
#3971=CARTESIAN_POINT('',(112.82616377052,-64.8185087472969,-1.71));
#3972=CARTESIAN_POINT('',(112.82616377052,-97.2,5.192));
#3973=CARTESIAN_POINT('',(112.82616377052,-72.1638815604727,5.192));
#3974=CARTESIAN_POINT('',(112.82616377052,-97.2,-1.71));
#3975=CARTESIAN_POINT('',(112.82616377052,-93.000001385808,-3.71));
#3976=CARTESIAN_POINT('',(112.82616377052,-88.9716463988996,-3.71));
#3977=CARTESIAN_POINT('Origin',(112.32616377052,-64.3185087472969,-1.71));
#3978=CARTESIAN_POINT('',(111.82616377052,-63.8185087472969,5.192));
#3979=CARTESIAN_POINT('',(111.82616377052,-63.8185087472969,-1.71));
#3980=CARTESIAN_POINT('',(111.82616377052,-63.8185087472969,5.192));
#3981=CARTESIAN_POINT('Origin',(88.8261637705198,-63.8185087472969,-1.71));
#3982=CARTESIAN_POINT('',(89.8261637705198,-63.8185087472969,5.192));
#3983=CARTESIAN_POINT('',(89.8261637705198,-63.8185087472969,-1.71));
#3984=CARTESIAN_POINT('',(94.8261637705198,-63.8185087472969,5.192));
#3985=CARTESIAN_POINT('',(105.58883777886,-63.8185087472969,2.73234908410811));
#3986=CARTESIAN_POINT('Origin',(104.03883777886,-63.8185087472969,2.73234908410811));
#3987=CARTESIAN_POINT('',(105.58883777886,-63.8185087472969,3.44234908410812));
#3988=CARTESIAN_POINT('',(105.58883777886,-63.8185087472969,0.511174542053843));
#3989=CARTESIAN_POINT('',(104.03883777886,-63.8185087472969,4.99234908410814));
#3990=CARTESIAN_POINT('Origin',(104.03883777886,-63.8185087472969,3.44234908410812));
#3991=CARTESIAN_POINT('',(97.5988377788595,-63.8185087472969,4.99234908410813));
#3992=CARTESIAN_POINT('',(96.4325007746897,-63.8185087472969,4.99234908410813));
#3993=CARTESIAN_POINT('Origin',(97.5988377788595,-63.8185087472969,3.44234908410812));
#3994=CARTESIAN_POINT('Origin',(104.03883777886,-63.8185087472969,2.73234908410811));
#3995=CARTESIAN_POINT('',(105.58883777886,-65.4370174945939,2.73234908410811));
#3996=CARTESIAN_POINT('Origin',(104.03883777886,-65.4370174945939,2.73234908410811));
#3997=CARTESIAN_POINT('',(105.58883777886,-63.8185087472969,2.73234908410811));
#3998=CARTESIAN_POINT('Origin',(93.1839071428206,-65.4370174945939,-1.71));
#3999=CARTESIAN_POINT('',(108.468420398219,-65.4370174945939,4.692));
#4000=CARTESIAN_POINT('',(108.468420398219,-65.4370174945939,-1.71));
#4001=CARTESIAN_POINT('',(104.955828830294,-65.4370174945939,4.692));
#4002=CARTESIAN_POINT('',(108.468420398219,-65.4370174945939,4.692));
#4003=CARTESIAN_POINT('',(105.58883777886,-65.4370174945939,3.44234908410812));
#4004=CARTESIAN_POINT('Origin',(104.03883777886,-65.4370174945939,3.44234908410812));
#4005=CARTESIAN_POINT('',(105.58883777886,-65.4370174945939,0.511174542053898));
#4006=CARTESIAN_POINT('Origin',(108.468420398219,-65.4370174945939,-1.71));
#4007=CARTESIAN_POINT('',(108.957579786655,-65.7755,4.692));
#4008=CARTESIAN_POINT('',(108.957579786655,-65.7755,-1.71));
#4009=CARTESIAN_POINT('',(108.957579786655,-65.7755,4.692));
#4010=CARTESIAN_POINT('Origin',(108.957579786655,-65.7755,-1.71));
#4011=CARTESIAN_POINT('',(111.2,-65.7755,2.692));
#4012=CARTESIAN_POINT('',(111.2,-65.7755,-1.71));
#4013=CARTESIAN_POINT('',(109.2,-65.7755,4.692));
#4014=CARTESIAN_POINT('',(111.239894946664,-65.7755,2.65210505333629));
#4015=CARTESIAN_POINT('',(111.2,-65.7755,4.692));
#4016=CARTESIAN_POINT('Origin',(111.2,-65.7755,-1.71));
#4017=CARTESIAN_POINT('',(111.2,-72.3185087472969,1.692));
#4018=CARTESIAN_POINT('',(111.2,-72.3185087472969,2.692));
#4019=CARTESIAN_POINT('',(111.2,-72.3185087472969,1.491));
#4020=CARTESIAN_POINT('',(111.2,-73.1423771868242,2.692));
#4021=CARTESIAN_POINT('',(111.2,-88.9716463988996,1.692));
#4022=CARTESIAN_POINT('',(111.2,-88.9716463988996,-1.71));
#4023=CARTESIAN_POINT('',(111.2,-75.2673771868242,1.692));
#4024=CARTESIAN_POINT('Origin',(100.81883777886,-72.3185087472969,3.08734908410811));
#4025=CARTESIAN_POINT('',(107.755872173688,-72.3185087472969,5.13612782631215));
#4026=CARTESIAN_POINT('',(104.955828830294,-72.3185087472969,4.692));
#4027=CARTESIAN_POINT('Origin',(104.03883777886,-72.3185087472969,3.44234908410812));
#4028=CARTESIAN_POINT('',(109.2,-72.3185087472969,4.692));
#4029=CARTESIAN_POINT('',(98.7540052489725,-72.3185087472969,4.692));
#4030=CARTESIAN_POINT('',(108.005872173688,-72.3185087472969,5.88612782631215));
#4031=CARTESIAN_POINT('Origin',(98.8814592291943,-95.3426199100077,4.692));
#4032=CARTESIAN_POINT('',(98.8814592291943,-97.2,1.491));
#4033=CARTESIAN_POINT('Origin',(88.8261637705198,-97.2,4.692));
#4034=CARTESIAN_POINT('',(111.82616377052,-97.2,6.192));
#4035=CARTESIAN_POINT('',(106.70116377052,-97.2,11.317));
#4036=CARTESIAN_POINT('',(89.8261637705198,-97.2,6.192));
#4037=CARTESIAN_POINT('',(112.82616377052,-97.2,6.192));
#4038=CARTESIAN_POINT('',(88.8261637705198,-97.2,5.192));
#4039=CARTESIAN_POINT('',(88.9511637705198,-97.2,5.317));
#4040=CARTESIAN_POINT('',(88.8261637705198,-97.2,-1.71));
#4041=CARTESIAN_POINT('',(91.5565408421949,-97.2,2.44854084219491));
#4042=CARTESIAN_POINT('Origin',(91.7999995982598,-90.979627464538,2.692));
#4043=CARTESIAN_POINT('',(92.0499983930393,-72.3185090464429,2.94200000000001));
#4044=CARTESIAN_POINT('Origin',(95.1107749184251,-68.163556221251,4.375));
#4045=CARTESIAN_POINT('',(96.3607749184251,-67.513556221251,4.375));
#4046=CARTESIAN_POINT('Origin',(95.1107749184251,-67.513556221251,4.375));
#4047=CARTESIAN_POINT('',(96.3607749184251,-68.238556221251,4.375));
#4048=CARTESIAN_POINT('Origin',(96.3607749184251,-68.313556221251,2.292));
#4049=CARTESIAN_POINT('',(96.3607749184251,-67.588556221251,4.375));
#4050=CARTESIAN_POINT('',(96.3607749184251,-63.8185087472969,4.37492634826004));
#4051=CARTESIAN_POINT('Origin',(95.1107749184251,-66.863556221251,4.375));
#4052=CARTESIAN_POINT('Origin',(95.1107749184251,-67.513556221251,4.375));
#4053=CARTESIAN_POINT('Origin',(95.1107749184251,-66.863556221251,4.375));
#4054=CARTESIAN_POINT('Origin',(95.1107749184251,-67.513556221251,4.375));
#4055=CARTESIAN_POINT('Origin',(95.1107749184251,-68.163556221251,4.375));
#4056=CARTESIAN_POINT('Origin',(95.1107749184251,-67.513556221251,4.375));
#4057=CARTESIAN_POINT('Origin',(95.1107749184251,-67.513556221251,6.192));
#4058=CARTESIAN_POINT('',(96.3607749184251,-67.513556221251,6.192));
#4059=CARTESIAN_POINT('',(96.3607749184251,-67.513556221251,6.192));
#4060=CARTESIAN_POINT('Origin',(95.1107749184251,-67.513556221251,6.192));
#4061=CARTESIAN_POINT('Origin',(100.82616377052,-80.5092543736485,6.192));
#4062=CARTESIAN_POINT('',(89.8261637705198,-64.8185087472969,6.192));
#4063=CARTESIAN_POINT('',(89.8261637705198,-75.2558754871027,6.192));
#4064=CARTESIAN_POINT('',(111.82616377052,-64.8185087472969,6.192));
#4065=CARTESIAN_POINT('',(111.82616377052,-72.1638815604727,6.192));
#4066=CARTESIAN_POINT('',(94.8261637705198,-64.8185087472969,6.192));
#4067=CARTESIAN_POINT('',(107.239000929603,-68.426550934454,6.192));
#4068=CARTESIAN_POINT('Origin',(106.531356747262,-68.426550934454,6.192));
#4069=CARTESIAN_POINT('Origin',(97.5988377788595,-63.8185087472969,3.44234908410812));
#4070=CARTESIAN_POINT('',(97.5988377788595,-80.5185087472969,4.99234908410813));
#4071=CARTESIAN_POINT('',(97.5988377788595,-63.8185087472969,4.99234908410813));
#4072=CARTESIAN_POINT('Origin',(97.5988377788595,-80.5185087472969,3.44234908410812));
#4073=CARTESIAN_POINT('Origin',(97.5988377788595,-72.3185086880735,3.44234908410812));
#4074=CARTESIAN_POINT('Origin',(104.03883777886,-81.168508747297,3.44234908410812));
#4075=CARTESIAN_POINT('',(104.03883777886,-81.818508747297,3.69234908410814));
#4076=CARTESIAN_POINT('Origin',(104.03883777886,-81.818508747297,3.44234908410812));
#4077=CARTESIAN_POINT('',(104.03883777886,-80.5185087472969,4.99234908410814));
#4078=CARTESIAN_POINT('',(104.03883777886,-81.818508747297,3.69234908410814));
#4079=CARTESIAN_POINT('Origin',(104.03883777886,-80.5185087472969,3.44234908410812));
#4080=CARTESIAN_POINT('Origin',(102.42883777886,-81.168508747297,4.34234908410814));
#4081=CARTESIAN_POINT('',(97.5988377788595,-81.818508747297,3.69234908410813));
#4082=CARTESIAN_POINT('',(97.5988377788595,-81.818508747297,3.69234908410813));
#4083=CARTESIAN_POINT('',(102.42883777886,-80.5185087472969,4.99234908410814));
#4084=CARTESIAN_POINT('',(102.42883777886,-81.818508747297,3.69234908410814));
#4085=CARTESIAN_POINT('Origin',(97.5988377788595,-81.168508747297,3.44234908410812));
#4086=CARTESIAN_POINT('Origin',(97.5988377788595,-81.818508747297,3.44234908410812));
#4087=CARTESIAN_POINT('Origin',(100.81883777886,-81.818508747297,3.08734908410811));
#4088=CARTESIAN_POINT('Origin',(111.2,-93.000001385808,-1.71));
#4089=CARTESIAN_POINT('',(111.5505,-93.000001385808,1.3415));
#4090=CARTESIAN_POINT('',(112.150501251698,-93.000001385808,1.54150041723251));
#4091=CARTESIAN_POINT('Origin',(89.3261637705198,-64.3185087472969,-1.71));
#4092=CARTESIAN_POINT('',(88.8261637705198,-64.8185087472969,5.192));
#4093=CARTESIAN_POINT('',(88.8261637705198,-64.8185087472969,-1.71));
#4094=CARTESIAN_POINT('',(88.8261637705198,-64.8185087472969,5.192));
#4095=CARTESIAN_POINT('Origin',(96.6818467274252,-72.3185087472969,4.692));
#4096=CARTESIAN_POINT('Origin',(106.531356747262,-68.426550934454,6.192));
#4097=CARTESIAN_POINT('',(107.239000929603,-68.426550934454,4.692));
#4098=CARTESIAN_POINT('',(107.239000929603,-68.426550934454,6.192));
#4099=CARTESIAN_POINT('Origin',(106.531356747262,-68.426550934454,4.692));
#4100=CARTESIAN_POINT('Origin',(88.8261637705198,-64.8185087472969,5.192));
#4101=CARTESIAN_POINT('',(89.8261637705198,-63.8185087472969,5.192));
#4102=CARTESIAN_POINT('',(89.8261637705198,-64.8185087472969,6.192));
#4103=CARTESIAN_POINT('Origin',(89.3261637705198,-75.2558754871027,5.692));
#4104=CARTESIAN_POINT('',(88.8261637705198,-75.2558754871027,5.192));
#4105=CARTESIAN_POINT('Origin',(111.82616377052,-63.8185087472969,5.192));
#4106=CARTESIAN_POINT('',(112.82616377052,-64.8185087472969,5.192));
#4107=CARTESIAN_POINT('',(111.82616377052,-64.8185087472969,6.192));
#4108=CARTESIAN_POINT('Origin',(94.8261637705198,-64.3185087472969,5.692));
#4109=CARTESIAN_POINT('Origin',(112.32616377052,-72.1638815604727,5.692));
#4110=CARTESIAN_POINT('Origin',(110.2,-73.1423771868242,3.692));
#4111=CARTESIAN_POINT('',(109.2,-73.1423771868242,4.692));
#4112=CARTESIAN_POINT('Origin',(98.8814592291943,-93.3126199100077,4.692));
#4113=CARTESIAN_POINT('Origin',(111.2,-93.3123154811671,4.692));
#4114=CARTESIAN_POINT('Origin',(111.00000166893,-88.8796278797282,2.692));
#4115=CARTESIAN_POINT('',(112.35050166893,-88.9716463988996,1.3415));
#4116=CARTESIAN_POINT('Origin',(112.00000166893,-88.9716463988996,-1.71));
#4117=CARTESIAN_POINT('',(111.750500417233,-88.9716463988996,1.14149958276749));
#4118=CARTESIAN_POINT('Origin',(110.2,-75.2673771868242,2.692));
#4119=CARTESIAN_POINT('Origin',(110.2,-75.2673771868242,2.692));
#4120=CARTESIAN_POINT('Origin',(100.82616377052,-80.5092543736485,4.692));
#4121=CARTESIAN_POINT('',(104.955828830294,-63.8185087472969,4.692));
#4122=CARTESIAN_POINT('Origin',(104.03883777886,-63.8185087472969,4.99234908410814));
#4123=CARTESIAN_POINT('',(104.03883777886,-63.8185087472969,4.99234908410814));
#4124=CARTESIAN_POINT('Origin',(104.03883777886,-63.8185087472969,3.44234908410812));
#4125=CARTESIAN_POINT('',(105.58883777886,-63.8185087472969,3.44234908410812));
#4126=CARTESIAN_POINT('Origin',(105.58883777886,-63.8185087472969,2.73234908410811));
#4127=CARTESIAN_POINT('Origin',(88.8261637705198,-70.0024966005569,-1.71));
#4128=CARTESIAN_POINT('Origin',(88.8261637705198,-90.97,1.));
#4129=CARTESIAN_POINT('Origin',(88.8261637705198,-90.97,1.));
#4130=CARTESIAN_POINT('Origin',(89.6999937223787,-90.97,1.));
#4131=CARTESIAN_POINT('Origin',(89.6999937223787,-92.,0.8));
#4132=UNCERTAINTY_MEASURE_WITH_UNIT(LENGTH_MEASURE(0.01),#4136,
'DISTANCE_ACCURACY_VALUE',
'Maximum model space distance between geometric entities at asserted c
onnectivities');
#4133=UNCERTAINTY_MEASURE_WITH_UNIT(LENGTH_MEASURE(0.01),#4136,
'DISTANCE_ACCURACY_VALUE',
'Maximum model space distance between geometric entities at asserted c
onnectivities');
#4134=(
GEOMETRIC_REPRESENTATION_CONTEXT(3)
GLOBAL_UNCERTAINTY_ASSIGNED_CONTEXT((#4132))
GLOBAL_UNIT_ASSIGNED_CONTEXT((#4136,#4137,#4138))
REPRESENTATION_CONTEXT('','3D')
);
#4135=(
GEOMETRIC_REPRESENTATION_CONTEXT(3)
GLOBAL_UNCERTAINTY_ASSIGNED_CONTEXT((#4133))
GLOBAL_UNIT_ASSIGNED_CONTEXT((#4136,#4137,#4138))
REPRESENTATION_CONTEXT('','3D')
);
#4136=(
LENGTH_UNIT()
NAMED_UNIT(*)
SI_UNIT(.MILLI.,.METRE.)
);
#4137=(
NAMED_UNIT(*)
PLANE_ANGLE_UNIT()
SI_UNIT($,.RADIAN.)
);
#4138=(
NAMED_UNIT(*)
SI_UNIT($,.STERADIAN.)
SOLID_ANGLE_UNIT()
);
#4139=SHAPE_DEFINITION_REPRESENTATION(#4140,#4141);
#4140=PRODUCT_DEFINITION_SHAPE('',$,#4143);
#4141=SHAPE_REPRESENTATION('',(#2578),#4134);
#4142=PRODUCT_DEFINITION_CONTEXT('part definition',#4147,'design');
#4143=PRODUCT_DEFINITION('cornix-tb','cornix-tb',#4144,#4142);
#4144=PRODUCT_DEFINITION_FORMATION('',$,#4149);
#4145=PRODUCT_RELATED_PRODUCT_CATEGORY('cornix-tb','cornix-tb',(#4149));
#4146=APPLICATION_PROTOCOL_DEFINITION('international standard',
'automotive_design',2009,#4147);
#4147=APPLICATION_CONTEXT(
'Core Data for Automotive Mechanical Design Process');
#4148=PRODUCT_CONTEXT('part definition',#4147,'mechanical');
#4149=PRODUCT('cornix-tb','cornix-tb','FreeCAD Model',(#4148));
#4150=PRESENTATION_STYLE_ASSIGNMENT((#4151));
#4151=SURFACE_STYLE_USAGE(.BOTH.,#4152);
#4152=SURFACE_SIDE_STYLE('',(#4153));
#4153=SURFACE_STYLE_FILL_AREA(#4154);
#4154=FILL_AREA_STYLE('\X2\92FC\X0\ - \X2\30B530C630F3\X0\',(#4155));
#4155=FILL_AREA_STYLE_COLOUR('\X2\92FC\X0\ - \X2\30B530C630F3\X0\',#4156);
#4156=COLOUR_RGB('\X2\92FC\X0\ - \X2\30B530C630F3\X0\',0.627450980392157,
0.627450980392157,0.627450980392157);
ENDSEC;
END-ISO-10303-21;
