ISO-10303-21;
HEADER;
/* Generated by software containing ST-Developer
 * from STEP Tools, Inc. (www.steptools.com) 
 */

FILE_DESCRIPTION(
/* description */ ('FreeCAD Model'),
/* implementation_level */ '2;1');

FILE_NAME(
/* name */ 'cornix-tb_rear_case_slim_v3.step',
/* time_stamp */ '2026-01-08T17:49:46+09:00',
/* author */ (''),
/* organization */ (''),
/* preprocessor_version */ 'ST-DEVELOPER v20.1',
/* originating_system */ 'Autodesk Translation Framework v14.21.0.0',
/* authorisation */ '');

FILE_SCHEMA (('AUTOMOTIVE_DESIGN { 1 0 10303 214 3 1 1 }'));
ENDSEC;

DATA;
#10=MECHANICAL_DESIGN_GEOMETRIC_PRESENTATION_REPRESENTATION('',(#13),#4177);
#11=SHAPE_REPRESENTATION_RELATIONSHIP('SRR','None',#4183,#12);
#12=ADVANCED_BREP_SHAPE_REPRESENTATION('',(#14),#4176);
#13=STYLED_ITEM('',(#4192),#14);
#14=MANIFOLD_SOLID_BREP('\X2\30C830C330D730B130FC30B9\X0\ (\X2\8584578B\X0\)',
#2604);
#15=CONICAL_SURFACE('',#2662,1.75,0.785398163397463);
#16=CONICAL_SURFACE('',#2736,0.900000000000022,0.785398163397446);
#17=CONICAL_SURFACE('',#2740,0.900000000000011,0.785398163397445);
#18=CYLINDRICAL_SURFACE('',#2642,2.34999999999999);
#19=CYLINDRICAL_SURFACE('',#2654,1.1);
#20=CYLINDRICAL_SURFACE('',#2658,1.9);
#21=CYLINDRICAL_SURFACE('',#2703,1.55000000000001);
#22=CYLINDRICAL_SURFACE('',#2729,1.25);
#23=CYLINDRICAL_SURFACE('',#2733,1.55000000000001);
#24=CYLINDRICAL_SURFACE('',#2745,0.707644182340257);
#25=CYLINDRICAL_SURFACE('',#2760,1.55000000000002);
#26=CYLINDRICAL_SURFACE('',#2762,1.55000000000002);
#27=CYLINDRICAL_SURFACE('',#2766,1.4);
#28=CIRCLE('',#2640,2.34999999999999);
#29=CIRCLE('',#2641,1.1);
#30=CIRCLE('',#2643,2.34999999999999);
#31=CIRCLE('',#2646,1.90000000000001);
#32=CIRCLE('',#2655,1.1);
#33=CIRCLE('',#2657,1.6);
#34=CIRCLE('',#2659,1.9);
#35=CIRCLE('',#2660,1.9);
#36=CIRCLE('',#2661,1.9);
#37=CIRCLE('',#2692,1.55000000000001);
#38=CIRCLE('',#2695,1.55000000000001);
#39=CIRCLE('',#2698,1.55000000000001);
#40=CIRCLE('',#2704,1.55000000000001);
#41=CIRCLE('',#2705,1.55000000000001);
#42=CIRCLE('',#2707,1.55000000000002);
#43=CIRCLE('',#2708,1.55000000000002);
#44=CIRCLE('',#2713,1.55000000000002);
#45=CIRCLE('',#2717,1.55000000000002);
#46=CIRCLE('',#2718,1.55000000000001);
#47=CIRCLE('',#2719,1.55000000000002);
#48=CIRCLE('',#2721,1.25);
#49=CIRCLE('',#2724,1.25);
#50=CIRCLE('',#2726,1.25);
#51=CIRCLE('',#2728,1.25);
#52=CIRCLE('',#2730,1.25);
#53=CIRCLE('',#2732,0.707644182340257);
#54=CIRCLE('',#2734,1.55000000000001);
#55=CIRCLE('',#2737,0.250000000000021);
#56=CIRCLE('',#2738,1.55000000000002);
#57=CIRCLE('',#2741,0.250000000000011);
#58=CIRCLE('',#2746,0.707644182340257);
#59=CIRCLE('',#2765,1.4);
#60=CIRCLE('',#2767,1.4);
#61=FACE_BOUND('',#231,.T.);
#62=FACE_BOUND('',#238,.T.);
#63=FACE_BOUND('',#251,.T.);
#64=FACE_BOUND('',#299,.T.);
#65=FACE_BOUND('',#300,.T.);
#66=FACE_BOUND('',#302,.T.);
#67=FACE_BOUND('',#310,.T.);
#68=FACE_BOUND('',#311,.T.);
#69=FACE_BOUND('',#334,.T.);
#70=FACE_BOUND('',#340,.T.);
#71=(
BOUNDED_CURVE()
B_SPLINE_CURVE(2,(#3507,#3508,#3509),.UNSPECIFIED.,.F.,.F.)
B_SPLINE_CURVE_WITH_KNOTS((3,3),(0.,0.200731614006222),.UNSPECIFIED.)
CURVE()
GEOMETRIC_REPRESENTATION_ITEM()
RATIONAL_B_SPLINE_CURVE((1.,1.85650118956251,1.))
REPRESENTATION_ITEM('')
);
#72=(
BOUNDED_CURVE()
B_SPLINE_CURVE(2,(#3513,#3514,#3515),.UNSPECIFIED.,.F.,.F.)
B_SPLINE_CURVE_WITH_KNOTS((3,3),(0.,0.200731614006202),.UNSPECIFIED.)
CURVE()
GEOMETRIC_REPRESENTATION_ITEM()
RATIONAL_B_SPLINE_CURVE((1.,1.8565011895626,1.))
REPRESENTATION_ITEM('')
);
#73=FACE_OUTER_BOUND('',#203,.T.);
#74=FACE_OUTER_BOUND('',#204,.T.);
#75=FACE_OUTER_BOUND('',#205,.T.);
#76=FACE_OUTER_BOUND('',#206,.T.);
#77=FACE_OUTER_BOUND('',#207,.T.);
#78=FACE_OUTER_BOUND('',#208,.T.);
#79=FACE_OUTER_BOUND('',#209,.T.);
#80=FACE_OUTER_BOUND('',#210,.T.);
#81=FACE_OUTER_BOUND('',#211,.T.);
#82=FACE_OUTER_BOUND('',#212,.T.);
#83=FACE_OUTER_BOUND('',#213,.T.);
#84=FACE_OUTER_BOUND('',#214,.T.);
#85=FACE_OUTER_BOUND('',#215,.T.);
#86=FACE_OUTER_BOUND('',#216,.T.);
#87=FACE_OUTER_BOUND('',#217,.T.);
#88=FACE_OUTER_BOUND('',#218,.T.);
#89=FACE_OUTER_BOUND('',#219,.T.);
#90=FACE_OUTER_BOUND('',#220,.T.);
#91=FACE_OUTER_BOUND('',#221,.T.);
#92=FACE_OUTER_BOUND('',#222,.T.);
#93=FACE_OUTER_BOUND('',#223,.T.);
#94=FACE_OUTER_BOUND('',#224,.T.);
#95=FACE_OUTER_BOUND('',#225,.T.);
#96=FACE_OUTER_BOUND('',#226,.T.);
#97=FACE_OUTER_BOUND('',#227,.T.);
#98=FACE_OUTER_BOUND('',#228,.T.);
#99=FACE_OUTER_BOUND('',#229,.T.);
#100=FACE_OUTER_BOUND('',#230,.T.);
#101=FACE_OUTER_BOUND('',#232,.T.);
#102=FACE_OUTER_BOUND('',#233,.T.);
#103=FACE_OUTER_BOUND('',#234,.T.);
#104=FACE_OUTER_BOUND('',#235,.T.);
#105=FACE_OUTER_BOUND('',#236,.T.);
#106=FACE_OUTER_BOUND('',#237,.T.);
#107=FACE_OUTER_BOUND('',#239,.T.);
#108=FACE_OUTER_BOUND('',#240,.T.);
#109=FACE_OUTER_BOUND('',#241,.T.);
#110=FACE_OUTER_BOUND('',#242,.T.);
#111=FACE_OUTER_BOUND('',#243,.T.);
#112=FACE_OUTER_BOUND('',#244,.T.);
#113=FACE_OUTER_BOUND('',#245,.T.);
#114=FACE_OUTER_BOUND('',#246,.T.);
#115=FACE_OUTER_BOUND('',#247,.T.);
#116=FACE_OUTER_BOUND('',#248,.T.);
#117=FACE_OUTER_BOUND('',#249,.T.);
#118=FACE_OUTER_BOUND('',#250,.T.);
#119=FACE_OUTER_BOUND('',#252,.T.);
#120=FACE_OUTER_BOUND('',#253,.T.);
#121=FACE_OUTER_BOUND('',#254,.T.);
#122=FACE_OUTER_BOUND('',#255,.T.);
#123=FACE_OUTER_BOUND('',#256,.T.);
#124=FACE_OUTER_BOUND('',#257,.T.);
#125=FACE_OUTER_BOUND('',#258,.T.);
#126=FACE_OUTER_BOUND('',#259,.T.);
#127=FACE_OUTER_BOUND('',#260,.T.);
#128=FACE_OUTER_BOUND('',#261,.T.);
#129=FACE_OUTER_BOUND('',#262,.T.);
#130=FACE_OUTER_BOUND('',#263,.T.);
#131=FACE_OUTER_BOUND('',#264,.T.);
#132=FACE_OUTER_BOUND('',#265,.T.);
#133=FACE_OUTER_BOUND('',#266,.T.);
#134=FACE_OUTER_BOUND('',#267,.T.);
#135=FACE_OUTER_BOUND('',#268,.T.);
#136=FACE_OUTER_BOUND('',#269,.T.);
#137=FACE_OUTER_BOUND('',#270,.T.);
#138=FACE_OUTER_BOUND('',#271,.T.);
#139=FACE_OUTER_BOUND('',#272,.T.);
#140=FACE_OUTER_BOUND('',#273,.T.);
#141=FACE_OUTER_BOUND('',#274,.T.);
#142=FACE_OUTER_BOUND('',#275,.T.);
#143=FACE_OUTER_BOUND('',#276,.T.);
#144=FACE_OUTER_BOUND('',#277,.T.);
#145=FACE_OUTER_BOUND('',#278,.T.);
#146=FACE_OUTER_BOUND('',#279,.T.);
#147=FACE_OUTER_BOUND('',#280,.T.);
#148=FACE_OUTER_BOUND('',#281,.T.);
#149=FACE_OUTER_BOUND('',#282,.T.);
#150=FACE_OUTER_BOUND('',#283,.T.);
#151=FACE_OUTER_BOUND('',#284,.T.);
#152=FACE_OUTER_BOUND('',#285,.T.);
#153=FACE_OUTER_BOUND('',#286,.T.);
#154=FACE_OUTER_BOUND('',#287,.T.);
#155=FACE_OUTER_BOUND('',#288,.T.);
#156=FACE_OUTER_BOUND('',#289,.T.);
#157=FACE_OUTER_BOUND('',#290,.T.);
#158=FACE_OUTER_BOUND('',#291,.T.);
#159=FACE_OUTER_BOUND('',#292,.T.);
#160=FACE_OUTER_BOUND('',#293,.T.);
#161=FACE_OUTER_BOUND('',#294,.T.);
#162=FACE_OUTER_BOUND('',#295,.T.);
#163=FACE_OUTER_BOUND('',#296,.T.);
#164=FACE_OUTER_BOUND('',#297,.T.);
#165=FACE_OUTER_BOUND('',#298,.T.);
#166=FACE_OUTER_BOUND('',#301,.T.);
#167=FACE_OUTER_BOUND('',#303,.T.);
#168=FACE_OUTER_BOUND('',#304,.T.);
#169=FACE_OUTER_BOUND('',#305,.T.);
#170=FACE_OUTER_BOUND('',#306,.T.);
#171=FACE_OUTER_BOUND('',#307,.T.);
#172=FACE_OUTER_BOUND('',#308,.T.);
#173=FACE_OUTER_BOUND('',#309,.T.);
#174=FACE_OUTER_BOUND('',#312,.T.);
#175=FACE_OUTER_BOUND('',#313,.T.);
#176=FACE_OUTER_BOUND('',#314,.T.);
#177=FACE_OUTER_BOUND('',#315,.T.);
#178=FACE_OUTER_BOUND('',#316,.T.);
#179=FACE_OUTER_BOUND('',#317,.T.);
#180=FACE_OUTER_BOUND('',#318,.T.);
#181=FACE_OUTER_BOUND('',#319,.T.);
#182=FACE_OUTER_BOUND('',#320,.T.);
#183=FACE_OUTER_BOUND('',#321,.T.);
#184=FACE_OUTER_BOUND('',#322,.T.);
#185=FACE_OUTER_BOUND('',#323,.T.);
#186=FACE_OUTER_BOUND('',#324,.T.);
#187=FACE_OUTER_BOUND('',#325,.T.);
#188=FACE_OUTER_BOUND('',#326,.T.);
#189=FACE_OUTER_BOUND('',#327,.T.);
#190=FACE_OUTER_BOUND('',#328,.T.);
#191=FACE_OUTER_BOUND('',#329,.T.);
#192=FACE_OUTER_BOUND('',#330,.T.);
#193=FACE_OUTER_BOUND('',#331,.T.);
#194=FACE_OUTER_BOUND('',#332,.T.);
#195=FACE_OUTER_BOUND('',#333,.T.);
#196=FACE_OUTER_BOUND('',#335,.T.);
#197=FACE_OUTER_BOUND('',#336,.T.);
#198=FACE_OUTER_BOUND('',#337,.T.);
#199=FACE_OUTER_BOUND('',#338,.T.);
#200=FACE_OUTER_BOUND('',#339,.T.);
#201=FACE_OUTER_BOUND('',#341,.T.);
#202=FACE_OUTER_BOUND('',#342,.T.);
#203=EDGE_LOOP('',(#1619,#1620,#1621,#1622,#1623,#1624,#1625,#1626,#1627,
#1628,#1629,#1630,#1631,#1632,#1633));
#204=EDGE_LOOP('',(#1634,#1635,#1636,#1637));
#205=EDGE_LOOP('',(#1638,#1639,#1640,#1641));
#206=EDGE_LOOP('',(#1642,#1643,#1644,#1645));
#207=EDGE_LOOP('',(#1646,#1647,#1648,#1649,#1650,#1651));
#208=EDGE_LOOP('',(#1652,#1653,#1654,#1655));
#209=EDGE_LOOP('',(#1656,#1657,#1658,#1659));
#210=EDGE_LOOP('',(#1660,#1661,#1662,#1663,#1664,#1665,#1666,#1667,#1668,
#1669,#1670,#1671,#1672,#1673,#1674,#1675,#1676,#1677,#1678,#1679,#1680,
#1681,#1682,#1683,#1684,#1685,#1686,#1687,#1688,#1689,#1690));
#211=EDGE_LOOP('',(#1691,#1692,#1693,#1694));
#212=EDGE_LOOP('',(#1695,#1696,#1697,#1698,#1699,#1700));
#213=EDGE_LOOP('',(#1701,#1702,#1703,#1704));
#214=EDGE_LOOP('',(#1705,#1706,#1707,#1708,#1709,#1710));
#215=EDGE_LOOP('',(#1711,#1712,#1713,#1714,#1715,#1716));
#216=EDGE_LOOP('',(#1717,#1718,#1719,#1720));
#217=EDGE_LOOP('',(#1721,#1722,#1723,#1724));
#218=EDGE_LOOP('',(#1725,#1726,#1727,#1728));
#219=EDGE_LOOP('',(#1729,#1730,#1731,#1732));
#220=EDGE_LOOP('',(#1733,#1734,#1735,#1736));
#221=EDGE_LOOP('',(#1737,#1738,#1739,#1740));
#222=EDGE_LOOP('',(#1741,#1742,#1743,#1744));
#223=EDGE_LOOP('',(#1745,#1746,#1747,#1748));
#224=EDGE_LOOP('',(#1749,#1750,#1751,#1752));
#225=EDGE_LOOP('',(#1753,#1754,#1755,#1756));
#226=EDGE_LOOP('',(#1757,#1758,#1759,#1760));
#227=EDGE_LOOP('',(#1761,#1762,#1763,#1764));
#228=EDGE_LOOP('',(#1765,#1766,#1767,#1768));
#229=EDGE_LOOP('',(#1769,#1770,#1771,#1772));
#230=EDGE_LOOP('',(#1773,#1774,#1775,#1776,#1777,#1778,#1779,#1780));
#231=EDGE_LOOP('',(#1781,#1782,#1783,#1784,#1785,#1786));
#232=EDGE_LOOP('',(#1787,#1788,#1789,#1790));
#233=EDGE_LOOP('',(#1791,#1792,#1793,#1794));
#234=EDGE_LOOP('',(#1795,#1796,#1797,#1798));
#235=EDGE_LOOP('',(#1799,#1800,#1801,#1802,#1803,#1804,#1805,#1806,#1807,
#1808,#1809));
#236=EDGE_LOOP('',(#1810,#1811,#1812,#1813,#1814,#1815,#1816,#1817));
#237=EDGE_LOOP('',(#1818));
#238=EDGE_LOOP('',(#1819));
#239=EDGE_LOOP('',(#1820,#1821,#1822,#1823));
#240=EDGE_LOOP('',(#1824,#1825,#1826,#1827));
#241=EDGE_LOOP('',(#1828,#1829,#1830,#1831,#1832,#1833,#1834,#1835,#1836,
#1837,#1838,#1839,#1840,#1841,#1842));
#242=EDGE_LOOP('',(#1843,#1844,#1845,#1846,#1847,#1848));
#243=EDGE_LOOP('',(#1849,#1850,#1851,#1852,#1853,#1854));
#244=EDGE_LOOP('',(#1855,#1856,#1857,#1858,#1859,#1860));
#245=EDGE_LOOP('',(#1861,#1862,#1863,#1864));
#246=EDGE_LOOP('',(#1865,#1866,#1867,#1868));
#247=EDGE_LOOP('',(#1869,#1870,#1871,#1872));
#248=EDGE_LOOP('',(#1873,#1874,#1875,#1876));
#249=EDGE_LOOP('',(#1877,#1878,#1879,#1880));
#250=EDGE_LOOP('',(#1881));
#251=EDGE_LOOP('',(#1882));
#252=EDGE_LOOP('',(#1883,#1884,#1885,#1886,#1887,#1888));
#253=EDGE_LOOP('',(#1889,#1890,#1891,#1892));
#254=EDGE_LOOP('',(#1893,#1894,#1895,#1896));
#255=EDGE_LOOP('',(#1897,#1898,#1899,#1900,#1901,#1902));
#256=EDGE_LOOP('',(#1903,#1904,#1905,#1906));
#257=EDGE_LOOP('',(#1907,#1908,#1909,#1910));
#258=EDGE_LOOP('',(#1911,#1912,#1913,#1914));
#259=EDGE_LOOP('',(#1915,#1916,#1917,#1918));
#260=EDGE_LOOP('',(#1919,#1920,#1921,#1922,#1923,#1924));
#261=EDGE_LOOP('',(#1925,#1926,#1927,#1928));
#262=EDGE_LOOP('',(#1929,#1930,#1931));
#263=EDGE_LOOP('',(#1932,#1933,#1934,#1935));
#264=EDGE_LOOP('',(#1936,#1937,#1938,#1939));
#265=EDGE_LOOP('',(#1940,#1941,#1942,#1943));
#266=EDGE_LOOP('',(#1944,#1945,#1946));
#267=EDGE_LOOP('',(#1947,#1948,#1949,#1950,#1951,#1952));
#268=EDGE_LOOP('',(#1953,#1954,#1955,#1956));
#269=EDGE_LOOP('',(#1957,#1958,#1959));
#270=EDGE_LOOP('',(#1960,#1961,#1962,#1963));
#271=EDGE_LOOP('',(#1964,#1965,#1966,#1967,#1968,#1969,#1970,#1971));
#272=EDGE_LOOP('',(#1972,#1973,#1974,#1975,#1976));
#273=EDGE_LOOP('',(#1977,#1978,#1979,#1980,#1981,#1982,#1983,#1984,#1985,
#1986,#1987));
#274=EDGE_LOOP('',(#1988,#1989,#1990,#1991,#1992));
#275=EDGE_LOOP('',(#1993,#1994,#1995,#1996));
#276=EDGE_LOOP('',(#1997,#1998,#1999,#2000,#2001,#2002,#2003,#2004,#2005,
#2006,#2007));
#277=EDGE_LOOP('',(#2008,#2009,#2010,#2011,#2012,#2013,#2014,#2015,#2016,
#2017));
#278=EDGE_LOOP('',(#2018,#2019,#2020,#2021));
#279=EDGE_LOOP('',(#2022,#2023,#2024,#2025,#2026));
#280=EDGE_LOOP('',(#2027,#2028,#2029,#2030,#2031,#2032));
#281=EDGE_LOOP('',(#2033,#2034,#2035,#2036,#2037,#2038,#2039));
#282=EDGE_LOOP('',(#2040,#2041,#2042,#2043,#2044));
#283=EDGE_LOOP('',(#2045,#2046,#2047,#2048));
#284=EDGE_LOOP('',(#2049,#2050,#2051,#2052,#2053,#2054,#2055));
#285=EDGE_LOOP('',(#2056,#2057,#2058,#2059,#2060));
#286=EDGE_LOOP('',(#2061,#2062,#2063,#2064,#2065,#2066,#2067));
#287=EDGE_LOOP('',(#2068,#2069,#2070,#2071));
#288=EDGE_LOOP('',(#2072,#2073,#2074,#2075,#2076,#2077,#2078));
#289=EDGE_LOOP('',(#2079,#2080,#2081,#2082,#2083,#2084,#2085,#2086));
#290=EDGE_LOOP('',(#2087,#2088,#2089,#2090));
#291=EDGE_LOOP('',(#2091,#2092,#2093,#2094));
#292=EDGE_LOOP('',(#2095,#2096,#2097,#2098,#2099,#2100,#2101,#2102,#2103,
#2104,#2105,#2106,#2107));
#293=EDGE_LOOP('',(#2108,#2109,#2110,#2111));
#294=EDGE_LOOP('',(#2112,#2113,#2114,#2115,#2116));
#295=EDGE_LOOP('',(#2117,#2118,#2119,#2120,#2121,#2122,#2123,#2124,#2125,
#2126,#2127));
#296=EDGE_LOOP('',(#2128,#2129,#2130,#2131,#2132,#2133));
#297=EDGE_LOOP('',(#2134,#2135,#2136,#2137));
#298=EDGE_LOOP('',(#2138,#2139,#2140,#2141,#2142,#2143,#2144,#2145,#2146,
#2147,#2148,#2149,#2150,#2151,#2152,#2153));
#299=EDGE_LOOP('',(#2154,#2155,#2156,#2157,#2158,#2159));
#300=EDGE_LOOP('',(#2160,#2161,#2162,#2163,#2164,#2165));
#301=EDGE_LOOP('',(#2166,#2167,#2168,#2169,#2170,#2171,#2172,#2173));
#302=EDGE_LOOP('',(#2174,#2175,#2176,#2177,#2178,#2179,#2180,#2181));
#303=EDGE_LOOP('',(#2182,#2183,#2184));
#304=EDGE_LOOP('',(#2185,#2186,#2187,#2188,#2189));
#305=EDGE_LOOP('',(#2190,#2191,#2192));
#306=EDGE_LOOP('',(#2193,#2194,#2195));
#307=EDGE_LOOP('',(#2196,#2197,#2198));
#308=EDGE_LOOP('',(#2199,#2200,#2201,#2202,#2203,#2204,#2205));
#309=EDGE_LOOP('',(#2206,#2207,#2208,#2209));
#310=EDGE_LOOP('',(#2210));
#311=EDGE_LOOP('',(#2211));
#312=EDGE_LOOP('',(#2212,#2213,#2214,#2215,#2216,#2217,#2218,#2219,#2220,
#2221));
#313=EDGE_LOOP('',(#2222,#2223,#2224,#2225,#2226,#2227));
#314=EDGE_LOOP('',(#2228,#2229,#2230,#2231));
#315=EDGE_LOOP('',(#2232,#2233,#2234,#2235));
#316=EDGE_LOOP('',(#2236,#2237,#2238,#2239));
#317=EDGE_LOOP('',(#2240,#2241,#2242,#2243));
#318=EDGE_LOOP('',(#2244,#2245,#2246,#2247,#2248,#2249,#2250,#2251));
#319=EDGE_LOOP('',(#2252,#2253,#2254,#2255,#2256));
#320=EDGE_LOOP('',(#2257,#2258,#2259,#2260));
#321=EDGE_LOOP('',(#2261,#2262,#2263));
#322=EDGE_LOOP('',(#2264,#2265,#2266,#2267));
#323=EDGE_LOOP('',(#2268,#2269,#2270));
#324=EDGE_LOOP('',(#2271,#2272,#2273,#2274));
#325=EDGE_LOOP('',(#2275,#2276,#2277,#2278));
#326=EDGE_LOOP('',(#2279,#2280,#2281,#2282));
#327=EDGE_LOOP('',(#2283,#2284,#2285,#2286));
#328=EDGE_LOOP('',(#2287,#2288,#2289,#2290));
#329=EDGE_LOOP('',(#2291,#2292,#2293,#2294));
#330=EDGE_LOOP('',(#2295,#2296,#2297,#2298,#2299,#2300,#2301,#2302));
#331=EDGE_LOOP('',(#2303,#2304,#2305,#2306));
#332=EDGE_LOOP('',(#2307,#2308,#2309,#2310));
#333=EDGE_LOOP('',(#2311,#2312,#2313,#2314,#2315,#2316));
#334=EDGE_LOOP('',(#2317));
#335=EDGE_LOOP('',(#2318,#2319,#2320,#2321));
#336=EDGE_LOOP('',(#2322,#2323,#2324,#2325));
#337=EDGE_LOOP('',(#2326,#2327,#2328,#2329,#2330,#2331,#2332,#2333));
#338=EDGE_LOOP('',(#2334,#2335,#2336,#2337));
#339=EDGE_LOOP('',(#2338,#2339,#2340,#2341,#2342,#2343,#2344,#2345,#2346));
#340=EDGE_LOOP('',(#2347));
#341=EDGE_LOOP('',(#2348,#2349,#2350,#2351));
#342=EDGE_LOOP('',(#2352,#2353,#2354,#2355,#2356));
#343=LINE('',#3435,#677);
#344=LINE('',#3437,#678);
#345=LINE('',#3439,#679);
#346=LINE('',#3441,#680);
#347=LINE('',#3443,#681);
#348=LINE('',#3445,#682);
#349=LINE('',#3447,#683);
#350=LINE('',#3449,#684);
#351=LINE('',#3451,#685);
#352=LINE('',#3453,#686);
#353=LINE('',#3455,#687);
#354=LINE('',#3457,#688);
#355=LINE('',#3459,#689);
#356=LINE('',#3461,#690);
#357=LINE('',#3462,#691);
#358=LINE('',#3465,#692);
#359=LINE('',#3467,#693);
#360=LINE('',#3468,#694);
#361=LINE('',#3471,#695);
#362=LINE('',#3472,#696);
#363=LINE('',#3475,#697);
#364=LINE('',#3476,#698);
#365=LINE('',#3479,#699);
#366=LINE('',#3481,#700);
#367=LINE('',#3483,#701);
#368=LINE('',#3484,#702);
#369=LINE('',#3487,#703);
#370=LINE('',#3488,#704);
#371=LINE('',#3491,#705);
#372=LINE('',#3492,#706);
#373=LINE('',#3495,#707);
#374=LINE('',#3497,#708);
#375=LINE('',#3499,#709);
#376=LINE('',#3501,#710);
#377=LINE('',#3503,#711);
#378=LINE('',#3505,#712);
#379=LINE('',#3511,#713);
#380=LINE('',#3517,#714);
#381=LINE('',#3519,#715);
#382=LINE('',#3521,#716);
#383=LINE('',#3523,#717);
#384=LINE('',#3525,#718);
#385=LINE('',#3527,#719);
#386=LINE('',#3529,#720);
#387=LINE('',#3531,#721);
#388=LINE('',#3533,#722);
#389=LINE('',#3535,#723);
#390=LINE('',#3537,#724);
#391=LINE('',#3539,#725);
#392=LINE('',#3541,#726);
#393=LINE('',#3543,#727);
#394=LINE('',#3545,#728);
#395=LINE('',#3547,#729);
#396=LINE('',#3549,#730);
#397=LINE('',#3550,#731);
#398=LINE('',#3551,#732);
#399=LINE('',#3554,#733);
#400=LINE('',#3555,#734);
#401=LINE('',#3558,#735);
#402=LINE('',#3560,#736);
#403=LINE('',#3562,#737);
#404=LINE('',#3563,#738);
#405=LINE('',#3566,#739);
#406=LINE('',#3568,#740);
#407=LINE('',#3569,#741);
#408=LINE('',#3572,#742);
#409=LINE('',#3574,#743);
#410=LINE('',#3575,#744);
#411=LINE('',#3578,#745);
#412=LINE('',#3579,#746);
#413=LINE('',#3580,#747);
#414=LINE('',#3583,#748);
#415=LINE('',#3584,#749);
#416=LINE('',#3587,#750);
#417=LINE('',#3588,#751);
#418=LINE('',#3590,#752);
#419=LINE('',#3593,#753);
#420=LINE('',#3595,#754);
#421=LINE('',#3596,#755);
#422=LINE('',#3599,#756);
#423=LINE('',#3601,#757);
#424=LINE('',#3602,#758);
#425=LINE('',#3605,#759);
#426=LINE('',#3607,#760);
#427=LINE('',#3608,#761);
#428=LINE('',#3611,#762);
#429=LINE('',#3613,#763);
#430=LINE('',#3614,#764);
#431=LINE('',#3618,#765);
#432=LINE('',#3620,#766);
#433=LINE('',#3622,#767);
#434=LINE('',#3623,#768);
#435=LINE('',#3626,#769);
#436=LINE('',#3628,#770);
#437=LINE('',#3629,#771);
#438=LINE('',#3632,#772);
#439=LINE('',#3634,#773);
#440=LINE('',#3635,#774);
#441=LINE('',#3638,#775);
#442=LINE('',#3640,#776);
#443=LINE('',#3641,#777);
#444=LINE('',#3644,#778);
#445=LINE('',#3646,#779);
#446=LINE('',#3647,#780);
#447=LINE('',#3649,#781);
#448=LINE('',#3650,#782);
#449=LINE('',#3652,#783);
#450=LINE('',#3653,#784);
#451=LINE('',#3656,#785);
#452=LINE('',#3658,#786);
#453=LINE('',#3659,#787);
#454=LINE('',#3662,#788);
#455=LINE('',#3663,#789);
#456=LINE('',#3666,#790);
#457=LINE('',#3667,#791);
#458=LINE('',#3669,#792);
#459=LINE('',#3672,#793);
#460=LINE('',#3674,#794);
#461=LINE('',#3676,#795);
#462=LINE('',#3677,#796);
#463=LINE('',#3680,#797);
#464=LINE('',#3681,#798);
#465=LINE('',#3690,#799);
#466=LINE('',#3694,#800);
#467=LINE('',#3696,#801);
#468=LINE('',#3698,#802);
#469=LINE('',#3699,#803);
#470=LINE('',#3702,#804);
#471=LINE('',#3704,#805);
#472=LINE('',#3706,#806);
#473=LINE('',#3708,#807);
#474=LINE('',#3710,#808);
#475=LINE('',#3714,#809);
#476=LINE('',#3716,#810);
#477=LINE('',#3718,#811);
#478=LINE('',#3720,#812);
#479=LINE('',#3722,#813);
#480=LINE('',#3724,#814);
#481=LINE('',#3726,#815);
#482=LINE('',#3727,#816);
#483=LINE('',#3730,#817);
#484=LINE('',#3732,#818);
#485=LINE('',#3734,#819);
#486=LINE('',#3735,#820);
#487=LINE('',#3738,#821);
#488=LINE('',#3740,#822);
#489=LINE('',#3742,#823);
#490=LINE('',#3743,#824);
#491=LINE('',#3747,#825);
#492=LINE('',#3749,#826);
#493=LINE('',#3750,#827);
#494=LINE('',#3752,#828);
#495=LINE('',#3753,#829);
#496=LINE('',#3756,#830);
#497=LINE('',#3758,#831);
#498=LINE('',#3759,#832);
#499=LINE('',#3761,#833);
#500=LINE('',#3762,#834);
#501=LINE('',#3765,#835);
#502=LINE('',#3768,#836);
#503=LINE('',#3777,#837);
#504=LINE('',#3781,#838);
#505=LINE('',#3784,#839);
#506=LINE('',#3786,#840);
#507=LINE('',#3787,#841);
#508=LINE('',#3790,#842);
#509=LINE('',#3792,#843);
#510=LINE('',#3794,#844);
#511=LINE('',#3795,#845);
#512=LINE('',#3798,#846);
#513=LINE('',#3800,#847);
#514=LINE('',#3801,#848);
#515=LINE('',#3804,#849);
#516=LINE('',#3806,#850);
#517=LINE('',#3807,#851);
#518=LINE('',#3811,#852);
#519=LINE('',#3813,#853);
#520=LINE('',#3815,#854);
#521=LINE('',#3816,#855);
#522=LINE('',#3820,#856);
#523=LINE('',#3822,#857);
#524=LINE('',#3824,#858);
#525=LINE('',#3825,#859);
#526=LINE('',#3829,#860);
#527=LINE('',#3830,#861);
#528=LINE('',#3832,#862);
#529=LINE('',#3834,#863);
#530=LINE('',#3835,#864);
#531=LINE('',#3839,#865);
#532=LINE('',#3841,#866);
#533=LINE('',#3843,#867);
#534=LINE('',#3844,#868);
#535=LINE('',#3848,#869);
#536=LINE('',#3850,#870);
#537=LINE('',#3851,#871);
#538=LINE('',#3855,#872);
#539=LINE('',#3856,#873);
#540=LINE('',#3857,#874);
#541=LINE('',#3860,#875);
#542=LINE('',#3861,#876);
#543=LINE('',#3864,#877);
#544=LINE('',#3865,#878);
#545=LINE('',#3868,#879);
#546=LINE('',#3869,#880);
#547=LINE('',#3872,#881);
#548=LINE('',#3873,#882);
#549=LINE('',#3874,#883);
#550=LINE('',#3877,#884);
#551=LINE('',#3879,#885);
#552=LINE('',#3880,#886);
#553=LINE('',#3883,#887);
#554=LINE('',#3884,#888);
#555=LINE('',#3886,#889);
#556=LINE('',#3887,#890);
#557=LINE('',#3891,#891);
#558=LINE('',#3893,#892);
#559=LINE('',#3895,#893);
#560=LINE('',#3897,#894);
#561=LINE('',#3899,#895);
#562=LINE('',#3901,#896);
#563=LINE('',#3903,#897);
#564=LINE('',#3904,#898);
#565=LINE('',#3907,#899);
#566=LINE('',#3909,#900);
#567=LINE('',#3911,#901);
#568=LINE('',#3912,#902);
#569=LINE('',#3916,#903);
#570=LINE('',#3918,#904);
#571=LINE('',#3920,#905);
#572=LINE('',#3921,#906);
#573=LINE('',#3923,#907);
#574=LINE('',#3925,#908);
#575=LINE('',#3926,#909);
#576=LINE('',#3929,#910);
#577=LINE('',#3931,#911);
#578=LINE('',#3932,#912);
#579=LINE('',#3934,#913);
#580=LINE('',#3936,#914);
#581=LINE('',#3937,#915);
#582=LINE('',#3939,#916);
#583=LINE('',#3940,#917);
#584=LINE('',#3944,#918);
#585=LINE('',#3946,#919);
#586=LINE('',#3947,#920);
#587=LINE('',#3950,#921);
#588=LINE('',#3952,#922);
#589=LINE('',#3953,#923);
#590=LINE('',#3956,#924);
#591=LINE('',#3958,#925);
#592=LINE('',#3960,#926);
#593=LINE('',#3962,#927);
#594=LINE('',#3963,#928);
#595=LINE('',#3965,#929);
#596=LINE('',#3966,#930);
#597=LINE('',#3969,#931);
#598=LINE('',#3973,#932);
#599=LINE('',#3974,#933);
#600=LINE('',#3977,#934);
#601=LINE('',#3979,#935);
#602=LINE('',#3981,#936);
#603=LINE('',#3983,#937);
#604=LINE('',#3987,#938);
#605=LINE('',#3989,#939);
#606=LINE('',#3990,#940);
#607=LINE('',#3993,#941);
#608=LINE('',#3997,#942);
#609=LINE('',#3999,#943);
#610=LINE('',#4000,#944);
#611=LINE('',#4002,#945);
#612=LINE('',#4004,#946);
#613=LINE('',#4007,#947);
#614=LINE('',#4009,#948);
#615=LINE('',#4010,#949);
#616=LINE('',#4011,#950);
#617=LINE('',#4012,#951);
#618=LINE('',#4015,#952);
#619=LINE('',#4016,#953);
#620=LINE('',#4021,#954);
#621=LINE('',#4025,#955);
#622=LINE('',#4027,#956);
#623=LINE('',#4030,#957);
#624=LINE('',#4033,#958);
#625=LINE('',#4036,#959);
#626=LINE('',#4037,#960);
#627=LINE('',#4040,#961);
#628=LINE('',#4042,#962);
#629=LINE('',#4043,#963);
#630=LINE('',#4047,#964);
#631=LINE('',#4048,#965);
#632=LINE('',#4050,#966);
#633=LINE('',#4051,#967);
#634=LINE('',#4053,#968);
#635=LINE('',#4057,#969);
#636=LINE('',#4058,#970);
#637=LINE('',#4060,#971);
#638=LINE('',#4063,#972);
#639=LINE('',#4065,#973);
#640=LINE('',#4067,#974);
#641=LINE('',#4068,#975);
#642=LINE('',#4071,#976);
#643=LINE('',#4072,#977);
#644=LINE('',#4074,#978);
#645=LINE('',#4078,#979);
#646=LINE('',#4082,#980);
#647=LINE('',#4087,#981);
#648=LINE('',#4089,#982);
#649=LINE('',#4090,#983);
#650=LINE('',#4099,#984);
#651=LINE('',#4103,#985);
#652=LINE('',#4105,#986);
#653=LINE('',#4106,#987);
#654=LINE('',#4110,#988);
#655=LINE('',#4112,#989);
#656=LINE('',#4115,#990);
#657=LINE('',#4120,#991);
#658=LINE('',#4124,#992);
#659=LINE('',#4125,#993);
#660=LINE('',#4126,#994);
#661=LINE('',#4131,#995);
#662=LINE('',#4132,#996);
#663=LINE('',#4135,#997);
#664=LINE('',#4136,#998);
#665=LINE('',#4139,#999);
#666=LINE('',#4142,#1000);
#667=LINE('',#4143,#1001);
#668=LINE('',#4145,#1002);
#669=LINE('',#4147,#1003);
#670=LINE('',#4148,#1004);
#671=LINE('',#4152,#1005);
#672=LINE('',#4156,#1006);
#673=LINE('',#4158,#1007);
#674=LINE('',#4162,#1008);
#675=LINE('',#4165,#1009);
#676=LINE('',#4167,#1010);
#677=VECTOR('',#2773,10.);
#678=VECTOR('',#2774,10.);
#679=VECTOR('',#2775,10.);
#680=VECTOR('',#2776,10.);
#681=VECTOR('',#2777,10.);
#682=VECTOR('',#2778,10.);
#683=VECTOR('',#2779,10.);
#684=VECTOR('',#2780,10.);
#685=VECTOR('',#2781,10.);
#686=VECTOR('',#2782,10.);
#687=VECTOR('',#2783,10.);
#688=VECTOR('',#2784,10.);
#689=VECTOR('',#2785,10.);
#690=VECTOR('',#2786,10.);
#691=VECTOR('',#2787,10.);
#692=VECTOR('',#2790,10.);
#693=VECTOR('',#2791,10.);
#694=VECTOR('',#2792,10.);
#695=VECTOR('',#2795,10.);
#696=VECTOR('',#2796,10.);
#697=VECTOR('',#2799,10.);
#698=VECTOR('',#2800,10.);
#699=VECTOR('',#2803,10.);
#700=VECTOR('',#2804,10.);
#701=VECTOR('',#2805,10.);
#702=VECTOR('',#2806,10.);
#703=VECTOR('',#2809,10.);
#704=VECTOR('',#2810,10.);
#705=VECTOR('',#2813,10.);
#706=VECTOR('',#2814,10.);
#707=VECTOR('',#2817,10.);
#708=VECTOR('',#2818,10.);
#709=VECTOR('',#2819,10.);
#710=VECTOR('',#2820,10.);
#711=VECTOR('',#2821,10.);
#712=VECTOR('',#2822,10.);
#713=VECTOR('',#2823,10.);
#714=VECTOR('',#2824,10.);
#715=VECTOR('',#2825,10.);
#716=VECTOR('',#2826,10.);
#717=VECTOR('',#2827,10.);
#718=VECTOR('',#2828,10.);
#719=VECTOR('',#2829,10.);
#720=VECTOR('',#2830,10.);
#721=VECTOR('',#2831,10.);
#722=VECTOR('',#2832,10.);
#723=VECTOR('',#2833,10.);
#724=VECTOR('',#2834,10.);
#725=VECTOR('',#2835,10.);
#726=VECTOR('',#2836,10.);
#727=VECTOR('',#2837,10.);
#728=VECTOR('',#2838,10.);
#729=VECTOR('',#2839,10.);
#730=VECTOR('',#2840,10.);
#731=VECTOR('',#2841,10.);
#732=VECTOR('',#2842,10.);
#733=VECTOR('',#2845,10.);
#734=VECTOR('',#2846,10.);
#735=VECTOR('',#2849,10.);
#736=VECTOR('',#2850,10.);
#737=VECTOR('',#2851,10.);
#738=VECTOR('',#2852,10.);
#739=VECTOR('',#2855,10.);
#740=VECTOR('',#2856,10.);
#741=VECTOR('',#2857,10.);
#742=VECTOR('',#2860,10.);
#743=VECTOR('',#2861,10.);
#744=VECTOR('',#2862,10.);
#745=VECTOR('',#2865,10.);
#746=VECTOR('',#2866,10.);
#747=VECTOR('',#2867,10.);
#748=VECTOR('',#2870,10.);
#749=VECTOR('',#2871,10.);
#750=VECTOR('',#2874,10.);
#751=VECTOR('',#2875,10.);
#752=VECTOR('',#2878,10.);
#753=VECTOR('',#2881,10.);
#754=VECTOR('',#2882,10.);
#755=VECTOR('',#2883,10.);
#756=VECTOR('',#2886,10.);
#757=VECTOR('',#2887,10.);
#758=VECTOR('',#2888,10.);
#759=VECTOR('',#2891,10.);
#760=VECTOR('',#2892,10.);
#761=VECTOR('',#2893,10.);
#762=VECTOR('',#2896,10.);
#763=VECTOR('',#2897,10.);
#764=VECTOR('',#2898,10.);
#765=VECTOR('',#2901,10.);
#766=VECTOR('',#2902,10.);
#767=VECTOR('',#2903,10.);
#768=VECTOR('',#2904,10.);
#769=VECTOR('',#2907,10.);
#770=VECTOR('',#2908,10.);
#771=VECTOR('',#2909,10.);
#772=VECTOR('',#2912,10.);
#773=VECTOR('',#2913,10.);
#774=VECTOR('',#2914,10.);
#775=VECTOR('',#2917,10.);
#776=VECTOR('',#2918,10.);
#777=VECTOR('',#2919,10.);
#778=VECTOR('',#2922,10.);
#779=VECTOR('',#2923,10.);
#780=VECTOR('',#2924,10.);
#781=VECTOR('',#2927,10.);
#782=VECTOR('',#2928,10.);
#783=VECTOR('',#2931,10.);
#784=VECTOR('',#2932,10.);
#785=VECTOR('',#2935,10.);
#786=VECTOR('',#2936,10.);
#787=VECTOR('',#2937,10.);
#788=VECTOR('',#2940,10.);
#789=VECTOR('',#2941,10.);
#790=VECTOR('',#2944,10.);
#791=VECTOR('',#2945,10.);
#792=VECTOR('',#2948,10.);
#793=VECTOR('',#2951,10.);
#794=VECTOR('',#2952,10.);
#795=VECTOR('',#2953,10.);
#796=VECTOR('',#2954,10.);
#797=VECTOR('',#2957,10.);
#798=VECTOR('',#2958,10.);
#799=VECTOR('',#2969,2.34999999999999);
#800=VECTOR('',#2972,10.);
#801=VECTOR('',#2973,10.);
#802=VECTOR('',#2974,10.);
#803=VECTOR('',#2975,10.);
#804=VECTOR('',#2978,10.);
#805=VECTOR('',#2979,10.);
#806=VECTOR('',#2980,10.);
#807=VECTOR('',#2981,10.);
#808=VECTOR('',#2982,10.);
#809=VECTOR('',#2985,10.);
#810=VECTOR('',#2986,10.);
#811=VECTOR('',#2987,10.);
#812=VECTOR('',#2988,10.);
#813=VECTOR('',#2989,10.);
#814=VECTOR('',#2990,10.);
#815=VECTOR('',#2991,10.);
#816=VECTOR('',#2992,10.);
#817=VECTOR('',#2995,10.);
#818=VECTOR('',#2996,10.);
#819=VECTOR('',#2997,10.);
#820=VECTOR('',#2998,10.);
#821=VECTOR('',#3001,10.);
#822=VECTOR('',#3002,10.);
#823=VECTOR('',#3003,10.);
#824=VECTOR('',#3004,10.);
#825=VECTOR('',#3007,10.);
#826=VECTOR('',#3008,10.);
#827=VECTOR('',#3009,10.);
#828=VECTOR('',#3010,10.);
#829=VECTOR('',#3011,10.);
#830=VECTOR('',#3014,10.);
#831=VECTOR('',#3015,10.);
#832=VECTOR('',#3016,10.);
#833=VECTOR('',#3019,10.);
#834=VECTOR('',#3020,10.);
#835=VECTOR('',#3025,10.);
#836=VECTOR('',#3028,1.1);
#837=VECTOR('',#3039,1.9);
#838=VECTOR('',#3046,1.75);
#839=VECTOR('',#3049,10.);
#840=VECTOR('',#3050,10.);
#841=VECTOR('',#3051,10.);
#842=VECTOR('',#3054,10.);
#843=VECTOR('',#3055,10.);
#844=VECTOR('',#3056,10.);
#845=VECTOR('',#3057,10.);
#846=VECTOR('',#3060,10.);
#847=VECTOR('',#3061,10.);
#848=VECTOR('',#3062,10.);
#849=VECTOR('',#3065,10.);
#850=VECTOR('',#3066,10.);
#851=VECTOR('',#3067,10.);
#852=VECTOR('',#3070,10.);
#853=VECTOR('',#3071,10.);
#854=VECTOR('',#3072,10.);
#855=VECTOR('',#3073,10.);
#856=VECTOR('',#3076,10.);
#857=VECTOR('',#3077,10.);
#858=VECTOR('',#3078,10.);
#859=VECTOR('',#3079,10.);
#860=VECTOR('',#3082,10.);
#861=VECTOR('',#3083,10.);
#862=VECTOR('',#3084,10.);
#863=VECTOR('',#3085,10.);
#864=VECTOR('',#3086,10.);
#865=VECTOR('',#3089,10.);
#866=VECTOR('',#3090,10.);
#867=VECTOR('',#3091,10.);
#868=VECTOR('',#3092,10.);
#869=VECTOR('',#3095,10.);
#870=VECTOR('',#3096,10.);
#871=VECTOR('',#3097,10.);
#872=VECTOR('',#3100,10.);
#873=VECTOR('',#3101,10.);
#874=VECTOR('',#3102,10.);
#875=VECTOR('',#3105,10.);
#876=VECTOR('',#3106,10.);
#877=VECTOR('',#3109,10.);
#878=VECTOR('',#3110,10.);
#879=VECTOR('',#3113,10.);
#880=VECTOR('',#3114,10.);
#881=VECTOR('',#3117,10.);
#882=VECTOR('',#3118,10.);
#883=VECTOR('',#3119,10.);
#884=VECTOR('',#3122,10.);
#885=VECTOR('',#3123,10.);
#886=VECTOR('',#3124,10.);
#887=VECTOR('',#3127,10.);
#888=VECTOR('',#3128,10.);
#889=VECTOR('',#3131,10.);
#890=VECTOR('',#3132,10.);
#891=VECTOR('',#3135,10.);
#892=VECTOR('',#3136,10.);
#893=VECTOR('',#3137,10.);
#894=VECTOR('',#3138,10.);
#895=VECTOR('',#3139,10.);
#896=VECTOR('',#3140,10.);
#897=VECTOR('',#3141,10.);
#898=VECTOR('',#3142,10.);
#899=VECTOR('',#3145,10.);
#900=VECTOR('',#3146,10.);
#901=VECTOR('',#3147,10.);
#902=VECTOR('',#3148,10.);
#903=VECTOR('',#3151,10.);
#904=VECTOR('',#3152,10.);
#905=VECTOR('',#3153,10.);
#906=VECTOR('',#3154,10.);
#907=VECTOR('',#3155,10.);
#908=VECTOR('',#3156,10.);
#909=VECTOR('',#3157,10.);
#910=VECTOR('',#3160,10.);
#911=VECTOR('',#3161,10.);
#912=VECTOR('',#3162,10.);
#913=VECTOR('',#3165,10.);
#914=VECTOR('',#3166,10.);
#915=VECTOR('',#3167,10.);
#916=VECTOR('',#3170,10.);
#917=VECTOR('',#3171,10.);
#918=VECTOR('',#3176,10.);
#919=VECTOR('',#3177,10.);
#920=VECTOR('',#3178,10.);
#921=VECTOR('',#3181,10.);
#922=VECTOR('',#3182,10.);
#923=VECTOR('',#3183,10.);
#924=VECTOR('',#3186,10.);
#925=VECTOR('',#3187,10.);
#926=VECTOR('',#3188,10.);
#927=VECTOR('',#3189,10.);
#928=VECTOR('',#3190,10.);
#929=VECTOR('',#3193,10.);
#930=VECTOR('',#3194,10.);
#931=VECTOR('',#3197,10.);
#932=VECTOR('',#3202,10.);
#933=VECTOR('',#3203,10.);
#934=VECTOR('',#3206,10.);
#935=VECTOR('',#3207,10.);
#936=VECTOR('',#3208,10.);
#937=VECTOR('',#3209,10.);
#938=VECTOR('',#3214,10.);
#939=VECTOR('',#3215,10.);
#940=VECTOR('',#3216,10.);
#941=VECTOR('',#3219,10.);
#942=VECTOR('',#3222,10.);
#943=VECTOR('',#3223,10.);
#944=VECTOR('',#3224,10.);
#945=VECTOR('',#3227,10.);
#946=VECTOR('',#3230,10.);
#947=VECTOR('',#3233,10.);
#948=VECTOR('',#3234,10.);
#949=VECTOR('',#3235,10.);
#950=VECTOR('',#3236,10.);
#951=VECTOR('',#3237,10.);
#952=VECTOR('',#3240,10.);
#953=VECTOR('',#3241,10.);
#954=VECTOR('',#3246,10.);
#955=VECTOR('',#3251,10.);
#956=VECTOR('',#3252,10.);
#957=VECTOR('',#3255,10.);
#958=VECTOR('',#3258,10.);
#959=VECTOR('',#3261,10.);
#960=VECTOR('',#3262,10.);
#961=VECTOR('',#3265,10.);
#962=VECTOR('',#3266,10.);
#963=VECTOR('',#3267,10.);
#964=VECTOR('',#3270,10.);
#965=VECTOR('',#3271,10.);
#966=VECTOR('',#3272,10.);
#967=VECTOR('',#3273,10.);
#968=VECTOR('',#3276,10.);
#969=VECTOR('',#3279,10.);
#970=VECTOR('',#3280,10.);
#971=VECTOR('',#3283,10.);
#972=VECTOR('',#3286,10.);
#973=VECTOR('',#3287,10.);
#974=VECTOR('',#3288,10.);
#975=VECTOR('',#3289,10.);
#976=VECTOR('',#3292,10.);
#977=VECTOR('',#3293,10.);
#978=VECTOR('',#3294,10.);
#979=VECTOR('',#3297,10.);
#980=VECTOR('',#3300,10.);
#981=VECTOR('',#3307,10.);
#982=VECTOR('',#3310,10.);
#983=VECTOR('',#3311,10.);
#984=VECTOR('',#3326,1.25);
#985=VECTOR('',#3331,10.);
#986=VECTOR('',#3332,10.);
#987=VECTOR('',#3333,10.);
#988=VECTOR('',#3338,10.);
#989=VECTOR('',#3339,10.);
#990=VECTOR('',#3344,10.);
#991=VECTOR('',#3349,10.);
#992=VECTOR('',#3354,10.);
#993=VECTOR('',#3355,10.);
#994=VECTOR('',#3356,10.);
#995=VECTOR('',#3365,10.);
#996=VECTOR('',#3366,10.);
#997=VECTOR('',#3369,10.);
#998=VECTOR('',#3370,10.);
#999=VECTOR('',#3373,0.707644182340257);
#1000=VECTOR('',#3378,10.);
#1001=VECTOR('',#3379,10.);
#1002=VECTOR('',#3382,10.);
#1003=VECTOR('',#3385,10.);
#1004=VECTOR('',#3386,10.);
#1005=VECTOR('',#3393,10.);
#1006=VECTOR('',#3400,10.);
#1007=VECTOR('',#3403,10.);
#1008=VECTOR('',#3410,10.);
#1009=VECTOR('',#3415,10.);
#1010=VECTOR('',#3418,10.);
#1011=VERTEX_POINT('',#3433);
#1012=VERTEX_POINT('',#3434);
#1013=VERTEX_POINT('',#3436);
#1014=VERTEX_POINT('',#3438);
#1015=VERTEX_POINT('',#3440);
#1016=VERTEX_POINT('',#3442);
#1017=VERTEX_POINT('',#3444);
#1018=VERTEX_POINT('',#3446);
#1019=VERTEX_POINT('',#3448);
#1020=VERTEX_POINT('',#3450);
#1021=VERTEX_POINT('',#3452);
#1022=VERTEX_POINT('',#3454);
#1023=VERTEX_POINT('',#3456);
#1024=VERTEX_POINT('',#3458);
#1025=VERTEX_POINT('',#3460);
#1026=VERTEX_POINT('',#3464);
#1027=VERTEX_POINT('',#3466);
#1028=VERTEX_POINT('',#3470);
#1029=VERTEX_POINT('',#3474);
#1030=VERTEX_POINT('',#3478);
#1031=VERTEX_POINT('',#3480);
#1032=VERTEX_POINT('',#3482);
#1033=VERTEX_POINT('',#3486);
#1034=VERTEX_POINT('',#3490);
#1035=VERTEX_POINT('',#3494);
#1036=VERTEX_POINT('',#3496);
#1037=VERTEX_POINT('',#3498);
#1038=VERTEX_POINT('',#3500);
#1039=VERTEX_POINT('',#3502);
#1040=VERTEX_POINT('',#3504);
#1041=VERTEX_POINT('',#3506);
#1042=VERTEX_POINT('',#3510);
#1043=VERTEX_POINT('',#3512);
#1044=VERTEX_POINT('',#3516);
#1045=VERTEX_POINT('',#3518);
#1046=VERTEX_POINT('',#3520);
#1047=VERTEX_POINT('',#3522);
#1048=VERTEX_POINT('',#3524);
#1049=VERTEX_POINT('',#3526);
#1050=VERTEX_POINT('',#3528);
#1051=VERTEX_POINT('',#3530);
#1052=VERTEX_POINT('',#3532);
#1053=VERTEX_POINT('',#3534);
#1054=VERTEX_POINT('',#3536);
#1055=VERTEX_POINT('',#3538);
#1056=VERTEX_POINT('',#3540);
#1057=VERTEX_POINT('',#3542);
#1058=VERTEX_POINT('',#3544);
#1059=VERTEX_POINT('',#3546);
#1060=VERTEX_POINT('',#3548);
#1061=VERTEX_POINT('',#3553);
#1062=VERTEX_POINT('',#3557);
#1063=VERTEX_POINT('',#3559);
#1064=VERTEX_POINT('',#3561);
#1065=VERTEX_POINT('',#3565);
#1066=VERTEX_POINT('',#3567);
#1067=VERTEX_POINT('',#3571);
#1068=VERTEX_POINT('',#3573);
#1069=VERTEX_POINT('',#3577);
#1070=VERTEX_POINT('',#3582);
#1071=VERTEX_POINT('',#3586);
#1072=VERTEX_POINT('',#3592);
#1073=VERTEX_POINT('',#3594);
#1074=VERTEX_POINT('',#3598);
#1075=VERTEX_POINT('',#3600);
#1076=VERTEX_POINT('',#3604);
#1077=VERTEX_POINT('',#3606);
#1078=VERTEX_POINT('',#3610);
#1079=VERTEX_POINT('',#3612);
#1080=VERTEX_POINT('',#3616);
#1081=VERTEX_POINT('',#3617);
#1082=VERTEX_POINT('',#3619);
#1083=VERTEX_POINT('',#3621);
#1084=VERTEX_POINT('',#3625);
#1085=VERTEX_POINT('',#3627);
#1086=VERTEX_POINT('',#3631);
#1087=VERTEX_POINT('',#3633);
#1088=VERTEX_POINT('',#3637);
#1089=VERTEX_POINT('',#3639);
#1090=VERTEX_POINT('',#3643);
#1091=VERTEX_POINT('',#3645);
#1092=VERTEX_POINT('',#3655);
#1093=VERTEX_POINT('',#3657);
#1094=VERTEX_POINT('',#3661);
#1095=VERTEX_POINT('',#3665);
#1096=VERTEX_POINT('',#3671);
#1097=VERTEX_POINT('',#3673);
#1098=VERTEX_POINT('',#3675);
#1099=VERTEX_POINT('',#3679);
#1100=VERTEX_POINT('',#3683);
#1101=VERTEX_POINT('',#3685);
#1102=VERTEX_POINT('',#3688);
#1103=VERTEX_POINT('',#3692);
#1104=VERTEX_POINT('',#3693);
#1105=VERTEX_POINT('',#3695);
#1106=VERTEX_POINT('',#3697);
#1107=VERTEX_POINT('',#3701);
#1108=VERTEX_POINT('',#3703);
#1109=VERTEX_POINT('',#3705);
#1110=VERTEX_POINT('',#3707);
#1111=VERTEX_POINT('',#3709);
#1112=VERTEX_POINT('',#3711);
#1113=VERTEX_POINT('',#3713);
#1114=VERTEX_POINT('',#3715);
#1115=VERTEX_POINT('',#3717);
#1116=VERTEX_POINT('',#3719);
#1117=VERTEX_POINT('',#3721);
#1118=VERTEX_POINT('',#3723);
#1119=VERTEX_POINT('',#3725);
#1120=VERTEX_POINT('',#3729);
#1121=VERTEX_POINT('',#3731);
#1122=VERTEX_POINT('',#3733);
#1123=VERTEX_POINT('',#3737);
#1124=VERTEX_POINT('',#3739);
#1125=VERTEX_POINT('',#3741);
#1126=VERTEX_POINT('',#3745);
#1127=VERTEX_POINT('',#3746);
#1128=VERTEX_POINT('',#3748);
#1129=VERTEX_POINT('',#3751);
#1130=VERTEX_POINT('',#3755);
#1131=VERTEX_POINT('',#3757);
#1132=VERTEX_POINT('',#3767);
#1133=VERTEX_POINT('',#3771);
#1134=VERTEX_POINT('',#3774);
#1135=VERTEX_POINT('',#3776);
#1136=VERTEX_POINT('',#3783);
#1137=VERTEX_POINT('',#3785);
#1138=VERTEX_POINT('',#3789);
#1139=VERTEX_POINT('',#3791);
#1140=VERTEX_POINT('',#3793);
#1141=VERTEX_POINT('',#3797);
#1142=VERTEX_POINT('',#3799);
#1143=VERTEX_POINT('',#3803);
#1144=VERTEX_POINT('',#3805);
#1145=VERTEX_POINT('',#3809);
#1146=VERTEX_POINT('',#3810);
#1147=VERTEX_POINT('',#3812);
#1148=VERTEX_POINT('',#3814);
#1149=VERTEX_POINT('',#3818);
#1150=VERTEX_POINT('',#3819);
#1151=VERTEX_POINT('',#3821);
#1152=VERTEX_POINT('',#3823);
#1153=VERTEX_POINT('',#3827);
#1154=VERTEX_POINT('',#3828);
#1155=VERTEX_POINT('',#3831);
#1156=VERTEX_POINT('',#3833);
#1157=VERTEX_POINT('',#3837);
#1158=VERTEX_POINT('',#3838);
#1159=VERTEX_POINT('',#3840);
#1160=VERTEX_POINT('',#3842);
#1161=VERTEX_POINT('',#3846);
#1162=VERTEX_POINT('',#3847);
#1163=VERTEX_POINT('',#3849);
#1164=VERTEX_POINT('',#3853);
#1165=VERTEX_POINT('',#3854);
#1166=VERTEX_POINT('',#3859);
#1167=VERTEX_POINT('',#3863);
#1168=VERTEX_POINT('',#3867);
#1169=VERTEX_POINT('',#3871);
#1170=VERTEX_POINT('',#3876);
#1171=VERTEX_POINT('',#3878);
#1172=VERTEX_POINT('',#3882);
#1173=VERTEX_POINT('',#3889);
#1174=VERTEX_POINT('',#3890);
#1175=VERTEX_POINT('',#3892);
#1176=VERTEX_POINT('',#3894);
#1177=VERTEX_POINT('',#3896);
#1178=VERTEX_POINT('',#3898);
#1179=VERTEX_POINT('',#3900);
#1180=VERTEX_POINT('',#3902);
#1181=VERTEX_POINT('',#3906);
#1182=VERTEX_POINT('',#3908);
#1183=VERTEX_POINT('',#3910);
#1184=VERTEX_POINT('',#3914);
#1185=VERTEX_POINT('',#3915);
#1186=VERTEX_POINT('',#3917);
#1187=VERTEX_POINT('',#3919);
#1188=VERTEX_POINT('',#3922);
#1189=VERTEX_POINT('',#3924);
#1190=VERTEX_POINT('',#3928);
#1191=VERTEX_POINT('',#3930);
#1192=VERTEX_POINT('',#3935);
#1193=VERTEX_POINT('',#3943);
#1194=VERTEX_POINT('',#3945);
#1195=VERTEX_POINT('',#3949);
#1196=VERTEX_POINT('',#3951);
#1197=VERTEX_POINT('',#3955);
#1198=VERTEX_POINT('',#3957);
#1199=VERTEX_POINT('',#3959);
#1200=VERTEX_POINT('',#3961);
#1201=VERTEX_POINT('',#3968);
#1202=VERTEX_POINT('',#3972);
#1203=VERTEX_POINT('',#3976);
#1204=VERTEX_POINT('',#3978);
#1205=VERTEX_POINT('',#3980);
#1206=VERTEX_POINT('',#3982);
#1207=VERTEX_POINT('',#3986);
#1208=VERTEX_POINT('',#3988);
#1209=VERTEX_POINT('',#3992);
#1210=VERTEX_POINT('',#3994);
#1211=VERTEX_POINT('',#3996);
#1212=VERTEX_POINT('',#3998);
#1213=VERTEX_POINT('',#4006);
#1214=VERTEX_POINT('',#4008);
#1215=VERTEX_POINT('',#4014);
#1216=VERTEX_POINT('',#4018);
#1217=VERTEX_POINT('',#4020);
#1218=VERTEX_POINT('',#4024);
#1219=VERTEX_POINT('',#4026);
#1220=VERTEX_POINT('',#4028);
#1221=VERTEX_POINT('',#4031);
#1222=VERTEX_POINT('',#4035);
#1223=VERTEX_POINT('',#4039);
#1224=VERTEX_POINT('',#4041);
#1225=VERTEX_POINT('',#4045);
#1226=VERTEX_POINT('',#4046);
#1227=VERTEX_POINT('',#4049);
#1228=VERTEX_POINT('',#4054);
#1229=VERTEX_POINT('',#4056);
#1230=VERTEX_POINT('',#4062);
#1231=VERTEX_POINT('',#4064);
#1232=VERTEX_POINT('',#4066);
#1233=VERTEX_POINT('',#4070);
#1234=VERTEX_POINT('',#4073);
#1235=VERTEX_POINT('',#4075);
#1236=VERTEX_POINT('',#4077);
#1237=VERTEX_POINT('',#4079);
#1238=VERTEX_POINT('',#4081);
#1239=VERTEX_POINT('',#4085);
#1240=VERTEX_POINT('',#4098);
#1241=VERTEX_POINT('',#4102);
#1242=VERTEX_POINT('',#4104);
#1243=VERTEX_POINT('',#4107);
#1244=VERTEX_POINT('',#4111);
#1245=VERTEX_POINT('',#4117);
#1246=VERTEX_POINT('',#4119);
#1247=VERTEX_POINT('',#4123);
#1248=VERTEX_POINT('',#4134);
#1249=VERTEX_POINT('',#4138);
#1250=EDGE_CURVE('',#1011,#1012,#343,.T.);
#1251=EDGE_CURVE('',#1012,#1013,#344,.T.);
#1252=EDGE_CURVE('',#1014,#1013,#345,.T.);
#1253=EDGE_CURVE('',#1015,#1014,#346,.T.);
#1254=EDGE_CURVE('',#1016,#1015,#347,.T.);
#1255=EDGE_CURVE('',#1017,#1016,#348,.T.);
#1256=EDGE_CURVE('',#1018,#1017,#349,.T.);
#1257=EDGE_CURVE('',#1019,#1018,#350,.T.);
#1258=EDGE_CURVE('',#1020,#1019,#351,.T.);
#1259=EDGE_CURVE('',#1020,#1021,#352,.T.);
#1260=EDGE_CURVE('',#1021,#1022,#353,.T.);
#1261=EDGE_CURVE('',#1022,#1023,#354,.T.);
#1262=EDGE_CURVE('',#1023,#1024,#355,.T.);
#1263=EDGE_CURVE('',#1024,#1025,#356,.T.);
#1264=EDGE_CURVE('',#1025,#1011,#357,.T.);
#1265=EDGE_CURVE('',#1019,#1026,#358,.T.);
#1266=EDGE_CURVE('',#1027,#1026,#359,.T.);
#1267=EDGE_CURVE('',#1020,#1027,#360,.T.);
#1268=EDGE_CURVE('',#1018,#1028,#361,.T.);
#1269=EDGE_CURVE('',#1026,#1028,#362,.T.);
#1270=EDGE_CURVE('',#1017,#1029,#363,.T.);
#1271=EDGE_CURVE('',#1028,#1029,#364,.T.);
#1272=EDGE_CURVE('',#1016,#1030,#365,.T.);
#1273=EDGE_CURVE('',#1030,#1031,#366,.T.);
#1274=EDGE_CURVE('',#1032,#1031,#367,.T.);
#1275=EDGE_CURVE('',#1029,#1032,#368,.T.);
#1276=EDGE_CURVE('',#1015,#1033,#369,.T.);
#1277=EDGE_CURVE('',#1033,#1030,#370,.T.);
#1278=EDGE_CURVE('',#1034,#1014,#371,.T.);
#1279=EDGE_CURVE('',#1034,#1033,#372,.T.);
#1280=EDGE_CURVE('',#1013,#1035,#373,.T.);
#1281=EDGE_CURVE('',#1036,#1035,#374,.T.);
#1282=EDGE_CURVE('',#1036,#1037,#375,.T.);
#1283=EDGE_CURVE('',#1038,#1037,#376,.T.);
#1284=EDGE_CURVE('',#1038,#1039,#377,.T.);
#1285=EDGE_CURVE('',#1039,#1040,#378,.T.);
#1286=EDGE_CURVE('',#1041,#1040,#71,.T.);
#1287=EDGE_CURVE('',#1041,#1042,#379,.T.);
#1288=EDGE_CURVE('',#1043,#1042,#72,.T.);
#1289=EDGE_CURVE('',#1043,#1044,#380,.T.);
#1290=EDGE_CURVE('',#1044,#1045,#381,.T.);
#1291=EDGE_CURVE('',#1046,#1045,#382,.T.);
#1292=EDGE_CURVE('',#1047,#1046,#383,.T.);
#1293=EDGE_CURVE('',#1048,#1047,#384,.T.);
#1294=EDGE_CURVE('',#1049,#1048,#385,.T.);
#1295=EDGE_CURVE('',#1050,#1049,#386,.T.);
#1296=EDGE_CURVE('',#1050,#1051,#387,.T.);
#1297=EDGE_CURVE('',#1051,#1052,#388,.T.);
#1298=EDGE_CURVE('',#1052,#1053,#389,.T.);
#1299=EDGE_CURVE('',#1053,#1054,#390,.T.);
#1300=EDGE_CURVE('',#1054,#1055,#391,.T.);
#1301=EDGE_CURVE('',#1055,#1056,#392,.T.);
#1302=EDGE_CURVE('',#1056,#1057,#393,.T.);
#1303=EDGE_CURVE('',#1057,#1058,#394,.T.);
#1304=EDGE_CURVE('',#1058,#1059,#395,.T.);
#1305=EDGE_CURVE('',#1060,#1059,#396,.T.);
#1306=EDGE_CURVE('',#1060,#1032,#397,.T.);
#1307=EDGE_CURVE('',#1031,#1034,#398,.T.);
#1308=EDGE_CURVE('',#1012,#1061,#399,.T.);
#1309=EDGE_CURVE('',#1061,#1035,#400,.T.);
#1310=EDGE_CURVE('',#1062,#1027,#401,.T.);
#1311=EDGE_CURVE('',#1063,#1062,#402,.T.);
#1312=EDGE_CURVE('',#1064,#1063,#403,.T.);
#1313=EDGE_CURVE('',#1064,#1021,#404,.T.);
#1314=EDGE_CURVE('',#1065,#1022,#405,.T.);
#1315=EDGE_CURVE('',#1066,#1065,#406,.T.);
#1316=EDGE_CURVE('',#1066,#1023,#407,.T.);
#1317=EDGE_CURVE('',#1067,#1064,#408,.T.);
#1318=EDGE_CURVE('',#1068,#1067,#409,.T.);
#1319=EDGE_CURVE('',#1065,#1068,#410,.T.);
#1320=EDGE_CURVE('',#1069,#1011,#411,.T.);
#1321=EDGE_CURVE('',#1068,#1069,#412,.T.);
#1322=EDGE_CURVE('',#1061,#1067,#413,.T.);
#1323=EDGE_CURVE('',#1070,#1025,#414,.T.);
#1324=EDGE_CURVE('',#1069,#1070,#415,.T.);
#1325=EDGE_CURVE('',#1070,#1071,#416,.T.);
#1326=EDGE_CURVE('',#1071,#1024,#417,.T.);
#1327=EDGE_CURVE('',#1071,#1066,#418,.T.);
#1328=EDGE_CURVE('',#1072,#1051,#419,.T.);
#1329=EDGE_CURVE('',#1072,#1073,#420,.T.);
#1330=EDGE_CURVE('',#1052,#1073,#421,.T.);
#1331=EDGE_CURVE('',#1074,#1072,#422,.T.);
#1332=EDGE_CURVE('',#1074,#1075,#423,.T.);
#1333=EDGE_CURVE('',#1073,#1075,#424,.T.);
#1334=EDGE_CURVE('',#1076,#1074,#425,.T.);
#1335=EDGE_CURVE('',#1076,#1077,#426,.T.);
#1336=EDGE_CURVE('',#1075,#1077,#427,.T.);
#1337=EDGE_CURVE('',#1078,#1076,#428,.T.);
#1338=EDGE_CURVE('',#1078,#1079,#429,.T.);
#1339=EDGE_CURVE('',#1077,#1079,#430,.T.);
#1340=EDGE_CURVE('',#1080,#1081,#431,.T.);
#1341=EDGE_CURVE('',#1080,#1082,#432,.T.);
#1342=EDGE_CURVE('',#1083,#1082,#433,.T.);
#1343=EDGE_CURVE('',#1081,#1083,#434,.T.);
#1344=EDGE_CURVE('',#1081,#1084,#435,.T.);
#1345=EDGE_CURVE('',#1085,#1083,#436,.T.);
#1346=EDGE_CURVE('',#1084,#1085,#437,.T.);
#1347=EDGE_CURVE('',#1084,#1086,#438,.T.);
#1348=EDGE_CURVE('',#1087,#1085,#439,.T.);
#1349=EDGE_CURVE('',#1086,#1087,#440,.T.);
#1350=EDGE_CURVE('',#1086,#1088,#441,.T.);
#1351=EDGE_CURVE('',#1089,#1087,#442,.T.);
#1352=EDGE_CURVE('',#1088,#1089,#443,.T.);
#1353=EDGE_CURVE('',#1088,#1090,#444,.T.);
#1354=EDGE_CURVE('',#1091,#1089,#445,.T.);
#1355=EDGE_CURVE('',#1090,#1091,#446,.T.);
#1356=EDGE_CURVE('',#1090,#1080,#447,.T.);
#1357=EDGE_CURVE('',#1082,#1091,#448,.T.);
#1358=EDGE_CURVE('',#1079,#1055,#449,.T.);
#1359=EDGE_CURVE('',#1056,#1078,#450,.T.);
#1360=EDGE_CURVE('',#1092,#1055,#451,.T.);
#1361=EDGE_CURVE('',#1093,#1092,#452,.T.);
#1362=EDGE_CURVE('',#1052,#1093,#453,.T.);
#1363=EDGE_CURVE('',#1093,#1094,#454,.T.);
#1364=EDGE_CURVE('',#1094,#1053,#455,.T.);
#1365=EDGE_CURVE('',#1092,#1095,#456,.T.);
#1366=EDGE_CURVE('',#1095,#1094,#457,.T.);
#1367=EDGE_CURVE('',#1054,#1095,#458,.T.);
#1368=EDGE_CURVE('',#1096,#1057,#459,.T.);
#1369=EDGE_CURVE('',#1097,#1050,#460,.T.);
#1370=EDGE_CURVE('',#1098,#1097,#461,.T.);
#1371=EDGE_CURVE('',#1098,#1096,#462,.T.);
#1372=EDGE_CURVE('',#1060,#1099,#463,.T.);
#1373=EDGE_CURVE('',#1099,#1062,#464,.T.);
#1374=EDGE_CURVE('',#1100,#1100,#28,.T.);
#1375=EDGE_CURVE('',#1101,#1101,#29,.T.);
#1376=EDGE_CURVE('',#1102,#1102,#30,.T.);
#1377=EDGE_CURVE('',#1102,#1100,#465,.T.);
#1378=EDGE_CURVE('',#1103,#1104,#466,.T.);
#1379=EDGE_CURVE('',#1104,#1105,#467,.T.);
#1380=EDGE_CURVE('',#1105,#1106,#468,.F.);
#1381=EDGE_CURVE('',#1106,#1103,#469,.T.);
#1382=EDGE_CURVE('',#1107,#1103,#470,.T.);
#1383=EDGE_CURVE('',#1108,#1107,#471,.T.);
#1384=EDGE_CURVE('',#1109,#1108,#472,.T.);
#1385=EDGE_CURVE('',#1110,#1109,#473,.T.);
#1386=EDGE_CURVE('',#1111,#1110,#474,.T.);
#1387=EDGE_CURVE('',#1111,#1112,#31,.T.);
#1388=EDGE_CURVE('',#1113,#1112,#475,.T.);
#1389=EDGE_CURVE('',#1113,#1114,#476,.T.);
#1390=EDGE_CURVE('',#1115,#1114,#477,.T.);
#1391=EDGE_CURVE('',#1115,#1116,#478,.T.);
#1392=EDGE_CURVE('',#1116,#1117,#479,.T.);
#1393=EDGE_CURVE('',#1117,#1118,#480,.T.);
#1394=EDGE_CURVE('',#1119,#1118,#481,.T.);
#1395=EDGE_CURVE('',#1119,#1104,#482,.T.);
#1396=EDGE_CURVE('',#1106,#1120,#483,.T.);
#1397=EDGE_CURVE('',#1121,#1120,#484,.T.);
#1398=EDGE_CURVE('',#1121,#1122,#485,.T.);
#1399=EDGE_CURVE('',#1122,#1107,#486,.T.);
#1400=EDGE_CURVE('',#1122,#1123,#487,.T.);
#1401=EDGE_CURVE('',#1124,#1123,#488,.T.);
#1402=EDGE_CURVE('',#1125,#1124,#489,.T.);
#1403=EDGE_CURVE('',#1108,#1125,#490,.T.);
#1404=EDGE_CURVE('',#1126,#1127,#491,.T.);
#1405=EDGE_CURVE('',#1126,#1128,#492,.T.);
#1406=EDGE_CURVE('',#1128,#1110,#493,.T.);
#1407=EDGE_CURVE('',#1109,#1129,#494,.T.);
#1408=EDGE_CURVE('',#1127,#1129,#495,.T.);
#1409=EDGE_CURVE('',#1130,#1127,#496,.T.);
#1410=EDGE_CURVE('',#1130,#1131,#497,.T.);
#1411=EDGE_CURVE('',#1131,#1126,#498,.T.);
#1412=EDGE_CURVE('',#1127,#1124,#499,.T.);
#1413=EDGE_CURVE('',#1129,#1125,#500,.T.);
#1414=EDGE_CURVE('',#1123,#1130,#501,.T.);
#1415=EDGE_CURVE('',#1101,#1132,#502,.T.);
#1416=EDGE_CURVE('',#1132,#1132,#32,.T.);
#1417=EDGE_CURVE('',#1133,#1133,#33,.T.);
#1418=EDGE_CURVE('',#1134,#1134,#34,.T.);
#1419=EDGE_CURVE('',#1134,#1135,#503,.T.);
#1420=EDGE_CURVE('',#1112,#1135,#35,.T.);
#1421=EDGE_CURVE('',#1135,#1111,#36,.T.);
#1422=EDGE_CURVE('',#1133,#1134,#504,.T.);
#1423=EDGE_CURVE('',#1136,#1098,#505,.T.);
#1424=EDGE_CURVE('',#1137,#1136,#506,.T.);
#1425=EDGE_CURVE('',#1137,#1096,#507,.T.);
#1426=EDGE_CURVE('',#1138,#1097,#508,.T.);
#1427=EDGE_CURVE('',#1138,#1139,#509,.T.);
#1428=EDGE_CURVE('',#1139,#1140,#510,.T.);
#1429=EDGE_CURVE('',#1140,#1136,#511,.T.);
#1430=EDGE_CURVE('',#1139,#1141,#512,.T.);
#1431=EDGE_CURVE('',#1142,#1141,#513,.T.);
#1432=EDGE_CURVE('',#1140,#1142,#514,.T.);
#1433=EDGE_CURVE('',#1114,#1143,#515,.T.);
#1434=EDGE_CURVE('',#1143,#1144,#516,.T.);
#1435=EDGE_CURVE('',#1144,#1115,#517,.T.);
#1436=EDGE_CURVE('',#1145,#1146,#518,.T.);
#1437=EDGE_CURVE('',#1147,#1145,#519,.T.);
#1438=EDGE_CURVE('',#1148,#1147,#520,.T.);
#1439=EDGE_CURVE('',#1148,#1146,#521,.T.);
#1440=EDGE_CURVE('',#1149,#1150,#522,.T.);
#1441=EDGE_CURVE('',#1150,#1151,#523,.T.);
#1442=EDGE_CURVE('',#1151,#1152,#524,.T.);
#1443=EDGE_CURVE('',#1152,#1149,#525,.T.);
#1444=EDGE_CURVE('',#1153,#1154,#526,.T.);
#1445=EDGE_CURVE('',#1150,#1153,#527,.T.);
#1446=EDGE_CURVE('',#1155,#1149,#528,.T.);
#1447=EDGE_CURVE('',#1156,#1155,#529,.T.);
#1448=EDGE_CURVE('',#1154,#1156,#530,.T.);
#1449=EDGE_CURVE('',#1157,#1158,#531,.T.);
#1450=EDGE_CURVE('',#1159,#1157,#532,.T.);
#1451=EDGE_CURVE('',#1159,#1160,#533,.T.);
#1452=EDGE_CURVE('',#1158,#1160,#534,.T.);
#1453=EDGE_CURVE('',#1161,#1162,#535,.T.);
#1454=EDGE_CURVE('',#1163,#1162,#536,.T.);
#1455=EDGE_CURVE('',#1163,#1161,#537,.T.);
#1456=EDGE_CURVE('',#1164,#1165,#538,.T.);
#1457=EDGE_CURVE('',#1156,#1165,#539,.T.);
#1458=EDGE_CURVE('',#1155,#1164,#540,.T.);
#1459=EDGE_CURVE('',#1166,#1116,#541,.T.);
#1460=EDGE_CURVE('',#1144,#1166,#542,.T.);
#1461=EDGE_CURVE('',#1167,#1166,#543,.T.);
#1462=EDGE_CURVE('',#1143,#1167,#544,.T.);
#1463=EDGE_CURVE('',#1117,#1168,#545,.T.);
#1464=EDGE_CURVE('',#1118,#1168,#546,.T.);
#1465=EDGE_CURVE('',#1169,#1113,#547,.T.);
#1466=EDGE_CURVE('',#1165,#1169,#548,.T.);
#1467=EDGE_CURVE('',#1164,#1143,#549,.T.);
#1468=EDGE_CURVE('',#1154,#1170,#550,.T.);
#1469=EDGE_CURVE('',#1170,#1171,#551,.T.);
#1470=EDGE_CURVE('',#1171,#1153,#552,.F.);
#1471=EDGE_CURVE('',#1170,#1172,#553,.T.);
#1472=EDGE_CURVE('',#1172,#1171,#554,.T.);
#1473=EDGE_CURVE('',#1162,#1169,#555,.T.);
#1474=EDGE_CURVE('',#1113,#1163,#556,.F.);
#1475=EDGE_CURVE('',#1173,#1174,#557,.T.);
#1476=EDGE_CURVE('',#1175,#1173,#558,.T.);
#1477=EDGE_CURVE('',#1176,#1175,#559,.T.);
#1478=EDGE_CURVE('',#1177,#1176,#560,.T.);
#1479=EDGE_CURVE('',#1178,#1177,#561,.T.);
#1480=EDGE_CURVE('',#1178,#1179,#562,.T.);
#1481=EDGE_CURVE('',#1180,#1179,#563,.T.);
#1482=EDGE_CURVE('',#1174,#1180,#564,.T.);
#1483=EDGE_CURVE('',#1181,#1126,#565,.T.);
#1484=EDGE_CURVE('',#1182,#1181,#566,.T.);
#1485=EDGE_CURVE('',#1182,#1183,#567,.T.);
#1486=EDGE_CURVE('',#1183,#1128,#568,.T.);
#1487=EDGE_CURVE('',#1184,#1185,#569,.T.);
#1488=EDGE_CURVE('',#1186,#1185,#570,.T.);
#1489=EDGE_CURVE('',#1186,#1187,#571,.T.);
#1490=EDGE_CURVE('',#1187,#1168,#572,.T.);
#1491=EDGE_CURVE('',#1188,#1167,#573,.T.);
#1492=EDGE_CURVE('',#1188,#1189,#574,.T.);
#1493=EDGE_CURVE('',#1184,#1189,#575,.T.);
#1494=EDGE_CURVE('',#1190,#1119,#576,.T.);
#1495=EDGE_CURVE('',#1191,#1190,#577,.T.);
#1496=EDGE_CURVE('',#1191,#1105,#578,.T.);
#1497=EDGE_CURVE('',#1183,#1173,#579,.T.);
#1498=EDGE_CURVE('',#1174,#1192,#580,.T.);
#1499=EDGE_CURVE('',#1192,#1183,#581,.T.);
#1500=EDGE_CURVE('',#1172,#1180,#582,.T.);
#1501=EDGE_CURVE('',#1192,#1161,#583,.T.);
#1502=EDGE_CURVE('',#1193,#1159,#584,.T.);
#1503=EDGE_CURVE('',#1194,#1193,#585,.T.);
#1504=EDGE_CURVE('',#1160,#1194,#586,.T.);
#1505=EDGE_CURVE('',#1195,#1099,#587,.T.);
#1506=EDGE_CURVE('',#1196,#1195,#588,.T.);
#1507=EDGE_CURVE('',#1196,#1063,#589,.T.);
#1508=EDGE_CURVE('',#1190,#1197,#590,.T.);
#1509=EDGE_CURVE('',#1197,#1198,#591,.T.);
#1510=EDGE_CURVE('',#1198,#1199,#592,.T.);
#1511=EDGE_CURVE('',#1200,#1199,#593,.T.);
#1512=EDGE_CURVE('',#1200,#1191,#594,.T.);
#1513=EDGE_CURVE('',#1168,#1038,#595,.T.);
#1514=EDGE_CURVE('',#1037,#1197,#596,.T.);
#1515=EDGE_CURVE('',#1187,#1201,#597,.T.);
#1516=EDGE_CURVE('',#1201,#1039,#37,.T.);
#1517=EDGE_CURVE('',#1202,#1186,#598,.T.);
#1518=EDGE_CURVE('',#1202,#1201,#599,.T.);
#1519=EDGE_CURVE('',#1203,#1185,#600,.T.);
#1520=EDGE_CURVE('',#1204,#1203,#601,.T.);
#1521=EDGE_CURVE('',#1205,#1204,#602,.T.);
#1522=EDGE_CURVE('',#1206,#1205,#603,.T.);
#1523=EDGE_CURVE('',#1206,#1202,#38,.T.);
#1524=EDGE_CURVE('',#1184,#1207,#604,.T.);
#1525=EDGE_CURVE('',#1207,#1208,#605,.T.);
#1526=EDGE_CURVE('',#1208,#1203,#606,.T.);
#1527=EDGE_CURVE('',#1189,#1209,#607,.T.);
#1528=EDGE_CURVE('',#1209,#1210,#39,.T.);
#1529=EDGE_CURVE('',#1211,#1210,#608,.T.);
#1530=EDGE_CURVE('',#1212,#1211,#609,.T.);
#1531=EDGE_CURVE('',#1207,#1212,#610,.T.);
#1532=EDGE_CURVE('',#1058,#1137,#611,.T.);
#1533=EDGE_CURVE('',#1036,#1196,#612,.T.);
#1534=EDGE_CURVE('',#1213,#1177,#613,.T.);
#1535=EDGE_CURVE('',#1214,#1213,#614,.T.);
#1536=EDGE_CURVE('',#1214,#1142,#615,.T.);
#1537=EDGE_CURVE('',#1141,#1194,#616,.T.);
#1538=EDGE_CURVE('',#1193,#1178,#617,.T.);
#1539=EDGE_CURVE('',#1176,#1215,#618,.T.);
#1540=EDGE_CURVE('',#1215,#1213,#619,.T.);
#1541=EDGE_CURVE('',#1216,#1145,#40,.T.);
#1542=EDGE_CURVE('',#1217,#1216,#620,.T.);
#1543=EDGE_CURVE('',#1147,#1217,#41,.T.);
#1544=EDGE_CURVE('',#1149,#1218,#621,.T.);
#1545=EDGE_CURVE('',#1219,#1218,#622,.T.);
#1546=EDGE_CURVE('',#1219,#1220,#42,.T.);
#1547=EDGE_CURVE('',#1220,#1216,#623,.T.);
#1548=EDGE_CURVE('',#1146,#1221,#43,.T.);
#1549=EDGE_CURVE('',#1188,#1221,#624,.T.);
#1550=EDGE_CURVE('',#1152,#1222,#625,.T.);
#1551=EDGE_CURVE('',#1218,#1222,#626,.T.);
#1552=EDGE_CURVE('',#1151,#1223,#627,.T.);
#1553=EDGE_CURVE('',#1223,#1224,#628,.T.);
#1554=EDGE_CURVE('',#1222,#1224,#629,.T.);
#1555=EDGE_CURVE('',#1225,#1226,#630,.T.);
#1556=EDGE_CURVE('',#1223,#1226,#631,.T.);
#1557=EDGE_CURVE('',#1179,#1227,#632,.T.);
#1558=EDGE_CURVE('',#1225,#1227,#633,.T.);
#1559=EDGE_CURVE('',#1045,#1225,#634,.T.);
#1560=EDGE_CURVE('',#1044,#1228,#44,.T.);
#1561=EDGE_CURVE('',#1229,#1228,#635,.T.);
#1562=EDGE_CURVE('',#1229,#1226,#636,.T.);
#1563=EDGE_CURVE('',#1195,#1059,#637,.T.);
#1564=EDGE_CURVE('',#1230,#1214,#638,.T.);
#1565=EDGE_CURVE('',#1231,#1230,#639,.T.);
#1566=EDGE_CURVE('',#1232,#1231,#640,.T.);
#1567=EDGE_CURVE('',#1232,#1198,#641,.T.);
#1568=EDGE_CURVE('',#1233,#1181,#642,.T.);
#1569=EDGE_CURVE('',#1215,#1233,#643,.T.);
#1570=EDGE_CURVE('',#1217,#1234,#644,.T.);
#1571=EDGE_CURVE('',#1234,#1235,#45,.T.);
#1572=EDGE_CURVE('',#1235,#1236,#645,.T.);
#1573=EDGE_CURVE('',#1236,#1237,#46,.T.);
#1574=EDGE_CURVE('',#1237,#1238,#646,.T.);
#1575=EDGE_CURVE('',#1238,#1148,#47,.T.);
#1576=EDGE_CURVE('',#1204,#1239,#48,.T.);
#1577=EDGE_CURVE('',#1205,#1239,#647,.T.);
#1578=EDGE_CURVE('',#1239,#1211,#648,.T.);
#1579=EDGE_CURVE('',#1206,#1210,#649,.T.);
#1580=EDGE_CURVE('',#1239,#1212,#49,.T.);
#1581=EDGE_CURVE('',#1212,#1208,#50,.T.);
#1582=EDGE_CURVE('',#1208,#1204,#51,.T.);
#1583=EDGE_CURVE('',#1239,#1240,#650,.T.);
#1584=EDGE_CURVE('',#1240,#1240,#52,.T.);
#1585=EDGE_CURVE('',#1231,#1241,#651,.T.);
#1586=EDGE_CURVE('',#1242,#1230,#652,.T.);
#1587=EDGE_CURVE('',#1241,#1242,#653,.T.);
#1588=EDGE_CURVE('',#1243,#1243,#53,.T.);
#1589=EDGE_CURVE('',#1237,#1209,#654,.T.);
#1590=EDGE_CURVE('',#1236,#1244,#655,.T.);
#1591=EDGE_CURVE('',#1040,#1244,#54,.T.);
#1592=EDGE_CURVE('',#1238,#1221,#656,.T.);
#1593=EDGE_CURVE('',#1042,#1245,#55,.T.);
#1594=EDGE_CURVE('',#1245,#1246,#657,.T.);
#1595=EDGE_CURVE('',#1246,#1043,#56,.T.);
#1596=EDGE_CURVE('',#1247,#1244,#658,.T.);
#1597=EDGE_CURVE('',#1244,#1246,#659,.T.);
#1598=EDGE_CURVE('',#1245,#1247,#660,.T.);
#1599=EDGE_CURVE('',#1247,#1041,#57,.T.);
#1600=EDGE_CURVE('',#1049,#1138,#661,.T.);
#1601=EDGE_CURVE('',#1048,#1158,#662,.T.);
#1602=EDGE_CURVE('',#1131,#1248,#663,.T.);
#1603=EDGE_CURVE('',#1248,#1233,#664,.T.);
#1604=EDGE_CURVE('',#1243,#1249,#665,.T.);
#1605=EDGE_CURVE('',#1249,#1249,#58,.T.);
#1606=EDGE_CURVE('',#1233,#1241,#666,.T.);
#1607=EDGE_CURVE('',#1241,#1248,#667,.T.);
#1608=EDGE_CURVE('',#1248,#1232,#668,.T.);
#1609=EDGE_CURVE('',#1213,#1242,#669,.T.);
#1610=EDGE_CURVE('',#1242,#1215,#670,.T.);
#1611=EDGE_CURVE('',#1229,#1224,#671,.T.);
#1612=EDGE_CURVE('',#1157,#1047,#672,.T.);
#1613=EDGE_CURVE('',#1227,#1046,#673,.T.);
#1614=EDGE_CURVE('',#1228,#1219,#674,.T.);
#1615=EDGE_CURVE('',#1235,#1246,#675,.T.);
#1616=EDGE_CURVE('',#1234,#1220,#676,.T.);
#1617=EDGE_CURVE('',#1199,#1121,#59,.T.);
#1618=EDGE_CURVE('',#1120,#1200,#60,.T.);
#1619=ORIENTED_EDGE('',*,*,#1250,.T.);
#1620=ORIENTED_EDGE('',*,*,#1251,.T.);
#1621=ORIENTED_EDGE('',*,*,#1252,.F.);
#1622=ORIENTED_EDGE('',*,*,#1253,.F.);
#1623=ORIENTED_EDGE('',*,*,#1254,.F.);
#1624=ORIENTED_EDGE('',*,*,#1255,.F.);
#1625=ORIENTED_EDGE('',*,*,#1256,.F.);
#1626=ORIENTED_EDGE('',*,*,#1257,.F.);
#1627=ORIENTED_EDGE('',*,*,#1258,.F.);
#1628=ORIENTED_EDGE('',*,*,#1259,.T.);
#1629=ORIENTED_EDGE('',*,*,#1260,.T.);
#1630=ORIENTED_EDGE('',*,*,#1261,.T.);
#1631=ORIENTED_EDGE('',*,*,#1262,.T.);
#1632=ORIENTED_EDGE('',*,*,#1263,.T.);
#1633=ORIENTED_EDGE('',*,*,#1264,.T.);
#1634=ORIENTED_EDGE('',*,*,#1258,.T.);
#1635=ORIENTED_EDGE('',*,*,#1265,.T.);
#1636=ORIENTED_EDGE('',*,*,#1266,.F.);
#1637=ORIENTED_EDGE('',*,*,#1267,.F.);
#1638=ORIENTED_EDGE('',*,*,#1257,.T.);
#1639=ORIENTED_EDGE('',*,*,#1268,.T.);
#1640=ORIENTED_EDGE('',*,*,#1269,.F.);
#1641=ORIENTED_EDGE('',*,*,#1265,.F.);
#1642=ORIENTED_EDGE('',*,*,#1256,.T.);
#1643=ORIENTED_EDGE('',*,*,#1270,.T.);
#1644=ORIENTED_EDGE('',*,*,#1271,.F.);
#1645=ORIENTED_EDGE('',*,*,#1268,.F.);
#1646=ORIENTED_EDGE('',*,*,#1255,.T.);
#1647=ORIENTED_EDGE('',*,*,#1272,.T.);
#1648=ORIENTED_EDGE('',*,*,#1273,.T.);
#1649=ORIENTED_EDGE('',*,*,#1274,.F.);
#1650=ORIENTED_EDGE('',*,*,#1275,.F.);
#1651=ORIENTED_EDGE('',*,*,#1270,.F.);
#1652=ORIENTED_EDGE('',*,*,#1254,.T.);
#1653=ORIENTED_EDGE('',*,*,#1276,.T.);
#1654=ORIENTED_EDGE('',*,*,#1277,.T.);
#1655=ORIENTED_EDGE('',*,*,#1272,.F.);
#1656=ORIENTED_EDGE('',*,*,#1253,.T.);
#1657=ORIENTED_EDGE('',*,*,#1278,.F.);
#1658=ORIENTED_EDGE('',*,*,#1279,.T.);
#1659=ORIENTED_EDGE('',*,*,#1276,.F.);
#1660=ORIENTED_EDGE('',*,*,#1280,.T.);
#1661=ORIENTED_EDGE('',*,*,#1281,.F.);
#1662=ORIENTED_EDGE('',*,*,#1282,.T.);
#1663=ORIENTED_EDGE('',*,*,#1283,.F.);
#1664=ORIENTED_EDGE('',*,*,#1284,.T.);
#1665=ORIENTED_EDGE('',*,*,#1285,.T.);
#1666=ORIENTED_EDGE('',*,*,#1286,.F.);
#1667=ORIENTED_EDGE('',*,*,#1287,.T.);
#1668=ORIENTED_EDGE('',*,*,#1288,.F.);
#1669=ORIENTED_EDGE('',*,*,#1289,.T.);
#1670=ORIENTED_EDGE('',*,*,#1290,.T.);
#1671=ORIENTED_EDGE('',*,*,#1291,.F.);
#1672=ORIENTED_EDGE('',*,*,#1292,.F.);
#1673=ORIENTED_EDGE('',*,*,#1293,.F.);
#1674=ORIENTED_EDGE('',*,*,#1294,.F.);
#1675=ORIENTED_EDGE('',*,*,#1295,.F.);
#1676=ORIENTED_EDGE('',*,*,#1296,.T.);
#1677=ORIENTED_EDGE('',*,*,#1297,.T.);
#1678=ORIENTED_EDGE('',*,*,#1298,.T.);
#1679=ORIENTED_EDGE('',*,*,#1299,.T.);
#1680=ORIENTED_EDGE('',*,*,#1300,.T.);
#1681=ORIENTED_EDGE('',*,*,#1301,.T.);
#1682=ORIENTED_EDGE('',*,*,#1302,.T.);
#1683=ORIENTED_EDGE('',*,*,#1303,.T.);
#1684=ORIENTED_EDGE('',*,*,#1304,.T.);
#1685=ORIENTED_EDGE('',*,*,#1305,.F.);
#1686=ORIENTED_EDGE('',*,*,#1306,.T.);
#1687=ORIENTED_EDGE('',*,*,#1274,.T.);
#1688=ORIENTED_EDGE('',*,*,#1307,.T.);
#1689=ORIENTED_EDGE('',*,*,#1278,.T.);
#1690=ORIENTED_EDGE('',*,*,#1252,.T.);
#1691=ORIENTED_EDGE('',*,*,#1308,.T.);
#1692=ORIENTED_EDGE('',*,*,#1309,.T.);
#1693=ORIENTED_EDGE('',*,*,#1280,.F.);
#1694=ORIENTED_EDGE('',*,*,#1251,.F.);
#1695=ORIENTED_EDGE('',*,*,#1267,.T.);
#1696=ORIENTED_EDGE('',*,*,#1310,.F.);
#1697=ORIENTED_EDGE('',*,*,#1311,.F.);
#1698=ORIENTED_EDGE('',*,*,#1312,.F.);
#1699=ORIENTED_EDGE('',*,*,#1313,.T.);
#1700=ORIENTED_EDGE('',*,*,#1259,.F.);
#1701=ORIENTED_EDGE('',*,*,#1314,.F.);
#1702=ORIENTED_EDGE('',*,*,#1315,.F.);
#1703=ORIENTED_EDGE('',*,*,#1316,.T.);
#1704=ORIENTED_EDGE('',*,*,#1261,.F.);
#1705=ORIENTED_EDGE('',*,*,#1317,.F.);
#1706=ORIENTED_EDGE('',*,*,#1318,.F.);
#1707=ORIENTED_EDGE('',*,*,#1319,.F.);
#1708=ORIENTED_EDGE('',*,*,#1314,.T.);
#1709=ORIENTED_EDGE('',*,*,#1260,.F.);
#1710=ORIENTED_EDGE('',*,*,#1313,.F.);
#1711=ORIENTED_EDGE('',*,*,#1320,.F.);
#1712=ORIENTED_EDGE('',*,*,#1321,.F.);
#1713=ORIENTED_EDGE('',*,*,#1318,.T.);
#1714=ORIENTED_EDGE('',*,*,#1322,.F.);
#1715=ORIENTED_EDGE('',*,*,#1308,.F.);
#1716=ORIENTED_EDGE('',*,*,#1250,.F.);
#1717=ORIENTED_EDGE('',*,*,#1323,.F.);
#1718=ORIENTED_EDGE('',*,*,#1324,.F.);
#1719=ORIENTED_EDGE('',*,*,#1320,.T.);
#1720=ORIENTED_EDGE('',*,*,#1264,.F.);
#1721=ORIENTED_EDGE('',*,*,#1325,.F.);
#1722=ORIENTED_EDGE('',*,*,#1323,.T.);
#1723=ORIENTED_EDGE('',*,*,#1263,.F.);
#1724=ORIENTED_EDGE('',*,*,#1326,.F.);
#1725=ORIENTED_EDGE('',*,*,#1327,.F.);
#1726=ORIENTED_EDGE('',*,*,#1326,.T.);
#1727=ORIENTED_EDGE('',*,*,#1262,.F.);
#1728=ORIENTED_EDGE('',*,*,#1316,.F.);
#1729=ORIENTED_EDGE('',*,*,#1297,.F.);
#1730=ORIENTED_EDGE('',*,*,#1328,.F.);
#1731=ORIENTED_EDGE('',*,*,#1329,.T.);
#1732=ORIENTED_EDGE('',*,*,#1330,.F.);
#1733=ORIENTED_EDGE('',*,*,#1331,.F.);
#1734=ORIENTED_EDGE('',*,*,#1332,.T.);
#1735=ORIENTED_EDGE('',*,*,#1333,.F.);
#1736=ORIENTED_EDGE('',*,*,#1329,.F.);
#1737=ORIENTED_EDGE('',*,*,#1334,.F.);
#1738=ORIENTED_EDGE('',*,*,#1335,.T.);
#1739=ORIENTED_EDGE('',*,*,#1336,.F.);
#1740=ORIENTED_EDGE('',*,*,#1332,.F.);
#1741=ORIENTED_EDGE('',*,*,#1337,.F.);
#1742=ORIENTED_EDGE('',*,*,#1338,.T.);
#1743=ORIENTED_EDGE('',*,*,#1339,.F.);
#1744=ORIENTED_EDGE('',*,*,#1335,.F.);
#1745=ORIENTED_EDGE('',*,*,#1340,.F.);
#1746=ORIENTED_EDGE('',*,*,#1341,.T.);
#1747=ORIENTED_EDGE('',*,*,#1342,.F.);
#1748=ORIENTED_EDGE('',*,*,#1343,.F.);
#1749=ORIENTED_EDGE('',*,*,#1344,.F.);
#1750=ORIENTED_EDGE('',*,*,#1343,.T.);
#1751=ORIENTED_EDGE('',*,*,#1345,.F.);
#1752=ORIENTED_EDGE('',*,*,#1346,.F.);
#1753=ORIENTED_EDGE('',*,*,#1347,.F.);
#1754=ORIENTED_EDGE('',*,*,#1346,.T.);
#1755=ORIENTED_EDGE('',*,*,#1348,.F.);
#1756=ORIENTED_EDGE('',*,*,#1349,.F.);
#1757=ORIENTED_EDGE('',*,*,#1350,.F.);
#1758=ORIENTED_EDGE('',*,*,#1349,.T.);
#1759=ORIENTED_EDGE('',*,*,#1351,.F.);
#1760=ORIENTED_EDGE('',*,*,#1352,.F.);
#1761=ORIENTED_EDGE('',*,*,#1353,.F.);
#1762=ORIENTED_EDGE('',*,*,#1352,.T.);
#1763=ORIENTED_EDGE('',*,*,#1354,.F.);
#1764=ORIENTED_EDGE('',*,*,#1355,.F.);
#1765=ORIENTED_EDGE('',*,*,#1356,.F.);
#1766=ORIENTED_EDGE('',*,*,#1355,.T.);
#1767=ORIENTED_EDGE('',*,*,#1357,.F.);
#1768=ORIENTED_EDGE('',*,*,#1341,.F.);
#1769=ORIENTED_EDGE('',*,*,#1301,.F.);
#1770=ORIENTED_EDGE('',*,*,#1358,.F.);
#1771=ORIENTED_EDGE('',*,*,#1338,.F.);
#1772=ORIENTED_EDGE('',*,*,#1359,.F.);
#1773=ORIENTED_EDGE('',*,*,#1333,.T.);
#1774=ORIENTED_EDGE('',*,*,#1336,.T.);
#1775=ORIENTED_EDGE('',*,*,#1339,.T.);
#1776=ORIENTED_EDGE('',*,*,#1358,.T.);
#1777=ORIENTED_EDGE('',*,*,#1360,.F.);
#1778=ORIENTED_EDGE('',*,*,#1361,.F.);
#1779=ORIENTED_EDGE('',*,*,#1362,.F.);
#1780=ORIENTED_EDGE('',*,*,#1330,.T.);
#1781=ORIENTED_EDGE('',*,*,#1357,.T.);
#1782=ORIENTED_EDGE('',*,*,#1354,.T.);
#1783=ORIENTED_EDGE('',*,*,#1351,.T.);
#1784=ORIENTED_EDGE('',*,*,#1348,.T.);
#1785=ORIENTED_EDGE('',*,*,#1345,.T.);
#1786=ORIENTED_EDGE('',*,*,#1342,.T.);
#1787=ORIENTED_EDGE('',*,*,#1362,.T.);
#1788=ORIENTED_EDGE('',*,*,#1363,.T.);
#1789=ORIENTED_EDGE('',*,*,#1364,.T.);
#1790=ORIENTED_EDGE('',*,*,#1298,.F.);
#1791=ORIENTED_EDGE('',*,*,#1361,.T.);
#1792=ORIENTED_EDGE('',*,*,#1365,.T.);
#1793=ORIENTED_EDGE('',*,*,#1366,.T.);
#1794=ORIENTED_EDGE('',*,*,#1363,.F.);
#1795=ORIENTED_EDGE('',*,*,#1360,.T.);
#1796=ORIENTED_EDGE('',*,*,#1300,.F.);
#1797=ORIENTED_EDGE('',*,*,#1367,.T.);
#1798=ORIENTED_EDGE('',*,*,#1365,.F.);
#1799=ORIENTED_EDGE('',*,*,#1368,.T.);
#1800=ORIENTED_EDGE('',*,*,#1302,.F.);
#1801=ORIENTED_EDGE('',*,*,#1359,.T.);
#1802=ORIENTED_EDGE('',*,*,#1337,.T.);
#1803=ORIENTED_EDGE('',*,*,#1334,.T.);
#1804=ORIENTED_EDGE('',*,*,#1331,.T.);
#1805=ORIENTED_EDGE('',*,*,#1328,.T.);
#1806=ORIENTED_EDGE('',*,*,#1296,.F.);
#1807=ORIENTED_EDGE('',*,*,#1369,.F.);
#1808=ORIENTED_EDGE('',*,*,#1370,.F.);
#1809=ORIENTED_EDGE('',*,*,#1371,.T.);
#1810=ORIENTED_EDGE('',*,*,#1271,.T.);
#1811=ORIENTED_EDGE('',*,*,#1275,.T.);
#1812=ORIENTED_EDGE('',*,*,#1306,.F.);
#1813=ORIENTED_EDGE('',*,*,#1372,.T.);
#1814=ORIENTED_EDGE('',*,*,#1373,.T.);
#1815=ORIENTED_EDGE('',*,*,#1310,.T.);
#1816=ORIENTED_EDGE('',*,*,#1266,.T.);
#1817=ORIENTED_EDGE('',*,*,#1269,.T.);
#1818=ORIENTED_EDGE('',*,*,#1374,.F.);
#1819=ORIENTED_EDGE('',*,*,#1375,.F.);
#1820=ORIENTED_EDGE('',*,*,#1376,.F.);
#1821=ORIENTED_EDGE('',*,*,#1377,.T.);
#1822=ORIENTED_EDGE('',*,*,#1374,.T.);
#1823=ORIENTED_EDGE('',*,*,#1377,.F.);
#1824=ORIENTED_EDGE('',*,*,#1378,.T.);
#1825=ORIENTED_EDGE('',*,*,#1379,.T.);
#1826=ORIENTED_EDGE('',*,*,#1380,.T.);
#1827=ORIENTED_EDGE('',*,*,#1381,.T.);
#1828=ORIENTED_EDGE('',*,*,#1378,.F.);
#1829=ORIENTED_EDGE('',*,*,#1382,.F.);
#1830=ORIENTED_EDGE('',*,*,#1383,.F.);
#1831=ORIENTED_EDGE('',*,*,#1384,.F.);
#1832=ORIENTED_EDGE('',*,*,#1385,.F.);
#1833=ORIENTED_EDGE('',*,*,#1386,.F.);
#1834=ORIENTED_EDGE('',*,*,#1387,.T.);
#1835=ORIENTED_EDGE('',*,*,#1388,.F.);
#1836=ORIENTED_EDGE('',*,*,#1389,.T.);
#1837=ORIENTED_EDGE('',*,*,#1390,.F.);
#1838=ORIENTED_EDGE('',*,*,#1391,.T.);
#1839=ORIENTED_EDGE('',*,*,#1392,.T.);
#1840=ORIENTED_EDGE('',*,*,#1393,.T.);
#1841=ORIENTED_EDGE('',*,*,#1394,.F.);
#1842=ORIENTED_EDGE('',*,*,#1395,.T.);
#1843=ORIENTED_EDGE('',*,*,#1381,.F.);
#1844=ORIENTED_EDGE('',*,*,#1396,.T.);
#1845=ORIENTED_EDGE('',*,*,#1397,.F.);
#1846=ORIENTED_EDGE('',*,*,#1398,.T.);
#1847=ORIENTED_EDGE('',*,*,#1399,.T.);
#1848=ORIENTED_EDGE('',*,*,#1382,.T.);
#1849=ORIENTED_EDGE('',*,*,#1399,.F.);
#1850=ORIENTED_EDGE('',*,*,#1400,.T.);
#1851=ORIENTED_EDGE('',*,*,#1401,.F.);
#1852=ORIENTED_EDGE('',*,*,#1402,.F.);
#1853=ORIENTED_EDGE('',*,*,#1403,.F.);
#1854=ORIENTED_EDGE('',*,*,#1383,.T.);
#1855=ORIENTED_EDGE('',*,*,#1404,.F.);
#1856=ORIENTED_EDGE('',*,*,#1405,.T.);
#1857=ORIENTED_EDGE('',*,*,#1406,.T.);
#1858=ORIENTED_EDGE('',*,*,#1385,.T.);
#1859=ORIENTED_EDGE('',*,*,#1407,.T.);
#1860=ORIENTED_EDGE('',*,*,#1408,.F.);
#1861=ORIENTED_EDGE('',*,*,#1409,.F.);
#1862=ORIENTED_EDGE('',*,*,#1410,.T.);
#1863=ORIENTED_EDGE('',*,*,#1411,.T.);
#1864=ORIENTED_EDGE('',*,*,#1404,.T.);
#1865=ORIENTED_EDGE('',*,*,#1412,.F.);
#1866=ORIENTED_EDGE('',*,*,#1408,.T.);
#1867=ORIENTED_EDGE('',*,*,#1413,.T.);
#1868=ORIENTED_EDGE('',*,*,#1402,.T.);
#1869=ORIENTED_EDGE('',*,*,#1384,.T.);
#1870=ORIENTED_EDGE('',*,*,#1403,.T.);
#1871=ORIENTED_EDGE('',*,*,#1413,.F.);
#1872=ORIENTED_EDGE('',*,*,#1407,.F.);
#1873=ORIENTED_EDGE('',*,*,#1409,.T.);
#1874=ORIENTED_EDGE('',*,*,#1412,.T.);
#1875=ORIENTED_EDGE('',*,*,#1401,.T.);
#1876=ORIENTED_EDGE('',*,*,#1414,.T.);
#1877=ORIENTED_EDGE('',*,*,#1375,.T.);
#1878=ORIENTED_EDGE('',*,*,#1415,.T.);
#1879=ORIENTED_EDGE('',*,*,#1416,.F.);
#1880=ORIENTED_EDGE('',*,*,#1415,.F.);
#1881=ORIENTED_EDGE('',*,*,#1417,.F.);
#1882=ORIENTED_EDGE('',*,*,#1416,.T.);
#1883=ORIENTED_EDGE('',*,*,#1418,.F.);
#1884=ORIENTED_EDGE('',*,*,#1419,.T.);
#1885=ORIENTED_EDGE('',*,*,#1420,.F.);
#1886=ORIENTED_EDGE('',*,*,#1387,.F.);
#1887=ORIENTED_EDGE('',*,*,#1421,.F.);
#1888=ORIENTED_EDGE('',*,*,#1419,.F.);
#1889=ORIENTED_EDGE('',*,*,#1417,.T.);
#1890=ORIENTED_EDGE('',*,*,#1422,.T.);
#1891=ORIENTED_EDGE('',*,*,#1418,.T.);
#1892=ORIENTED_EDGE('',*,*,#1422,.F.);
#1893=ORIENTED_EDGE('',*,*,#1423,.F.);
#1894=ORIENTED_EDGE('',*,*,#1424,.F.);
#1895=ORIENTED_EDGE('',*,*,#1425,.T.);
#1896=ORIENTED_EDGE('',*,*,#1371,.F.);
#1897=ORIENTED_EDGE('',*,*,#1370,.T.);
#1898=ORIENTED_EDGE('',*,*,#1426,.F.);
#1899=ORIENTED_EDGE('',*,*,#1427,.T.);
#1900=ORIENTED_EDGE('',*,*,#1428,.T.);
#1901=ORIENTED_EDGE('',*,*,#1429,.T.);
#1902=ORIENTED_EDGE('',*,*,#1423,.T.);
#1903=ORIENTED_EDGE('',*,*,#1430,.T.);
#1904=ORIENTED_EDGE('',*,*,#1431,.F.);
#1905=ORIENTED_EDGE('',*,*,#1432,.F.);
#1906=ORIENTED_EDGE('',*,*,#1428,.F.);
#1907=ORIENTED_EDGE('',*,*,#1433,.T.);
#1908=ORIENTED_EDGE('',*,*,#1434,.T.);
#1909=ORIENTED_EDGE('',*,*,#1435,.T.);
#1910=ORIENTED_EDGE('',*,*,#1390,.T.);
#1911=ORIENTED_EDGE('',*,*,#1436,.F.);
#1912=ORIENTED_EDGE('',*,*,#1437,.F.);
#1913=ORIENTED_EDGE('',*,*,#1438,.F.);
#1914=ORIENTED_EDGE('',*,*,#1439,.T.);
#1915=ORIENTED_EDGE('',*,*,#1440,.T.);
#1916=ORIENTED_EDGE('',*,*,#1441,.T.);
#1917=ORIENTED_EDGE('',*,*,#1442,.T.);
#1918=ORIENTED_EDGE('',*,*,#1443,.T.);
#1919=ORIENTED_EDGE('',*,*,#1444,.F.);
#1920=ORIENTED_EDGE('',*,*,#1445,.F.);
#1921=ORIENTED_EDGE('',*,*,#1440,.F.);
#1922=ORIENTED_EDGE('',*,*,#1446,.F.);
#1923=ORIENTED_EDGE('',*,*,#1447,.F.);
#1924=ORIENTED_EDGE('',*,*,#1448,.F.);
#1925=ORIENTED_EDGE('',*,*,#1449,.F.);
#1926=ORIENTED_EDGE('',*,*,#1450,.F.);
#1927=ORIENTED_EDGE('',*,*,#1451,.T.);
#1928=ORIENTED_EDGE('',*,*,#1452,.F.);
#1929=ORIENTED_EDGE('',*,*,#1453,.T.);
#1930=ORIENTED_EDGE('',*,*,#1454,.F.);
#1931=ORIENTED_EDGE('',*,*,#1455,.T.);
#1932=ORIENTED_EDGE('',*,*,#1456,.T.);
#1933=ORIENTED_EDGE('',*,*,#1457,.F.);
#1934=ORIENTED_EDGE('',*,*,#1447,.T.);
#1935=ORIENTED_EDGE('',*,*,#1458,.T.);
#1936=ORIENTED_EDGE('',*,*,#1459,.T.);
#1937=ORIENTED_EDGE('',*,*,#1391,.F.);
#1938=ORIENTED_EDGE('',*,*,#1435,.F.);
#1939=ORIENTED_EDGE('',*,*,#1460,.T.);
#1940=ORIENTED_EDGE('',*,*,#1461,.T.);
#1941=ORIENTED_EDGE('',*,*,#1460,.F.);
#1942=ORIENTED_EDGE('',*,*,#1434,.F.);
#1943=ORIENTED_EDGE('',*,*,#1462,.T.);
#1944=ORIENTED_EDGE('',*,*,#1463,.T.);
#1945=ORIENTED_EDGE('',*,*,#1464,.F.);
#1946=ORIENTED_EDGE('',*,*,#1393,.F.);
#1947=ORIENTED_EDGE('',*,*,#1465,.F.);
#1948=ORIENTED_EDGE('',*,*,#1466,.F.);
#1949=ORIENTED_EDGE('',*,*,#1456,.F.);
#1950=ORIENTED_EDGE('',*,*,#1467,.T.);
#1951=ORIENTED_EDGE('',*,*,#1433,.F.);
#1952=ORIENTED_EDGE('',*,*,#1389,.F.);
#1953=ORIENTED_EDGE('',*,*,#1468,.T.);
#1954=ORIENTED_EDGE('',*,*,#1469,.T.);
#1955=ORIENTED_EDGE('',*,*,#1470,.T.);
#1956=ORIENTED_EDGE('',*,*,#1444,.T.);
#1957=ORIENTED_EDGE('',*,*,#1471,.T.);
#1958=ORIENTED_EDGE('',*,*,#1472,.T.);
#1959=ORIENTED_EDGE('',*,*,#1469,.F.);
#1960=ORIENTED_EDGE('',*,*,#1473,.T.);
#1961=ORIENTED_EDGE('',*,*,#1465,.T.);
#1962=ORIENTED_EDGE('',*,*,#1474,.T.);
#1963=ORIENTED_EDGE('',*,*,#1454,.T.);
#1964=ORIENTED_EDGE('',*,*,#1475,.F.);
#1965=ORIENTED_EDGE('',*,*,#1476,.F.);
#1966=ORIENTED_EDGE('',*,*,#1477,.F.);
#1967=ORIENTED_EDGE('',*,*,#1478,.F.);
#1968=ORIENTED_EDGE('',*,*,#1479,.F.);
#1969=ORIENTED_EDGE('',*,*,#1480,.T.);
#1970=ORIENTED_EDGE('',*,*,#1481,.F.);
#1971=ORIENTED_EDGE('',*,*,#1482,.F.);
#1972=ORIENTED_EDGE('',*,*,#1483,.F.);
#1973=ORIENTED_EDGE('',*,*,#1484,.F.);
#1974=ORIENTED_EDGE('',*,*,#1485,.T.);
#1975=ORIENTED_EDGE('',*,*,#1486,.T.);
#1976=ORIENTED_EDGE('',*,*,#1405,.F.);
#1977=ORIENTED_EDGE('',*,*,#1487,.T.);
#1978=ORIENTED_EDGE('',*,*,#1488,.F.);
#1979=ORIENTED_EDGE('',*,*,#1489,.T.);
#1980=ORIENTED_EDGE('',*,*,#1490,.T.);
#1981=ORIENTED_EDGE('',*,*,#1463,.F.);
#1982=ORIENTED_EDGE('',*,*,#1392,.F.);
#1983=ORIENTED_EDGE('',*,*,#1459,.F.);
#1984=ORIENTED_EDGE('',*,*,#1461,.F.);
#1985=ORIENTED_EDGE('',*,*,#1491,.F.);
#1986=ORIENTED_EDGE('',*,*,#1492,.T.);
#1987=ORIENTED_EDGE('',*,*,#1493,.F.);
#1988=ORIENTED_EDGE('',*,*,#1395,.F.);
#1989=ORIENTED_EDGE('',*,*,#1494,.F.);
#1990=ORIENTED_EDGE('',*,*,#1495,.F.);
#1991=ORIENTED_EDGE('',*,*,#1496,.T.);
#1992=ORIENTED_EDGE('',*,*,#1379,.F.);
#1993=ORIENTED_EDGE('',*,*,#1497,.T.);
#1994=ORIENTED_EDGE('',*,*,#1475,.T.);
#1995=ORIENTED_EDGE('',*,*,#1498,.T.);
#1996=ORIENTED_EDGE('',*,*,#1499,.T.);
#1997=ORIENTED_EDGE('',*,*,#1498,.F.);
#1998=ORIENTED_EDGE('',*,*,#1482,.T.);
#1999=ORIENTED_EDGE('',*,*,#1500,.F.);
#2000=ORIENTED_EDGE('',*,*,#1471,.F.);
#2001=ORIENTED_EDGE('',*,*,#1468,.F.);
#2002=ORIENTED_EDGE('',*,*,#1448,.T.);
#2003=ORIENTED_EDGE('',*,*,#1457,.T.);
#2004=ORIENTED_EDGE('',*,*,#1466,.T.);
#2005=ORIENTED_EDGE('',*,*,#1473,.F.);
#2006=ORIENTED_EDGE('',*,*,#1453,.F.);
#2007=ORIENTED_EDGE('',*,*,#1501,.F.);
#2008=ORIENTED_EDGE('',*,*,#1501,.T.);
#2009=ORIENTED_EDGE('',*,*,#1455,.F.);
#2010=ORIENTED_EDGE('',*,*,#1474,.F.);
#2011=ORIENTED_EDGE('',*,*,#1388,.T.);
#2012=ORIENTED_EDGE('',*,*,#1420,.T.);
#2013=ORIENTED_EDGE('',*,*,#1421,.T.);
#2014=ORIENTED_EDGE('',*,*,#1386,.T.);
#2015=ORIENTED_EDGE('',*,*,#1406,.F.);
#2016=ORIENTED_EDGE('',*,*,#1486,.F.);
#2017=ORIENTED_EDGE('',*,*,#1499,.F.);
#2018=ORIENTED_EDGE('',*,*,#1451,.F.);
#2019=ORIENTED_EDGE('',*,*,#1502,.F.);
#2020=ORIENTED_EDGE('',*,*,#1503,.F.);
#2021=ORIENTED_EDGE('',*,*,#1504,.F.);
#2022=ORIENTED_EDGE('',*,*,#1505,.F.);
#2023=ORIENTED_EDGE('',*,*,#1506,.F.);
#2024=ORIENTED_EDGE('',*,*,#1507,.T.);
#2025=ORIENTED_EDGE('',*,*,#1311,.T.);
#2026=ORIENTED_EDGE('',*,*,#1373,.F.);
#2027=ORIENTED_EDGE('',*,*,#1495,.T.);
#2028=ORIENTED_EDGE('',*,*,#1508,.T.);
#2029=ORIENTED_EDGE('',*,*,#1509,.T.);
#2030=ORIENTED_EDGE('',*,*,#1510,.T.);
#2031=ORIENTED_EDGE('',*,*,#1511,.F.);
#2032=ORIENTED_EDGE('',*,*,#1512,.T.);
#2033=ORIENTED_EDGE('',*,*,#1513,.T.);
#2034=ORIENTED_EDGE('',*,*,#1283,.T.);
#2035=ORIENTED_EDGE('',*,*,#1514,.T.);
#2036=ORIENTED_EDGE('',*,*,#1508,.F.);
#2037=ORIENTED_EDGE('',*,*,#1494,.T.);
#2038=ORIENTED_EDGE('',*,*,#1394,.T.);
#2039=ORIENTED_EDGE('',*,*,#1464,.T.);
#2040=ORIENTED_EDGE('',*,*,#1515,.T.);
#2041=ORIENTED_EDGE('',*,*,#1516,.T.);
#2042=ORIENTED_EDGE('',*,*,#1284,.F.);
#2043=ORIENTED_EDGE('',*,*,#1513,.F.);
#2044=ORIENTED_EDGE('',*,*,#1490,.F.);
#2045=ORIENTED_EDGE('',*,*,#1517,.F.);
#2046=ORIENTED_EDGE('',*,*,#1518,.T.);
#2047=ORIENTED_EDGE('',*,*,#1515,.F.);
#2048=ORIENTED_EDGE('',*,*,#1489,.F.);
#2049=ORIENTED_EDGE('',*,*,#1519,.F.);
#2050=ORIENTED_EDGE('',*,*,#1520,.F.);
#2051=ORIENTED_EDGE('',*,*,#1521,.F.);
#2052=ORIENTED_EDGE('',*,*,#1522,.F.);
#2053=ORIENTED_EDGE('',*,*,#1523,.T.);
#2054=ORIENTED_EDGE('',*,*,#1517,.T.);
#2055=ORIENTED_EDGE('',*,*,#1488,.T.);
#2056=ORIENTED_EDGE('',*,*,#1524,.T.);
#2057=ORIENTED_EDGE('',*,*,#1525,.T.);
#2058=ORIENTED_EDGE('',*,*,#1526,.T.);
#2059=ORIENTED_EDGE('',*,*,#1519,.T.);
#2060=ORIENTED_EDGE('',*,*,#1487,.F.);
#2061=ORIENTED_EDGE('',*,*,#1527,.T.);
#2062=ORIENTED_EDGE('',*,*,#1528,.T.);
#2063=ORIENTED_EDGE('',*,*,#1529,.F.);
#2064=ORIENTED_EDGE('',*,*,#1530,.F.);
#2065=ORIENTED_EDGE('',*,*,#1531,.F.);
#2066=ORIENTED_EDGE('',*,*,#1524,.F.);
#2067=ORIENTED_EDGE('',*,*,#1493,.T.);
#2068=ORIENTED_EDGE('',*,*,#1532,.F.);
#2069=ORIENTED_EDGE('',*,*,#1303,.F.);
#2070=ORIENTED_EDGE('',*,*,#1368,.F.);
#2071=ORIENTED_EDGE('',*,*,#1425,.F.);
#2072=ORIENTED_EDGE('',*,*,#1309,.F.);
#2073=ORIENTED_EDGE('',*,*,#1322,.T.);
#2074=ORIENTED_EDGE('',*,*,#1317,.T.);
#2075=ORIENTED_EDGE('',*,*,#1312,.T.);
#2076=ORIENTED_EDGE('',*,*,#1507,.F.);
#2077=ORIENTED_EDGE('',*,*,#1533,.F.);
#2078=ORIENTED_EDGE('',*,*,#1281,.T.);
#2079=ORIENTED_EDGE('',*,*,#1534,.F.);
#2080=ORIENTED_EDGE('',*,*,#1535,.F.);
#2081=ORIENTED_EDGE('',*,*,#1536,.T.);
#2082=ORIENTED_EDGE('',*,*,#1431,.T.);
#2083=ORIENTED_EDGE('',*,*,#1537,.T.);
#2084=ORIENTED_EDGE('',*,*,#1503,.T.);
#2085=ORIENTED_EDGE('',*,*,#1538,.T.);
#2086=ORIENTED_EDGE('',*,*,#1479,.T.);
#2087=ORIENTED_EDGE('',*,*,#1539,.T.);
#2088=ORIENTED_EDGE('',*,*,#1540,.T.);
#2089=ORIENTED_EDGE('',*,*,#1534,.T.);
#2090=ORIENTED_EDGE('',*,*,#1478,.T.);
#2091=ORIENTED_EDGE('',*,*,#1541,.F.);
#2092=ORIENTED_EDGE('',*,*,#1542,.F.);
#2093=ORIENTED_EDGE('',*,*,#1543,.F.);
#2094=ORIENTED_EDGE('',*,*,#1437,.T.);
#2095=ORIENTED_EDGE('',*,*,#1544,.T.);
#2096=ORIENTED_EDGE('',*,*,#1545,.F.);
#2097=ORIENTED_EDGE('',*,*,#1546,.T.);
#2098=ORIENTED_EDGE('',*,*,#1547,.T.);
#2099=ORIENTED_EDGE('',*,*,#1541,.T.);
#2100=ORIENTED_EDGE('',*,*,#1436,.T.);
#2101=ORIENTED_EDGE('',*,*,#1548,.T.);
#2102=ORIENTED_EDGE('',*,*,#1549,.F.);
#2103=ORIENTED_EDGE('',*,*,#1491,.T.);
#2104=ORIENTED_EDGE('',*,*,#1462,.F.);
#2105=ORIENTED_EDGE('',*,*,#1467,.F.);
#2106=ORIENTED_EDGE('',*,*,#1458,.F.);
#2107=ORIENTED_EDGE('',*,*,#1446,.T.);
#2108=ORIENTED_EDGE('',*,*,#1550,.T.);
#2109=ORIENTED_EDGE('',*,*,#1551,.F.);
#2110=ORIENTED_EDGE('',*,*,#1544,.F.);
#2111=ORIENTED_EDGE('',*,*,#1443,.F.);
#2112=ORIENTED_EDGE('',*,*,#1552,.T.);
#2113=ORIENTED_EDGE('',*,*,#1553,.T.);
#2114=ORIENTED_EDGE('',*,*,#1554,.F.);
#2115=ORIENTED_EDGE('',*,*,#1550,.F.);
#2116=ORIENTED_EDGE('',*,*,#1442,.F.);
#2117=ORIENTED_EDGE('',*,*,#1555,.T.);
#2118=ORIENTED_EDGE('',*,*,#1556,.F.);
#2119=ORIENTED_EDGE('',*,*,#1552,.F.);
#2120=ORIENTED_EDGE('',*,*,#1441,.F.);
#2121=ORIENTED_EDGE('',*,*,#1445,.T.);
#2122=ORIENTED_EDGE('',*,*,#1470,.F.);
#2123=ORIENTED_EDGE('',*,*,#1472,.F.);
#2124=ORIENTED_EDGE('',*,*,#1500,.T.);
#2125=ORIENTED_EDGE('',*,*,#1481,.T.);
#2126=ORIENTED_EDGE('',*,*,#1557,.T.);
#2127=ORIENTED_EDGE('',*,*,#1558,.F.);
#2128=ORIENTED_EDGE('',*,*,#1559,.F.);
#2129=ORIENTED_EDGE('',*,*,#1290,.F.);
#2130=ORIENTED_EDGE('',*,*,#1560,.T.);
#2131=ORIENTED_EDGE('',*,*,#1561,.F.);
#2132=ORIENTED_EDGE('',*,*,#1562,.T.);
#2133=ORIENTED_EDGE('',*,*,#1555,.F.);
#2134=ORIENTED_EDGE('',*,*,#1305,.T.);
#2135=ORIENTED_EDGE('',*,*,#1563,.F.);
#2136=ORIENTED_EDGE('',*,*,#1505,.T.);
#2137=ORIENTED_EDGE('',*,*,#1372,.F.);
#2138=ORIENTED_EDGE('',*,*,#1532,.T.);
#2139=ORIENTED_EDGE('',*,*,#1424,.T.);
#2140=ORIENTED_EDGE('',*,*,#1429,.F.);
#2141=ORIENTED_EDGE('',*,*,#1432,.T.);
#2142=ORIENTED_EDGE('',*,*,#1536,.F.);
#2143=ORIENTED_EDGE('',*,*,#1564,.F.);
#2144=ORIENTED_EDGE('',*,*,#1565,.F.);
#2145=ORIENTED_EDGE('',*,*,#1566,.F.);
#2146=ORIENTED_EDGE('',*,*,#1567,.T.);
#2147=ORIENTED_EDGE('',*,*,#1509,.F.);
#2148=ORIENTED_EDGE('',*,*,#1514,.F.);
#2149=ORIENTED_EDGE('',*,*,#1282,.F.);
#2150=ORIENTED_EDGE('',*,*,#1533,.T.);
#2151=ORIENTED_EDGE('',*,*,#1506,.T.);
#2152=ORIENTED_EDGE('',*,*,#1563,.T.);
#2153=ORIENTED_EDGE('',*,*,#1304,.F.);
#2154=ORIENTED_EDGE('',*,*,#1327,.T.);
#2155=ORIENTED_EDGE('',*,*,#1315,.T.);
#2156=ORIENTED_EDGE('',*,*,#1319,.T.);
#2157=ORIENTED_EDGE('',*,*,#1321,.T.);
#2158=ORIENTED_EDGE('',*,*,#1324,.T.);
#2159=ORIENTED_EDGE('',*,*,#1325,.T.);
#2160=ORIENTED_EDGE('',*,*,#1356,.T.);
#2161=ORIENTED_EDGE('',*,*,#1340,.T.);
#2162=ORIENTED_EDGE('',*,*,#1344,.T.);
#2163=ORIENTED_EDGE('',*,*,#1347,.T.);
#2164=ORIENTED_EDGE('',*,*,#1350,.T.);
#2165=ORIENTED_EDGE('',*,*,#1353,.T.);
#2166=ORIENTED_EDGE('',*,*,#1539,.F.);
#2167=ORIENTED_EDGE('',*,*,#1477,.T.);
#2168=ORIENTED_EDGE('',*,*,#1476,.T.);
#2169=ORIENTED_EDGE('',*,*,#1497,.F.);
#2170=ORIENTED_EDGE('',*,*,#1485,.F.);
#2171=ORIENTED_EDGE('',*,*,#1484,.T.);
#2172=ORIENTED_EDGE('',*,*,#1568,.F.);
#2173=ORIENTED_EDGE('',*,*,#1569,.F.);
#2174=ORIENTED_EDGE('',*,*,#1543,.T.);
#2175=ORIENTED_EDGE('',*,*,#1570,.T.);
#2176=ORIENTED_EDGE('',*,*,#1571,.T.);
#2177=ORIENTED_EDGE('',*,*,#1572,.T.);
#2178=ORIENTED_EDGE('',*,*,#1573,.T.);
#2179=ORIENTED_EDGE('',*,*,#1574,.T.);
#2180=ORIENTED_EDGE('',*,*,#1575,.T.);
#2181=ORIENTED_EDGE('',*,*,#1438,.T.);
#2182=ORIENTED_EDGE('',*,*,#1521,.T.);
#2183=ORIENTED_EDGE('',*,*,#1576,.T.);
#2184=ORIENTED_EDGE('',*,*,#1577,.F.);
#2185=ORIENTED_EDGE('',*,*,#1522,.T.);
#2186=ORIENTED_EDGE('',*,*,#1577,.T.);
#2187=ORIENTED_EDGE('',*,*,#1578,.T.);
#2188=ORIENTED_EDGE('',*,*,#1529,.T.);
#2189=ORIENTED_EDGE('',*,*,#1579,.F.);
#2190=ORIENTED_EDGE('',*,*,#1530,.T.);
#2191=ORIENTED_EDGE('',*,*,#1578,.F.);
#2192=ORIENTED_EDGE('',*,*,#1580,.T.);
#2193=ORIENTED_EDGE('',*,*,#1531,.T.);
#2194=ORIENTED_EDGE('',*,*,#1581,.T.);
#2195=ORIENTED_EDGE('',*,*,#1525,.F.);
#2196=ORIENTED_EDGE('',*,*,#1520,.T.);
#2197=ORIENTED_EDGE('',*,*,#1526,.F.);
#2198=ORIENTED_EDGE('',*,*,#1582,.T.);
#2199=ORIENTED_EDGE('',*,*,#1582,.F.);
#2200=ORIENTED_EDGE('',*,*,#1581,.F.);
#2201=ORIENTED_EDGE('',*,*,#1580,.F.);
#2202=ORIENTED_EDGE('',*,*,#1583,.T.);
#2203=ORIENTED_EDGE('',*,*,#1584,.T.);
#2204=ORIENTED_EDGE('',*,*,#1583,.F.);
#2205=ORIENTED_EDGE('',*,*,#1576,.F.);
#2206=ORIENTED_EDGE('',*,*,#1585,.F.);
#2207=ORIENTED_EDGE('',*,*,#1565,.T.);
#2208=ORIENTED_EDGE('',*,*,#1586,.F.);
#2209=ORIENTED_EDGE('',*,*,#1587,.F.);
#2210=ORIENTED_EDGE('',*,*,#1584,.F.);
#2211=ORIENTED_EDGE('',*,*,#1588,.T.);
#2212=ORIENTED_EDGE('',*,*,#1589,.F.);
#2213=ORIENTED_EDGE('',*,*,#1573,.F.);
#2214=ORIENTED_EDGE('',*,*,#1590,.T.);
#2215=ORIENTED_EDGE('',*,*,#1591,.F.);
#2216=ORIENTED_EDGE('',*,*,#1285,.F.);
#2217=ORIENTED_EDGE('',*,*,#1516,.F.);
#2218=ORIENTED_EDGE('',*,*,#1518,.F.);
#2219=ORIENTED_EDGE('',*,*,#1523,.F.);
#2220=ORIENTED_EDGE('',*,*,#1579,.T.);
#2221=ORIENTED_EDGE('',*,*,#1528,.F.);
#2222=ORIENTED_EDGE('',*,*,#1549,.T.);
#2223=ORIENTED_EDGE('',*,*,#1592,.F.);
#2224=ORIENTED_EDGE('',*,*,#1574,.F.);
#2225=ORIENTED_EDGE('',*,*,#1589,.T.);
#2226=ORIENTED_EDGE('',*,*,#1527,.F.);
#2227=ORIENTED_EDGE('',*,*,#1492,.F.);
#2228=ORIENTED_EDGE('',*,*,#1288,.T.);
#2229=ORIENTED_EDGE('',*,*,#1593,.T.);
#2230=ORIENTED_EDGE('',*,*,#1594,.T.);
#2231=ORIENTED_EDGE('',*,*,#1595,.T.);
#2232=ORIENTED_EDGE('',*,*,#1596,.T.);
#2233=ORIENTED_EDGE('',*,*,#1597,.T.);
#2234=ORIENTED_EDGE('',*,*,#1594,.F.);
#2235=ORIENTED_EDGE('',*,*,#1598,.T.);
#2236=ORIENTED_EDGE('',*,*,#1286,.T.);
#2237=ORIENTED_EDGE('',*,*,#1591,.T.);
#2238=ORIENTED_EDGE('',*,*,#1596,.F.);
#2239=ORIENTED_EDGE('',*,*,#1599,.T.);
#2240=ORIENTED_EDGE('',*,*,#1599,.F.);
#2241=ORIENTED_EDGE('',*,*,#1598,.F.);
#2242=ORIENTED_EDGE('',*,*,#1593,.F.);
#2243=ORIENTED_EDGE('',*,*,#1287,.F.);
#2244=ORIENTED_EDGE('',*,*,#1600,.F.);
#2245=ORIENTED_EDGE('',*,*,#1294,.T.);
#2246=ORIENTED_EDGE('',*,*,#1601,.T.);
#2247=ORIENTED_EDGE('',*,*,#1452,.T.);
#2248=ORIENTED_EDGE('',*,*,#1504,.T.);
#2249=ORIENTED_EDGE('',*,*,#1537,.F.);
#2250=ORIENTED_EDGE('',*,*,#1430,.F.);
#2251=ORIENTED_EDGE('',*,*,#1427,.F.);
#2252=ORIENTED_EDGE('',*,*,#1602,.T.);
#2253=ORIENTED_EDGE('',*,*,#1603,.T.);
#2254=ORIENTED_EDGE('',*,*,#1568,.T.);
#2255=ORIENTED_EDGE('',*,*,#1483,.T.);
#2256=ORIENTED_EDGE('',*,*,#1411,.F.);
#2257=ORIENTED_EDGE('',*,*,#1588,.F.);
#2258=ORIENTED_EDGE('',*,*,#1604,.T.);
#2259=ORIENTED_EDGE('',*,*,#1605,.F.);
#2260=ORIENTED_EDGE('',*,*,#1604,.F.);
#2261=ORIENTED_EDGE('',*,*,#1606,.F.);
#2262=ORIENTED_EDGE('',*,*,#1603,.F.);
#2263=ORIENTED_EDGE('',*,*,#1607,.F.);
#2264=ORIENTED_EDGE('',*,*,#1566,.T.);
#2265=ORIENTED_EDGE('',*,*,#1585,.T.);
#2266=ORIENTED_EDGE('',*,*,#1607,.T.);
#2267=ORIENTED_EDGE('',*,*,#1608,.T.);
#2268=ORIENTED_EDGE('',*,*,#1609,.F.);
#2269=ORIENTED_EDGE('',*,*,#1540,.F.);
#2270=ORIENTED_EDGE('',*,*,#1610,.F.);
#2271=ORIENTED_EDGE('',*,*,#1606,.T.);
#2272=ORIENTED_EDGE('',*,*,#1587,.T.);
#2273=ORIENTED_EDGE('',*,*,#1610,.T.);
#2274=ORIENTED_EDGE('',*,*,#1569,.T.);
#2275=ORIENTED_EDGE('',*,*,#1564,.T.);
#2276=ORIENTED_EDGE('',*,*,#1535,.T.);
#2277=ORIENTED_EDGE('',*,*,#1609,.T.);
#2278=ORIENTED_EDGE('',*,*,#1586,.T.);
#2279=ORIENTED_EDGE('',*,*,#1562,.F.);
#2280=ORIENTED_EDGE('',*,*,#1611,.T.);
#2281=ORIENTED_EDGE('',*,*,#1553,.F.);
#2282=ORIENTED_EDGE('',*,*,#1556,.T.);
#2283=ORIENTED_EDGE('',*,*,#1279,.F.);
#2284=ORIENTED_EDGE('',*,*,#1307,.F.);
#2285=ORIENTED_EDGE('',*,*,#1273,.F.);
#2286=ORIENTED_EDGE('',*,*,#1277,.F.);
#2287=ORIENTED_EDGE('',*,*,#1367,.F.);
#2288=ORIENTED_EDGE('',*,*,#1299,.F.);
#2289=ORIENTED_EDGE('',*,*,#1364,.F.);
#2290=ORIENTED_EDGE('',*,*,#1366,.F.);
#2291=ORIENTED_EDGE('',*,*,#1601,.F.);
#2292=ORIENTED_EDGE('',*,*,#1293,.T.);
#2293=ORIENTED_EDGE('',*,*,#1612,.F.);
#2294=ORIENTED_EDGE('',*,*,#1449,.T.);
#2295=ORIENTED_EDGE('',*,*,#1612,.T.);
#2296=ORIENTED_EDGE('',*,*,#1292,.T.);
#2297=ORIENTED_EDGE('',*,*,#1613,.F.);
#2298=ORIENTED_EDGE('',*,*,#1557,.F.);
#2299=ORIENTED_EDGE('',*,*,#1480,.F.);
#2300=ORIENTED_EDGE('',*,*,#1538,.F.);
#2301=ORIENTED_EDGE('',*,*,#1502,.T.);
#2302=ORIENTED_EDGE('',*,*,#1450,.T.);
#2303=ORIENTED_EDGE('',*,*,#1369,.T.);
#2304=ORIENTED_EDGE('',*,*,#1295,.T.);
#2305=ORIENTED_EDGE('',*,*,#1600,.T.);
#2306=ORIENTED_EDGE('',*,*,#1426,.T.);
#2307=ORIENTED_EDGE('',*,*,#1613,.T.);
#2308=ORIENTED_EDGE('',*,*,#1291,.T.);
#2309=ORIENTED_EDGE('',*,*,#1559,.T.);
#2310=ORIENTED_EDGE('',*,*,#1558,.T.);
#2311=ORIENTED_EDGE('',*,*,#1611,.F.);
#2312=ORIENTED_EDGE('',*,*,#1561,.T.);
#2313=ORIENTED_EDGE('',*,*,#1614,.T.);
#2314=ORIENTED_EDGE('',*,*,#1545,.T.);
#2315=ORIENTED_EDGE('',*,*,#1551,.T.);
#2316=ORIENTED_EDGE('',*,*,#1554,.T.);
#2317=ORIENTED_EDGE('',*,*,#1605,.T.);
#2318=ORIENTED_EDGE('',*,*,#1575,.F.);
#2319=ORIENTED_EDGE('',*,*,#1592,.T.);
#2320=ORIENTED_EDGE('',*,*,#1548,.F.);
#2321=ORIENTED_EDGE('',*,*,#1439,.F.);
#2322=ORIENTED_EDGE('',*,*,#1597,.F.);
#2323=ORIENTED_EDGE('',*,*,#1590,.F.);
#2324=ORIENTED_EDGE('',*,*,#1572,.F.);
#2325=ORIENTED_EDGE('',*,*,#1615,.T.);
#2326=ORIENTED_EDGE('',*,*,#1595,.F.);
#2327=ORIENTED_EDGE('',*,*,#1615,.F.);
#2328=ORIENTED_EDGE('',*,*,#1571,.F.);
#2329=ORIENTED_EDGE('',*,*,#1616,.T.);
#2330=ORIENTED_EDGE('',*,*,#1546,.F.);
#2331=ORIENTED_EDGE('',*,*,#1614,.F.);
#2332=ORIENTED_EDGE('',*,*,#1560,.F.);
#2333=ORIENTED_EDGE('',*,*,#1289,.F.);
#2334=ORIENTED_EDGE('',*,*,#1547,.F.);
#2335=ORIENTED_EDGE('',*,*,#1616,.F.);
#2336=ORIENTED_EDGE('',*,*,#1570,.F.);
#2337=ORIENTED_EDGE('',*,*,#1542,.T.);
#2338=ORIENTED_EDGE('',*,*,#1617,.F.);
#2339=ORIENTED_EDGE('',*,*,#1510,.F.);
#2340=ORIENTED_EDGE('',*,*,#1567,.F.);
#2341=ORIENTED_EDGE('',*,*,#1608,.F.);
#2342=ORIENTED_EDGE('',*,*,#1602,.F.);
#2343=ORIENTED_EDGE('',*,*,#1410,.F.);
#2344=ORIENTED_EDGE('',*,*,#1414,.F.);
#2345=ORIENTED_EDGE('',*,*,#1400,.F.);
#2346=ORIENTED_EDGE('',*,*,#1398,.F.);
#2347=ORIENTED_EDGE('',*,*,#1376,.T.);
#2348=ORIENTED_EDGE('',*,*,#1618,.T.);
#2349=ORIENTED_EDGE('',*,*,#1511,.T.);
#2350=ORIENTED_EDGE('',*,*,#1617,.T.);
#2351=ORIENTED_EDGE('',*,*,#1397,.T.);
#2352=ORIENTED_EDGE('',*,*,#1512,.F.);
#2353=ORIENTED_EDGE('',*,*,#1618,.F.);
#2354=ORIENTED_EDGE('',*,*,#1396,.F.);
#2355=ORIENTED_EDGE('',*,*,#1380,.F.);
#2356=ORIENTED_EDGE('',*,*,#1496,.F.);
#2357=PLANE('',#2606);
#2358=PLANE('',#2607);
#2359=PLANE('',#2608);
#2360=PLANE('',#2609);
#2361=PLANE('',#2610);
#2362=PLANE('',#2611);
#2363=PLANE('',#2612);
#2364=PLANE('',#2613);
#2365=PLANE('',#2614);
#2366=PLANE('',#2615);
#2367=PLANE('',#2616);
#2368=PLANE('',#2617);
#2369=PLANE('',#2618);
#2370=PLANE('',#2619);
#2371=PLANE('',#2620);
#2372=PLANE('',#2621);
#2373=PLANE('',#2622);
#2374=PLANE('',#2623);
#2375=PLANE('',#2624);
#2376=PLANE('',#2625);
#2377=PLANE('',#2626);
#2378=PLANE('',#2627);
#2379=PLANE('',#2628);
#2380=PLANE('',#2629);
#2381=PLANE('',#2630);
#2382=PLANE('',#2631);
#2383=PLANE('',#2632);
#2384=PLANE('',#2633);
#2385=PLANE('',#2634);
#2386=PLANE('',#2635);
#2387=PLANE('',#2636);
#2388=PLANE('',#2637);
#2389=PLANE('',#2638);
#2390=PLANE('',#2639);
#2391=PLANE('',#2644);
#2392=PLANE('',#2645);
#2393=PLANE('',#2647);
#2394=PLANE('',#2648);
#2395=PLANE('',#2649);
#2396=PLANE('',#2650);
#2397=PLANE('',#2651);
#2398=PLANE('',#2652);
#2399=PLANE('',#2653);
#2400=PLANE('',#2656);
#2401=PLANE('',#2663);
#2402=PLANE('',#2664);
#2403=PLANE('',#2665);
#2404=PLANE('',#2666);
#2405=PLANE('',#2667);
#2406=PLANE('',#2668);
#2407=PLANE('',#2669);
#2408=PLANE('',#2670);
#2409=PLANE('',#2671);
#2410=PLANE('',#2672);
#2411=PLANE('',#2673);
#2412=PLANE('',#2674);
#2413=PLANE('',#2675);
#2414=PLANE('',#2676);
#2415=PLANE('',#2677);
#2416=PLANE('',#2678);
#2417=PLANE('',#2679);
#2418=PLANE('',#2680);
#2419=PLANE('',#2681);
#2420=PLANE('',#2682);
#2421=PLANE('',#2683);
#2422=PLANE('',#2684);
#2423=PLANE('',#2685);
#2424=PLANE('',#2686);
#2425=PLANE('',#2687);
#2426=PLANE('',#2688);
#2427=PLANE('',#2689);
#2428=PLANE('',#2690);
#2429=PLANE('',#2691);
#2430=PLANE('',#2693);
#2431=PLANE('',#2694);
#2432=PLANE('',#2696);
#2433=PLANE('',#2697);
#2434=PLANE('',#2699);
#2435=PLANE('',#2700);
#2436=PLANE('',#2701);
#2437=PLANE('',#2702);
#2438=PLANE('',#2706);
#2439=PLANE('',#2709);
#2440=PLANE('',#2710);
#2441=PLANE('',#2711);
#2442=PLANE('',#2712);
#2443=PLANE('',#2714);
#2444=PLANE('',#2715);
#2445=PLANE('',#2716);
#2446=PLANE('',#2720);
#2447=PLANE('',#2722);
#2448=PLANE('',#2723);
#2449=PLANE('',#2725);
#2450=PLANE('',#2727);
#2451=PLANE('',#2731);
#2452=PLANE('',#2735);
#2453=PLANE('',#2739);
#2454=PLANE('',#2742);
#2455=PLANE('',#2743);
#2456=PLANE('',#2744);
#2457=PLANE('',#2747);
#2458=PLANE('',#2748);
#2459=PLANE('',#2749);
#2460=PLANE('',#2750);
#2461=PLANE('',#2751);
#2462=PLANE('',#2752);
#2463=PLANE('',#2753);
#2464=PLANE('',#2754);
#2465=PLANE('',#2755);
#2466=PLANE('',#2756);
#2467=PLANE('',#2757);
#2468=PLANE('',#2758);
#2469=PLANE('',#2759);
#2470=PLANE('',#2761);
#2471=PLANE('',#2763);
#2472=PLANE('',#2764);
#2473=PLANE('',#2768);
#2474=ADVANCED_FACE('',(#73),#2357,.T.);
#2475=ADVANCED_FACE('',(#74),#2358,.F.);
#2476=ADVANCED_FACE('',(#75),#2359,.F.);
#2477=ADVANCED_FACE('',(#76),#2360,.F.);
#2478=ADVANCED_FACE('',(#77),#2361,.F.);
#2479=ADVANCED_FACE('',(#78),#2362,.F.);
#2480=ADVANCED_FACE('',(#79),#2363,.F.);
#2481=ADVANCED_FACE('',(#80),#2364,.T.);
#2482=ADVANCED_FACE('',(#81),#2365,.T.);
#2483=ADVANCED_FACE('',(#82),#2366,.T.);
#2484=ADVANCED_FACE('',(#83),#2367,.T.);
#2485=ADVANCED_FACE('',(#84),#2368,.T.);
#2486=ADVANCED_FACE('',(#85),#2369,.T.);
#2487=ADVANCED_FACE('',(#86),#2370,.T.);
#2488=ADVANCED_FACE('',(#87),#2371,.T.);
#2489=ADVANCED_FACE('',(#88),#2372,.T.);
#2490=ADVANCED_FACE('',(#89),#2373,.T.);
#2491=ADVANCED_FACE('',(#90),#2374,.T.);
#2492=ADVANCED_FACE('',(#91),#2375,.T.);
#2493=ADVANCED_FACE('',(#92),#2376,.T.);
#2494=ADVANCED_FACE('',(#93),#2377,.T.);
#2495=ADVANCED_FACE('',(#94),#2378,.T.);
#2496=ADVANCED_FACE('',(#95),#2379,.T.);
#2497=ADVANCED_FACE('',(#96),#2380,.T.);
#2498=ADVANCED_FACE('',(#97),#2381,.T.);
#2499=ADVANCED_FACE('',(#98),#2382,.T.);
#2500=ADVANCED_FACE('',(#99),#2383,.T.);
#2501=ADVANCED_FACE('',(#100,#61),#2384,.T.);
#2502=ADVANCED_FACE('',(#101),#2385,.F.);
#2503=ADVANCED_FACE('',(#102),#2386,.F.);
#2504=ADVANCED_FACE('',(#103),#2387,.F.);
#2505=ADVANCED_FACE('',(#104),#2388,.T.);
#2506=ADVANCED_FACE('',(#105),#2389,.T.);
#2507=ADVANCED_FACE('',(#106,#62),#2390,.T.);
#2508=ADVANCED_FACE('',(#107),#18,.F.);
#2509=ADVANCED_FACE('',(#108),#2391,.T.);
#2510=ADVANCED_FACE('',(#109),#2392,.T.);
#2511=ADVANCED_FACE('',(#110),#2393,.F.);
#2512=ADVANCED_FACE('',(#111),#2394,.T.);
#2513=ADVANCED_FACE('',(#112),#2395,.T.);
#2514=ADVANCED_FACE('',(#113),#2396,.T.);
#2515=ADVANCED_FACE('',(#114),#2397,.T.);
#2516=ADVANCED_FACE('',(#115),#2398,.T.);
#2517=ADVANCED_FACE('',(#116),#2399,.T.);
#2518=ADVANCED_FACE('',(#117),#19,.F.);
#2519=ADVANCED_FACE('',(#118,#63),#2400,.F.);
#2520=ADVANCED_FACE('',(#119),#20,.T.);
#2521=ADVANCED_FACE('',(#120),#15,.T.);
#2522=ADVANCED_FACE('',(#121),#2401,.T.);
#2523=ADVANCED_FACE('',(#122),#2402,.T.);
#2524=ADVANCED_FACE('',(#123),#2403,.F.);
#2525=ADVANCED_FACE('',(#124),#2404,.T.);
#2526=ADVANCED_FACE('',(#125),#2405,.F.);
#2527=ADVANCED_FACE('',(#126),#2406,.T.);
#2528=ADVANCED_FACE('',(#127),#2407,.F.);
#2529=ADVANCED_FACE('',(#128),#2408,.F.);
#2530=ADVANCED_FACE('',(#129),#2409,.T.);
#2531=ADVANCED_FACE('',(#130),#2410,.T.);
#2532=ADVANCED_FACE('',(#131),#2411,.T.);
#2533=ADVANCED_FACE('',(#132),#2412,.T.);
#2534=ADVANCED_FACE('',(#133),#2413,.T.);
#2535=ADVANCED_FACE('',(#134),#2414,.F.);
#2536=ADVANCED_FACE('',(#135),#2415,.T.);
#2537=ADVANCED_FACE('',(#136),#2416,.T.);
#2538=ADVANCED_FACE('',(#137),#2417,.T.);
#2539=ADVANCED_FACE('',(#138),#2418,.F.);
#2540=ADVANCED_FACE('',(#139),#2419,.T.);
#2541=ADVANCED_FACE('',(#140),#2420,.T.);
#2542=ADVANCED_FACE('',(#141),#2421,.F.);
#2543=ADVANCED_FACE('',(#142),#2422,.T.);
#2544=ADVANCED_FACE('',(#143),#2423,.T.);
#2545=ADVANCED_FACE('',(#144),#2424,.T.);
#2546=ADVANCED_FACE('',(#145),#2425,.F.);
#2547=ADVANCED_FACE('',(#146),#2426,.T.);
#2548=ADVANCED_FACE('',(#147),#2427,.F.);
#2549=ADVANCED_FACE('',(#148),#2428,.T.);
#2550=ADVANCED_FACE('',(#149),#2429,.T.);
#2551=ADVANCED_FACE('',(#150),#2430,.F.);
#2552=ADVANCED_FACE('',(#151),#2431,.F.);
#2553=ADVANCED_FACE('',(#152),#2432,.F.);
#2554=ADVANCED_FACE('',(#153),#2433,.T.);
#2555=ADVANCED_FACE('',(#154),#2434,.T.);
#2556=ADVANCED_FACE('',(#155),#2435,.T.);
#2557=ADVANCED_FACE('',(#156),#2436,.T.);
#2558=ADVANCED_FACE('',(#157),#2437,.T.);
#2559=ADVANCED_FACE('',(#158),#21,.F.);
#2560=ADVANCED_FACE('',(#159),#2438,.T.);
#2561=ADVANCED_FACE('',(#160),#2439,.T.);
#2562=ADVANCED_FACE('',(#161),#2440,.T.);
#2563=ADVANCED_FACE('',(#162),#2441,.T.);
#2564=ADVANCED_FACE('',(#163),#2442,.T.);
#2565=ADVANCED_FACE('',(#164),#2443,.T.);
#2566=ADVANCED_FACE('',(#165,#64,#65),#2444,.F.);
#2567=ADVANCED_FACE('',(#166,#66),#2445,.T.);
#2568=ADVANCED_FACE('',(#167),#2446,.F.);
#2569=ADVANCED_FACE('',(#168),#2447,.F.);
#2570=ADVANCED_FACE('',(#169),#2448,.F.);
#2571=ADVANCED_FACE('',(#170),#2449,.F.);
#2572=ADVANCED_FACE('',(#171),#2450,.F.);
#2573=ADVANCED_FACE('',(#172),#22,.F.);
#2574=ADVANCED_FACE('',(#173,#67,#68),#2451,.T.);
#2575=ADVANCED_FACE('',(#174),#23,.F.);
#2576=ADVANCED_FACE('',(#175),#2452,.F.);
#2577=ADVANCED_FACE('',(#176),#16,.F.);
#2578=ADVANCED_FACE('',(#177),#2453,.T.);
#2579=ADVANCED_FACE('',(#178),#17,.F.);
#2580=ADVANCED_FACE('',(#179),#2454,.T.);
#2581=ADVANCED_FACE('',(#180),#2455,.F.);
#2582=ADVANCED_FACE('',(#181),#2456,.T.);
#2583=ADVANCED_FACE('',(#182),#24,.F.);
#2584=ADVANCED_FACE('',(#183),#2457,.T.);
#2585=ADVANCED_FACE('',(#184),#2458,.T.);
#2586=ADVANCED_FACE('',(#185),#2459,.T.);
#2587=ADVANCED_FACE('',(#186),#2460,.T.);
#2588=ADVANCED_FACE('',(#187),#2461,.T.);
#2589=ADVANCED_FACE('',(#188),#2462,.T.);
#2590=ADVANCED_FACE('',(#189),#2463,.F.);
#2591=ADVANCED_FACE('',(#190),#2464,.F.);
#2592=ADVANCED_FACE('',(#191),#2465,.T.);
#2593=ADVANCED_FACE('',(#192),#2466,.F.);
#2594=ADVANCED_FACE('',(#193),#2467,.T.);
#2595=ADVANCED_FACE('',(#194),#2468,.T.);
#2596=ADVANCED_FACE('',(#195,#69),#2469,.F.);
#2597=ADVANCED_FACE('',(#196),#25,.F.);
#2598=ADVANCED_FACE('',(#197),#2470,.F.);
#2599=ADVANCED_FACE('',(#198),#26,.F.);
#2600=ADVANCED_FACE('',(#199),#2471,.F.);
#2601=ADVANCED_FACE('',(#200,#70),#2472,.T.);
#2602=ADVANCED_FACE('',(#201),#27,.F.);
#2603=ADVANCED_FACE('',(#202),#2473,.F.);
#2604=CLOSED_SHELL('',(#2474,#2475,#2476,#2477,#2478,#2479,#2480,#2481,
#2482,#2483,#2484,#2485,#2486,#2487,#2488,#2489,#2490,#2491,#2492,#2493,
#2494,#2495,#2496,#2497,#2498,#2499,#2500,#2501,#2502,#2503,#2504,#2505,
#2506,#2507,#2508,#2509,#2510,#2511,#2512,#2513,#2514,#2515,#2516,#2517,
#2518,#2519,#2520,#2521,#2522,#2523,#2524,#2525,#2526,#2527,#2528,#2529,
#2530,#2531,#2532,#2533,#2534,#2535,#2536,#2537,#2538,#2539,#2540,#2541,
#2542,#2543,#2544,#2545,#2546,#2547,#2548,#2549,#2550,#2551,#2552,#2553,
#2554,#2555,#2556,#2557,#2558,#2559,#2560,#2561,#2562,#2563,#2564,#2565,
#2566,#2567,#2568,#2569,#2570,#2571,#2572,#2573,#2574,#2575,#2576,#2577,
#2578,#2579,#2580,#2581,#2582,#2583,#2584,#2585,#2586,#2587,#2588,#2589,
#2590,#2591,#2592,#2593,#2594,#2595,#2596,#2597,#2598,#2599,#2600,#2601,
#2602,#2603));
#2605=AXIS2_PLACEMENT_3D('',#3431,#2769,#2770);
#2606=AXIS2_PLACEMENT_3D('',#3432,#2771,#2772);
#2607=AXIS2_PLACEMENT_3D('',#3463,#2788,#2789);
#2608=AXIS2_PLACEMENT_3D('',#3469,#2793,#2794);
#2609=AXIS2_PLACEMENT_3D('',#3473,#2797,#2798);
#2610=AXIS2_PLACEMENT_3D('',#3477,#2801,#2802);
#2611=AXIS2_PLACEMENT_3D('',#3485,#2807,#2808);
#2612=AXIS2_PLACEMENT_3D('',#3489,#2811,#2812);
#2613=AXIS2_PLACEMENT_3D('',#3493,#2815,#2816);
#2614=AXIS2_PLACEMENT_3D('',#3552,#2843,#2844);
#2615=AXIS2_PLACEMENT_3D('',#3556,#2847,#2848);
#2616=AXIS2_PLACEMENT_3D('',#3564,#2853,#2854);
#2617=AXIS2_PLACEMENT_3D('',#3570,#2858,#2859);
#2618=AXIS2_PLACEMENT_3D('',#3576,#2863,#2864);
#2619=AXIS2_PLACEMENT_3D('',#3581,#2868,#2869);
#2620=AXIS2_PLACEMENT_3D('',#3585,#2872,#2873);
#2621=AXIS2_PLACEMENT_3D('',#3589,#2876,#2877);
#2622=AXIS2_PLACEMENT_3D('',#3591,#2879,#2880);
#2623=AXIS2_PLACEMENT_3D('',#3597,#2884,#2885);
#2624=AXIS2_PLACEMENT_3D('',#3603,#2889,#2890);
#2625=AXIS2_PLACEMENT_3D('',#3609,#2894,#2895);
#2626=AXIS2_PLACEMENT_3D('',#3615,#2899,#2900);
#2627=AXIS2_PLACEMENT_3D('',#3624,#2905,#2906);
#2628=AXIS2_PLACEMENT_3D('',#3630,#2910,#2911);
#2629=AXIS2_PLACEMENT_3D('',#3636,#2915,#2916);
#2630=AXIS2_PLACEMENT_3D('',#3642,#2920,#2921);
#2631=AXIS2_PLACEMENT_3D('',#3648,#2925,#2926);
#2632=AXIS2_PLACEMENT_3D('',#3651,#2929,#2930);
#2633=AXIS2_PLACEMENT_3D('',#3654,#2933,#2934);
#2634=AXIS2_PLACEMENT_3D('',#3660,#2938,#2939);
#2635=AXIS2_PLACEMENT_3D('',#3664,#2942,#2943);
#2636=AXIS2_PLACEMENT_3D('',#3668,#2946,#2947);
#2637=AXIS2_PLACEMENT_3D('',#3670,#2949,#2950);
#2638=AXIS2_PLACEMENT_3D('',#3678,#2955,#2956);
#2639=AXIS2_PLACEMENT_3D('',#3682,#2959,#2960);
#2640=AXIS2_PLACEMENT_3D('',#3684,#2961,#2962);
#2641=AXIS2_PLACEMENT_3D('',#3686,#2963,#2964);
#2642=AXIS2_PLACEMENT_3D('',#3687,#2965,#2966);
#2643=AXIS2_PLACEMENT_3D('',#3689,#2967,#2968);
#2644=AXIS2_PLACEMENT_3D('',#3691,#2970,#2971);
#2645=AXIS2_PLACEMENT_3D('',#3700,#2976,#2977);
#2646=AXIS2_PLACEMENT_3D('',#3712,#2983,#2984);
#2647=AXIS2_PLACEMENT_3D('',#3728,#2993,#2994);
#2648=AXIS2_PLACEMENT_3D('',#3736,#2999,#3000);
#2649=AXIS2_PLACEMENT_3D('',#3744,#3005,#3006);
#2650=AXIS2_PLACEMENT_3D('',#3754,#3012,#3013);
#2651=AXIS2_PLACEMENT_3D('',#3760,#3017,#3018);
#2652=AXIS2_PLACEMENT_3D('',#3763,#3021,#3022);
#2653=AXIS2_PLACEMENT_3D('',#3764,#3023,#3024);
#2654=AXIS2_PLACEMENT_3D('',#3766,#3026,#3027);
#2655=AXIS2_PLACEMENT_3D('',#3769,#3029,#3030);
#2656=AXIS2_PLACEMENT_3D('',#3770,#3031,#3032);
#2657=AXIS2_PLACEMENT_3D('',#3772,#3033,#3034);
#2658=AXIS2_PLACEMENT_3D('',#3773,#3035,#3036);
#2659=AXIS2_PLACEMENT_3D('',#3775,#3037,#3038);
#2660=AXIS2_PLACEMENT_3D('',#3778,#3040,#3041);
#2661=AXIS2_PLACEMENT_3D('',#3779,#3042,#3043);
#2662=AXIS2_PLACEMENT_3D('',#3780,#3044,#3045);
#2663=AXIS2_PLACEMENT_3D('',#3782,#3047,#3048);
#2664=AXIS2_PLACEMENT_3D('',#3788,#3052,#3053);
#2665=AXIS2_PLACEMENT_3D('',#3796,#3058,#3059);
#2666=AXIS2_PLACEMENT_3D('',#3802,#3063,#3064);
#2667=AXIS2_PLACEMENT_3D('',#3808,#3068,#3069);
#2668=AXIS2_PLACEMENT_3D('',#3817,#3074,#3075);
#2669=AXIS2_PLACEMENT_3D('',#3826,#3080,#3081);
#2670=AXIS2_PLACEMENT_3D('',#3836,#3087,#3088);
#2671=AXIS2_PLACEMENT_3D('',#3845,#3093,#3094);
#2672=AXIS2_PLACEMENT_3D('',#3852,#3098,#3099);
#2673=AXIS2_PLACEMENT_3D('',#3858,#3103,#3104);
#2674=AXIS2_PLACEMENT_3D('',#3862,#3107,#3108);
#2675=AXIS2_PLACEMENT_3D('',#3866,#3111,#3112);
#2676=AXIS2_PLACEMENT_3D('',#3870,#3115,#3116);
#2677=AXIS2_PLACEMENT_3D('',#3875,#3120,#3121);
#2678=AXIS2_PLACEMENT_3D('',#3881,#3125,#3126);
#2679=AXIS2_PLACEMENT_3D('',#3885,#3129,#3130);
#2680=AXIS2_PLACEMENT_3D('',#3888,#3133,#3134);
#2681=AXIS2_PLACEMENT_3D('',#3905,#3143,#3144);
#2682=AXIS2_PLACEMENT_3D('',#3913,#3149,#3150);
#2683=AXIS2_PLACEMENT_3D('',#3927,#3158,#3159);
#2684=AXIS2_PLACEMENT_3D('',#3933,#3163,#3164);
#2685=AXIS2_PLACEMENT_3D('',#3938,#3168,#3169);
#2686=AXIS2_PLACEMENT_3D('',#3941,#3172,#3173);
#2687=AXIS2_PLACEMENT_3D('',#3942,#3174,#3175);
#2688=AXIS2_PLACEMENT_3D('',#3948,#3179,#3180);
#2689=AXIS2_PLACEMENT_3D('',#3954,#3184,#3185);
#2690=AXIS2_PLACEMENT_3D('',#3964,#3191,#3192);
#2691=AXIS2_PLACEMENT_3D('',#3967,#3195,#3196);
#2692=AXIS2_PLACEMENT_3D('',#3970,#3198,#3199);
#2693=AXIS2_PLACEMENT_3D('',#3971,#3200,#3201);
#2694=AXIS2_PLACEMENT_3D('',#3975,#3204,#3205);
#2695=AXIS2_PLACEMENT_3D('',#3984,#3210,#3211);
#2696=AXIS2_PLACEMENT_3D('',#3985,#3212,#3213);
#2697=AXIS2_PLACEMENT_3D('',#3991,#3217,#3218);
#2698=AXIS2_PLACEMENT_3D('',#3995,#3220,#3221);
#2699=AXIS2_PLACEMENT_3D('',#4001,#3225,#3226);
#2700=AXIS2_PLACEMENT_3D('',#4003,#3228,#3229);
#2701=AXIS2_PLACEMENT_3D('',#4005,#3231,#3232);
#2702=AXIS2_PLACEMENT_3D('',#4013,#3238,#3239);
#2703=AXIS2_PLACEMENT_3D('',#4017,#3242,#3243);
#2704=AXIS2_PLACEMENT_3D('',#4019,#3244,#3245);
#2705=AXIS2_PLACEMENT_3D('',#4022,#3247,#3248);
#2706=AXIS2_PLACEMENT_3D('',#4023,#3249,#3250);
#2707=AXIS2_PLACEMENT_3D('',#4029,#3253,#3254);
#2708=AXIS2_PLACEMENT_3D('',#4032,#3256,#3257);
#2709=AXIS2_PLACEMENT_3D('',#4034,#3259,#3260);
#2710=AXIS2_PLACEMENT_3D('',#4038,#3263,#3264);
#2711=AXIS2_PLACEMENT_3D('',#4044,#3268,#3269);
#2712=AXIS2_PLACEMENT_3D('',#4052,#3274,#3275);
#2713=AXIS2_PLACEMENT_3D('',#4055,#3277,#3278);
#2714=AXIS2_PLACEMENT_3D('',#4059,#3281,#3282);
#2715=AXIS2_PLACEMENT_3D('',#4061,#3284,#3285);
#2716=AXIS2_PLACEMENT_3D('',#4069,#3290,#3291);
#2717=AXIS2_PLACEMENT_3D('',#4076,#3295,#3296);
#2718=AXIS2_PLACEMENT_3D('',#4080,#3298,#3299);
#2719=AXIS2_PLACEMENT_3D('',#4083,#3301,#3302);
#2720=AXIS2_PLACEMENT_3D('',#4084,#3303,#3304);
#2721=AXIS2_PLACEMENT_3D('',#4086,#3305,#3306);
#2722=AXIS2_PLACEMENT_3D('',#4088,#3308,#3309);
#2723=AXIS2_PLACEMENT_3D('',#4091,#3312,#3313);
#2724=AXIS2_PLACEMENT_3D('',#4092,#3314,#3315);
#2725=AXIS2_PLACEMENT_3D('',#4093,#3316,#3317);
#2726=AXIS2_PLACEMENT_3D('',#4094,#3318,#3319);
#2727=AXIS2_PLACEMENT_3D('',#4095,#3320,#3321);
#2728=AXIS2_PLACEMENT_3D('',#4096,#3322,#3323);
#2729=AXIS2_PLACEMENT_3D('',#4097,#3324,#3325);
#2730=AXIS2_PLACEMENT_3D('',#4100,#3327,#3328);
#2731=AXIS2_PLACEMENT_3D('',#4101,#3329,#3330);
#2732=AXIS2_PLACEMENT_3D('',#4108,#3334,#3335);
#2733=AXIS2_PLACEMENT_3D('',#4109,#3336,#3337);
#2734=AXIS2_PLACEMENT_3D('',#4113,#3340,#3341);
#2735=AXIS2_PLACEMENT_3D('',#4114,#3342,#3343);
#2736=AXIS2_PLACEMENT_3D('',#4116,#3345,#3346);
#2737=AXIS2_PLACEMENT_3D('',#4118,#3347,#3348);
#2738=AXIS2_PLACEMENT_3D('',#4121,#3350,#3351);
#2739=AXIS2_PLACEMENT_3D('',#4122,#3352,#3353);
#2740=AXIS2_PLACEMENT_3D('',#4127,#3357,#3358);
#2741=AXIS2_PLACEMENT_3D('',#4128,#3359,#3360);
#2742=AXIS2_PLACEMENT_3D('',#4129,#3361,#3362);
#2743=AXIS2_PLACEMENT_3D('',#4130,#3363,#3364);
#2744=AXIS2_PLACEMENT_3D('',#4133,#3367,#3368);
#2745=AXIS2_PLACEMENT_3D('',#4137,#3371,#3372);
#2746=AXIS2_PLACEMENT_3D('',#4140,#3374,#3375);
#2747=AXIS2_PLACEMENT_3D('',#4141,#3376,#3377);
#2748=AXIS2_PLACEMENT_3D('',#4144,#3380,#3381);
#2749=AXIS2_PLACEMENT_3D('',#4146,#3383,#3384);
#2750=AXIS2_PLACEMENT_3D('',#4149,#3387,#3388);
#2751=AXIS2_PLACEMENT_3D('',#4150,#3389,#3390);
#2752=AXIS2_PLACEMENT_3D('',#4151,#3391,#3392);
#2753=AXIS2_PLACEMENT_3D('',#4153,#3394,#3395);
#2754=AXIS2_PLACEMENT_3D('',#4154,#3396,#3397);
#2755=AXIS2_PLACEMENT_3D('',#4155,#3398,#3399);
#2756=AXIS2_PLACEMENT_3D('',#4157,#3401,#3402);
#2757=AXIS2_PLACEMENT_3D('',#4159,#3404,#3405);
#2758=AXIS2_PLACEMENT_3D('',#4160,#3406,#3407);
#2759=AXIS2_PLACEMENT_3D('',#4161,#3408,#3409);
#2760=AXIS2_PLACEMENT_3D('',#4163,#3411,#3412);
#2761=AXIS2_PLACEMENT_3D('',#4164,#3413,#3414);
#2762=AXIS2_PLACEMENT_3D('',#4166,#3416,#3417);
#2763=AXIS2_PLACEMENT_3D('',#4168,#3419,#3420);
#2764=AXIS2_PLACEMENT_3D('',#4169,#3421,#3422);
#2765=AXIS2_PLACEMENT_3D('',#4170,#3423,#3424);
#2766=AXIS2_PLACEMENT_3D('',#4171,#3425,#3426);
#2767=AXIS2_PLACEMENT_3D('',#4172,#3427,#3428);
#2768=AXIS2_PLACEMENT_3D('',#4173,#3429,#3430);
#2769=DIRECTION('axis',(0.,0.,1.));
#2770=DIRECTION('refdir',(1.,0.,0.));
#2771=DIRECTION('center_axis',(0.,1.,0.));
#2772=DIRECTION('ref_axis',(0.,0.,1.));
#2773=DIRECTION('',(-0.5,0.,-0.866025403784439));
#2774=DIRECTION('',(0.,0.,1.));
#2775=DIRECTION('',(-1.,0.,0.));
#2776=DIRECTION('',(-0.5,0.,-0.866025403784439));
#2777=DIRECTION('',(-1.,0.,0.));
#2778=DIRECTION('',(-0.5,0.,0.866025403784439));
#2779=DIRECTION('',(0.5,0.,0.866025403784439));
#2780=DIRECTION('',(1.,0.,0.));
#2781=DIRECTION('',(0.5,0.,-0.866025403784439));
#2782=DIRECTION('',(0.,0.,1.));
#2783=DIRECTION('',(0.5,0.,-0.866025403784439));
#2784=DIRECTION('',(1.,0.,0.));
#2785=DIRECTION('',(0.5,0.,0.866025403784439));
#2786=DIRECTION('',(-0.5,0.,0.866025403784439));
#2787=DIRECTION('',(-1.,0.,0.));
#2788=DIRECTION('center_axis',(-0.866025403784439,0.,-0.5));
#2789=DIRECTION('ref_axis',(-0.5,0.,0.866025403784439));
#2790=DIRECTION('',(0.,1.,0.));
#2791=DIRECTION('',(0.5,0.,-0.866025403784439));
#2792=DIRECTION('',(0.,1.,0.));
#2793=DIRECTION('center_axis',(0.,0.,-1.));
#2794=DIRECTION('ref_axis',(-1.,0.,0.));
#2795=DIRECTION('',(0.,1.,0.));
#2796=DIRECTION('',(1.,0.,0.));
#2797=DIRECTION('center_axis',(0.866025403784439,0.,-0.5));
#2798=DIRECTION('ref_axis',(-0.5,0.,-0.866025403784439));
#2799=DIRECTION('',(0.,1.,0.));
#2800=DIRECTION('',(0.5,0.,0.866025403784439));
#2801=DIRECTION('center_axis',(0.866025403784439,0.,0.5));
#2802=DIRECTION('ref_axis',(0.5,0.,-0.866025403784439));
#2803=DIRECTION('',(0.,1.,0.));
#2804=DIRECTION('',(0.5,0.,-0.866025403784439));
#2805=DIRECTION('',(0.,1.,0.));
#2806=DIRECTION('',(-0.5,0.,0.866025403784439));
#2807=DIRECTION('center_axis',(0.,0.,1.));
#2808=DIRECTION('ref_axis',(1.,0.,0.));
#2809=DIRECTION('',(0.,1.,0.));
#2810=DIRECTION('',(1.,0.,0.));
#2811=DIRECTION('center_axis',(-0.866025403784439,0.,0.5));
#2812=DIRECTION('ref_axis',(0.5,0.,0.866025403784439));
#2813=DIRECTION('',(0.,-1.,0.));
#2814=DIRECTION('',(0.5,0.,0.866025403784439));
#2815=DIRECTION('center_axis',(0.,0.,-1.));
#2816=DIRECTION('ref_axis',(-1.,0.,0.));
#2817=DIRECTION('',(0.,-1.,0.));
#2818=DIRECTION('',(0.667201289920855,0.744877465579372,0.));
#2819=DIRECTION('',(-1.,0.,0.));
#2820=DIRECTION('',(6.4584580671533E-8,-0.999999999999998,0.));
#2821=DIRECTION('',(0.999999999999998,6.45845806065705E-8,0.));
#2822=DIRECTION('',(0.,-1.,0.));
#2823=DIRECTION('',(1.,0.,0.));
#2824=DIRECTION('',(0.,1.,0.));
#2825=DIRECTION('',(1.,0.,0.));
#2826=DIRECTION('',(0.,1.,0.));
#2827=DIRECTION('',(-1.,0.,0.));
#2828=DIRECTION('',(0.,1.,0.));
#2829=DIRECTION('',(1.,0.,0.));
#2830=DIRECTION('',(0.,1.,0.));
#2831=DIRECTION('',(-1.,0.,0.));
#2832=DIRECTION('',(0.,1.,0.));
#2833=DIRECTION('',(0.,1.,0.));
#2834=DIRECTION('',(-1.,0.,0.));
#2835=DIRECTION('',(0.,-1.,0.));
#2836=DIRECTION('',(0.,-1.,0.));
#2837=DIRECTION('',(-1.,0.,0.));
#2838=DIRECTION('',(0.,-1.,0.));
#2839=DIRECTION('',(-1.,0.,0.));
#2840=DIRECTION('',(0.,-1.,0.));
#2841=DIRECTION('',(-1.,0.,0.));
#2842=DIRECTION('',(-1.,0.,0.));
#2843=DIRECTION('center_axis',(-1.,0.,0.));
#2844=DIRECTION('ref_axis',(0.,0.,1.));
#2845=DIRECTION('',(0.,-1.,0.));
#2846=DIRECTION('',(0.,0.,1.));
#2847=DIRECTION('center_axis',(-1.,0.,0.));
#2848=DIRECTION('ref_axis',(0.,0.,1.));
#2849=DIRECTION('',(0.,0.,1.));
#2850=DIRECTION('',(0.,1.,0.));
#2851=DIRECTION('',(0.,0.,-1.));
#2852=DIRECTION('',(0.,1.,0.));
#2853=DIRECTION('center_axis',(0.,0.,1.));
#2854=DIRECTION('ref_axis',(1.,0.,0.));
#2855=DIRECTION('',(0.,1.,0.));
#2856=DIRECTION('',(-1.,0.,0.));
#2857=DIRECTION('',(0.,1.,0.));
#2858=DIRECTION('center_axis',(0.866025403784439,0.,0.5));
#2859=DIRECTION('ref_axis',(0.5,0.,-0.866025403784439));
#2860=DIRECTION('',(0.436585674451766,0.487413372256022,-0.756188570007184));
#2861=DIRECTION('',(0.,1.,0.));
#2862=DIRECTION('',(-0.5,0.,0.866025403784439));
#2863=DIRECTION('center_axis',(0.866025403784439,0.,-0.5));
#2864=DIRECTION('ref_axis',(-0.5,0.,-0.866025403784439));
#2865=DIRECTION('',(0.,1.,0.));
#2866=DIRECTION('',(0.5,0.,0.866025403784439));
#2867=DIRECTION('',(-0.436585674451766,-0.487413372256022,-0.756188570007184));
#2868=DIRECTION('center_axis',(0.,0.,-1.));
#2869=DIRECTION('ref_axis',(-1.,0.,0.));
#2870=DIRECTION('',(0.,1.,0.));
#2871=DIRECTION('',(1.,0.,0.));
#2872=DIRECTION('center_axis',(-0.866025403784439,0.,-0.5));
#2873=DIRECTION('ref_axis',(-0.5,0.,0.866025403784439));
#2874=DIRECTION('',(0.5,0.,-0.866025403784439));
#2875=DIRECTION('',(0.,1.,0.));
#2876=DIRECTION('center_axis',(-0.866025403784439,0.,0.5));
#2877=DIRECTION('ref_axis',(0.5,0.,0.866025403784439));
#2878=DIRECTION('',(-0.5,0.,-0.866025403784439));
#2879=DIRECTION('center_axis',(0.866025403784439,0.,0.5));
#2880=DIRECTION('ref_axis',(0.5,0.,-0.866025403784439));
#2881=DIRECTION('',(-0.5,0.,0.866025403784439));
#2882=DIRECTION('',(0.,1.,0.));
#2883=DIRECTION('',(0.5,0.,-0.866025403784439));
#2884=DIRECTION('center_axis',(0.866025403784439,0.,-0.5));
#2885=DIRECTION('ref_axis',(-0.5,0.,-0.866025403784439));
#2886=DIRECTION('',(0.5,0.,0.866025403784439));
#2887=DIRECTION('',(0.,1.,0.));
#2888=DIRECTION('',(-0.5,0.,-0.866025403784439));
#2889=DIRECTION('center_axis',(0.,0.,-1.));
#2890=DIRECTION('ref_axis',(-1.,0.,0.));
#2891=DIRECTION('',(1.,0.,0.));
#2892=DIRECTION('',(0.,1.,0.));
#2893=DIRECTION('',(-1.,0.,0.));
#2894=DIRECTION('center_axis',(-0.866025403784439,0.,-0.5));
#2895=DIRECTION('ref_axis',(-0.5,0.,0.866025403784439));
#2896=DIRECTION('',(0.5,0.,-0.866025403784439));
#2897=DIRECTION('',(0.,1.,0.));
#2898=DIRECTION('',(-0.5,0.,0.866025403784439));
#2899=DIRECTION('center_axis',(1.49475681505565E-7,0.,0.999999999999989));
#2900=DIRECTION('ref_axis',(0.999999999999989,0.,-1.49475681505565E-7));
#2901=DIRECTION('',(-0.999999999999989,0.,1.49475681505565E-7));
#2902=DIRECTION('',(0.,1.,0.));
#2903=DIRECTION('',(0.999999999999989,0.,-1.49475681505565E-7));
#2904=DIRECTION('',(0.,1.,0.));
#2905=DIRECTION('center_axis',(0.86602547852227,0.,0.499999870550257));
#2906=DIRECTION('ref_axis',(0.499999870550257,0.,-0.86602547852227));
#2907=DIRECTION('',(-0.499999870550257,0.,0.86602547852227));
#2908=DIRECTION('',(0.499999870550257,0.,-0.86602547852227));
#2909=DIRECTION('',(0.,1.,0.));
#2910=DIRECTION('center_axis',(0.866025329046588,0.,-0.500000129449731));
#2911=DIRECTION('ref_axis',(-0.500000129449731,0.,-0.866025329046588));
#2912=DIRECTION('',(0.500000129449731,0.,0.866025329046588));
#2913=DIRECTION('',(-0.500000129449731,0.,-0.866025329046588));
#2914=DIRECTION('',(0.,1.,0.));
#2915=DIRECTION('center_axis',(-1.4947568019942E-7,0.,-0.999999999999989));
#2916=DIRECTION('ref_axis',(-0.999999999999989,0.,1.4947568019942E-7));
#2917=DIRECTION('',(0.999999999999989,0.,-1.4947568019942E-7));
#2918=DIRECTION('',(-0.999999999999989,0.,1.4947568019942E-7));
#2919=DIRECTION('',(0.,1.,0.));
#2920=DIRECTION('center_axis',(-0.866025478522269,0.,-0.499999870550258));
#2921=DIRECTION('ref_axis',(-0.499999870550258,0.,0.866025478522269));
#2922=DIRECTION('',(0.499999870550258,0.,-0.866025478522269));
#2923=DIRECTION('',(-0.499999870550258,0.,0.866025478522269));
#2924=DIRECTION('',(0.,1.,0.));
#2925=DIRECTION('center_axis',(-0.866025329046589,0.,0.50000012944973));
#2926=DIRECTION('ref_axis',(0.50000012944973,0.,0.866025329046589));
#2927=DIRECTION('',(-0.50000012944973,0.,-0.866025329046589));
#2928=DIRECTION('',(0.50000012944973,0.,0.866025329046589));
#2929=DIRECTION('center_axis',(-0.866025403784439,0.,0.5));
#2930=DIRECTION('ref_axis',(0.5,0.,0.866025403784439));
#2931=DIRECTION('',(0.5,0.,0.866025403784439));
#2932=DIRECTION('',(-0.5,0.,-0.866025403784439));
#2933=DIRECTION('center_axis',(0.,1.,0.));
#2934=DIRECTION('ref_axis',(0.,0.,1.));
#2935=DIRECTION('',(-0.5,0.,-0.866025403784439));
#2936=DIRECTION('',(-1.,0.,0.));
#2937=DIRECTION('',(-0.5,0.,0.866025403784439));
#2938=DIRECTION('center_axis',(0.866025403784439,0.,0.5));
#2939=DIRECTION('ref_axis',(0.5,0.,-0.866025403784439));
#2940=DIRECTION('',(0.,1.,0.));
#2941=DIRECTION('',(0.5,0.,-0.866025403784439));
#2942=DIRECTION('center_axis',(0.,0.,1.));
#2943=DIRECTION('ref_axis',(1.,0.,0.));
#2944=DIRECTION('',(0.,1.,0.));
#2945=DIRECTION('',(1.,0.,0.));
#2946=DIRECTION('center_axis',(-0.866025403784439,0.,0.5));
#2947=DIRECTION('ref_axis',(0.5,0.,0.866025403784439));
#2948=DIRECTION('',(0.5,0.,0.866025403784439));
#2949=DIRECTION('center_axis',(0.,1.,0.));
#2950=DIRECTION('ref_axis',(0.,0.,1.));
#2951=DIRECTION('',(0.,0.,1.));
#2952=DIRECTION('',(-0.707106781186546,0.,0.707106781186549));
#2953=DIRECTION('',(0.,0.,1.));
#2954=DIRECTION('',(-1.,0.,0.));
#2955=DIRECTION('center_axis',(0.,1.,0.));
#2956=DIRECTION('ref_axis',(0.,0.,1.));
#2957=DIRECTION('',(0.,0.,-1.));
#2958=DIRECTION('',(-1.,0.,0.));
#2959=DIRECTION('center_axis',(-1.,0.,0.));
#2960=DIRECTION('ref_axis',(0.,-1.,0.));
#2961=DIRECTION('center_axis',(1.,0.,0.));
#2962=DIRECTION('ref_axis',(0.,-1.,0.));
#2963=DIRECTION('center_axis',(-1.,0.,0.));
#2964=DIRECTION('ref_axis',(0.,-1.,0.));
#2965=DIRECTION('center_axis',(1.,0.,0.));
#2966=DIRECTION('ref_axis',(0.,-1.,0.));
#2967=DIRECTION('center_axis',(1.,0.,0.));
#2968=DIRECTION('ref_axis',(0.,-1.,0.));
#2969=DIRECTION('',(1.,0.,0.));
#2970=DIRECTION('center_axis',(0.,-0.707106781186549,0.707106781186546));
#2971=DIRECTION('ref_axis',(1.,0.,0.));
#2972=DIRECTION('',(-4.56681949529306E-8,0.707106781186546,0.707106781186548));
#2973=DIRECTION('',(-1.,0.,0.));
#2974=DIRECTION('',(0.,0.707106781186546,0.707106781186549));
#2975=DIRECTION('',(1.,0.,0.));
#2976=DIRECTION('center_axis',(0.999999999999998,6.4584580671533E-8,0.));
#2977=DIRECTION('ref_axis',(-6.4584580671533E-8,0.999999999999998,0.));
#2978=DIRECTION('',(0.,0.,1.));
#2979=DIRECTION('',(-6.4584580671533E-8,0.999999999999998,0.));
#2980=DIRECTION('',(0.,0.,1.));
#2981=DIRECTION('',(6.45845808937982E-8,-0.999999999999998,0.));
#2982=DIRECTION('',(0.,0.,-1.));
#2983=DIRECTION('center_axis',(-0.999999999999998,-6.4584580671533E-8,0.));
#2984=DIRECTION('ref_axis',(6.4584580671533E-8,-0.999999999999998,0.));
#2985=DIRECTION('',(0.,0.,-1.));
#2986=DIRECTION('',(0.,0.,1.));
#2987=DIRECTION('',(6.4584580671533E-8,-0.999999999999998,0.));
#2988=DIRECTION('',(0.,0.,1.));
#2989=DIRECTION('',(6.4584580671533E-8,-0.999999999999998,0.));
#2990=DIRECTION('',(0.,0.,-1.));
#2991=DIRECTION('',(-6.4584580671533E-8,0.999999999999998,0.));
#2992=DIRECTION('',(0.,0.,-1.));
#2993=DIRECTION('center_axis',(0.,1.,0.));
#2994=DIRECTION('ref_axis',(0.,0.,1.));
#2995=DIRECTION('',(0.,0.,1.));
#2996=DIRECTION('',(1.,0.,0.));
#2997=DIRECTION('',(0.,0.,-1.));
#2998=DIRECTION('',(1.,0.,0.));
#2999=DIRECTION('center_axis',(0.,0.,1.));
#3000=DIRECTION('ref_axis',(-1.,0.,0.));
#3001=DIRECTION('',(0.,-1.,0.));
#3002=DIRECTION('',(-0.707106781186548,0.707106781186548,0.));
#3003=DIRECTION('',(-1.,0.,0.));
#3004=DIRECTION('',(0.,-1.,0.));
#3005=DIRECTION('center_axis',(0.,0.,-1.));
#3006=DIRECTION('ref_axis',(-1.,0.,0.));
#3007=DIRECTION('',(0.,-1.,0.));
#3008=DIRECTION('',(0.999999999980552,-6.23659162184439E-6,0.));
#3009=DIRECTION('',(0.,-1.,0.));
#3010=DIRECTION('',(0.,-1.,0.));
#3011=DIRECTION('',(1.,0.,0.));
#3012=DIRECTION('center_axis',(-0.707106781186549,0.,-0.707106781186546));
#3013=DIRECTION('ref_axis',(-0.707106781186546,0.,0.707106781186549));
#3014=DIRECTION('',(0.577350269189625,-0.577350269189625,-0.577350269189628));
#3015=DIRECTION('',(0.,1.,0.));
#3016=DIRECTION('',(0.577350269189625,0.577350269189625,-0.577350269189628));
#3017=DIRECTION('center_axis',(0.,-1.,0.));
#3018=DIRECTION('ref_axis',(0.,0.,-1.));
#3019=DIRECTION('',(0.,0.,1.));
#3020=DIRECTION('',(0.,0.,1.));
#3021=DIRECTION('center_axis',(1.,0.,0.));
#3022=DIRECTION('ref_axis',(0.,0.,1.));
#3023=DIRECTION('center_axis',(-0.707106781186548,-0.707106781186548,0.));
#3024=DIRECTION('ref_axis',(0.,0.,1.));
#3025=DIRECTION('',(0.,0.,-1.));
#3026=DIRECTION('center_axis',(1.,0.,0.));
#3027=DIRECTION('ref_axis',(0.,-1.,0.));
#3028=DIRECTION('',(1.,0.,0.));
#3029=DIRECTION('center_axis',(-1.,0.,0.));
#3030=DIRECTION('ref_axis',(0.,-1.,0.));
#3031=DIRECTION('center_axis',(-1.,0.,0.));
#3032=DIRECTION('ref_axis',(0.,-1.,0.));
#3033=DIRECTION('center_axis',(-1.,0.,0.));
#3034=DIRECTION('ref_axis',(0.,-1.,0.));
#3035=DIRECTION('center_axis',(1.,0.,0.));
#3036=DIRECTION('ref_axis',(0.,-1.,0.));
#3037=DIRECTION('center_axis',(1.,0.,0.));
#3038=DIRECTION('ref_axis',(0.,-1.,0.));
#3039=DIRECTION('',(-1.,0.,0.));
#3040=DIRECTION('center_axis',(-1.,0.,0.));
#3041=DIRECTION('ref_axis',(0.,-1.,0.));
#3042=DIRECTION('center_axis',(-1.,0.,0.));
#3043=DIRECTION('ref_axis',(0.,-1.,0.));
#3044=DIRECTION('center_axis',(-1.,0.,0.));
#3045=DIRECTION('ref_axis',(0.,-1.,0.));
#3046=DIRECTION('',(-0.707106781186537,0.707106781186558,8.65956056235506E-17));
#3047=DIRECTION('center_axis',(0.,0.,-1.));
#3048=DIRECTION('ref_axis',(-1.,0.,0.));
#3049=DIRECTION('',(0.,1.,0.));
#3050=DIRECTION('',(1.,0.,0.));
#3051=DIRECTION('',(0.,1.,0.));
#3052=DIRECTION('center_axis',(-1.,0.,0.));
#3053=DIRECTION('ref_axis',(0.,-1.,0.));
#3054=DIRECTION('',(0.,-1.,0.));
#3055=DIRECTION('',(0.,0.,-1.));
#3056=DIRECTION('',(0.,-1.,0.));
#3057=DIRECTION('',(0.,0.,1.));
#3058=DIRECTION('center_axis',(0.,0.,1.));
#3059=DIRECTION('ref_axis',(1.,0.,0.));
#3060=DIRECTION('',(1.,0.,0.));
#3061=DIRECTION('',(0.,1.,0.));
#3062=DIRECTION('',(1.,0.,0.));
#3063=DIRECTION('center_axis',(0.,0.,1.));
#3064=DIRECTION('ref_axis',(-1.,0.,0.));
#3065=DIRECTION('',(0.462858973436586,0.886431932360985,0.));
#3066=DIRECTION('',(-0.822323008346677,-0.569020974959333,0.));
#3067=DIRECTION('',(-1.,0.,0.));
#3068=DIRECTION('center_axis',(9.48171837800977E-16,0.,-1.));
#3069=DIRECTION('ref_axis',(1.,0.,9.48171837800977E-16));
#3070=DIRECTION('',(-1.,0.,-9.48171837800977E-16));
#3071=DIRECTION('',(0.,-1.,0.));
#3072=DIRECTION('',(1.,0.,9.48171837800977E-16));
#3073=DIRECTION('',(0.,-1.,0.));
#3074=DIRECTION('center_axis',(0.,0.,1.));
#3075=DIRECTION('ref_axis',(-1.,0.,0.));
#3076=DIRECTION('',(0.513430081626321,-0.858131430074199,0.));
#3077=DIRECTION('',(0.,1.,0.));
#3078=DIRECTION('',(-1.,0.,0.));
#3079=DIRECTION('',(-0.822323008346658,0.569020974959361,0.));
#3080=DIRECTION('center_axis',(0.858131430074199,0.513430081626321,0.));
#3081=DIRECTION('ref_axis',(-0.513430081626321,0.858131430074199,0.));
#3082=DIRECTION('',(-0.513430081626321,0.858131430074199,0.));
#3083=DIRECTION('',(0.,0.,-1.));
#3084=DIRECTION('',(0.,0.,1.));
#3085=DIRECTION('',(-0.513430081626321,0.858131430074199,0.));
#3086=DIRECTION('',(0.,0.,-1.));
#3087=DIRECTION('center_axis',(1.,0.,0.));
#3088=DIRECTION('ref_axis',(0.,1.,0.));
#3089=DIRECTION('',(0.,-1.,0.));
#3090=DIRECTION('',(0.,0.,1.));
#3091=DIRECTION('',(0.,-1.,0.));
#3092=DIRECTION('',(0.,0.,-1.));
#3093=DIRECTION('center_axis',(0.,0.,-1.));
#3094=DIRECTION('ref_axis',(-1.,0.,0.));
#3095=DIRECTION('',(1.,0.,0.));
#3096=DIRECTION('',(0.462858973436586,0.886431932360985,0.));
#3097=DIRECTION('',(0.,1.,0.));
#3098=DIRECTION('center_axis',(0.,0.,1.));
#3099=DIRECTION('ref_axis',(-1.,0.,0.));
#3100=DIRECTION('',(-0.462858973436586,-0.886431932360985,0.));
#3101=DIRECTION('',(-1.,0.,0.));
#3102=DIRECTION('',(-1.,0.,0.));
#3103=DIRECTION('center_axis',(0.,-1.,0.));
#3104=DIRECTION('ref_axis',(1.,0.,0.));
#3105=DIRECTION('',(-1.,0.,0.));
#3106=DIRECTION('',(0.,0.,1.));
#3107=DIRECTION('center_axis',(0.569020974959333,-0.822323008346677,0.));
#3108=DIRECTION('ref_axis',(0.822323008346677,0.569020974959333,0.));
#3109=DIRECTION('',(-0.822323008346677,-0.569020974959333,0.));
#3110=DIRECTION('',(0.,0.,1.));
#3111=DIRECTION('center_axis',(-6.45845806065705E-8,0.999999999999998,0.));
#3112=DIRECTION('ref_axis',(0.999999999999998,6.45845806065705E-8,0.));
#3113=DIRECTION('',(0.999999999999998,6.45845806065705E-8,0.));
#3114=DIRECTION('',(0.707106781186542,4.5668194906995E-8,0.707106781186551));
#3115=DIRECTION('center_axis',(-0.886431932360985,0.462858973436586,0.));
#3116=DIRECTION('ref_axis',(-0.462858973436586,-0.886431932360985,0.));
#3117=DIRECTION('',(-0.462858973436586,-0.886431932360985,0.));
#3118=DIRECTION('',(0.,0.,1.));
#3119=DIRECTION('',(0.,0.,1.));
#3120=DIRECTION('center_axis',(-0.606790553354772,-0.363049892383132,-0.707106781186552));
#3121=DIRECTION('ref_axis',(-0.75888578524556,0.,0.651223744155747));
#3122=DIRECTION('',(0.75888578524556,0.,-0.651223744155747));
#3123=DIRECTION('',(0.513430081626321,-0.858131430074199,0.));
#3124=DIRECTION('',(0.,0.889597176437121,-0.45674595091265));
#3125=DIRECTION('center_axis',(0.,0.,-1.));
#3126=DIRECTION('ref_axis',(-1.,0.,0.));
#3127=DIRECTION('',(1.,0.,0.));
#3128=DIRECTION('',(0.,-1.,0.));
#3129=DIRECTION('center_axis',(0.626802030432736,-0.327290718850048,-0.707106781186561));
#3130=DIRECTION('ref_axis',(-0.748321569793527,0.,-0.663336135139457));
#3131=DIRECTION('',(0.748321569793527,0.,0.663336135139457));
#3132=DIRECTION('',(0.,-0.907502882491199,0.420045852580603));
#3133=DIRECTION('center_axis',(0.,0.,1.));
#3134=DIRECTION('ref_axis',(1.,0.,0.));
#3135=DIRECTION('',(0.,-1.,0.));
#3136=DIRECTION('',(-1.,0.,0.));
#3137=DIRECTION('',(-1.,0.,0.));
#3138=DIRECTION('',(-0.707106781186554,0.707106781186541,0.));
#3139=DIRECTION('',(0.,1.,0.));
#3140=DIRECTION('',(-1.,0.,0.));
#3141=DIRECTION('',(0.,-1.,0.));
#3142=DIRECTION('',(1.,0.,0.));
#3143=DIRECTION('center_axis',(6.23659162184439E-6,0.999999999980553,0.));
#3144=DIRECTION('ref_axis',(0.999999999980552,-6.23659162184439E-6,0.));
#3145=DIRECTION('',(0.,0.,-1.));
#3146=DIRECTION('',(-1.,0.,0.));
#3147=DIRECTION('',(0.,0.,-1.));
#3148=DIRECTION('',(0.,0.,-1.));
#3149=DIRECTION('center_axis',(0.,0.,-1.));
#3150=DIRECTION('ref_axis',(-1.,0.,0.));
#3151=DIRECTION('',(0.,-1.,0.));
#3152=DIRECTION('',(-1.,0.,0.));
#3153=DIRECTION('',(0.,-1.,0.));
#3154=DIRECTION('',(-0.999999999999998,-6.45845806065705E-8,0.));
#3155=DIRECTION('',(-1.,0.,0.));
#3156=DIRECTION('',(0.,-1.,0.));
#3157=DIRECTION('',(1.,0.,0.));
#3158=DIRECTION('center_axis',(0.,1.,0.));
#3159=DIRECTION('ref_axis',(0.,0.,-1.));
#3160=DIRECTION('',(-0.707106781186545,0.,-0.70710678118655));
#3161=DIRECTION('',(1.,0.,0.));
#3162=DIRECTION('',(0.,0.,-1.));
#3163=DIRECTION('center_axis',(0.707106781186548,0.,-0.707106781186547));
#3164=DIRECTION('ref_axis',(-0.707106781186547,0.,-0.707106781186548));
#3165=DIRECTION('',(0.707106781186547,0.,0.707106781186548));
#3166=DIRECTION('',(-0.707106781186547,0.,-0.707106781186548));
#3167=DIRECTION('',(0.,1.,0.));
#3168=DIRECTION('center_axis',(0.,-1.,0.));
#3169=DIRECTION('ref_axis',(0.,0.,-1.));
#3170=DIRECTION('',(0.,0.,-1.));
#3171=DIRECTION('',(0.,0.,1.));
#3172=DIRECTION('center_axis',(1.,0.,0.));
#3173=DIRECTION('ref_axis',(0.,0.,-1.));
#3174=DIRECTION('center_axis',(0.,0.,1.));
#3175=DIRECTION('ref_axis',(1.,0.,0.));
#3176=DIRECTION('',(-1.,0.,0.));
#3177=DIRECTION('',(0.,1.,0.));
#3178=DIRECTION('',(1.,0.,0.));
#3179=DIRECTION('center_axis',(0.,0.,-1.));
#3180=DIRECTION('ref_axis',(-1.,0.,0.));
#3181=DIRECTION('',(0.,1.,0.));
#3182=DIRECTION('',(1.,0.,0.));
#3183=DIRECTION('',(0.667201289920855,0.744877465579372,0.));
#3184=DIRECTION('center_axis',(0.,0.,1.));
#3185=DIRECTION('ref_axis',(1.,0.,0.));
#3186=DIRECTION('',(6.4584580671533E-8,-0.999999999999998,0.));
#3187=DIRECTION('',(-1.,0.,0.));
#3188=DIRECTION('',(0.,1.,0.));
#3189=DIRECTION('',(-1.,0.,0.));
#3190=DIRECTION('',(0.,1.,0.));
#3191=DIRECTION('center_axis',(0.70710678118655,4.56681949529309E-8,-0.707106781186544));
#3192=DIRECTION('ref_axis',(-0.707106781186545,0.,-0.70710678118655));
#3193=DIRECTION('',(0.707106781186542,4.5668194906995E-8,0.707106781186551));
#3194=DIRECTION('',(-0.707106781186545,0.,-0.70710678118655));
#3195=DIRECTION('center_axis',(6.45845806065705E-8,-0.999999999999998,0.));
#3196=DIRECTION('ref_axis',(-0.999999999999998,-6.45845806065705E-8,0.));
#3197=DIRECTION('',(0.,0.,1.));
#3198=DIRECTION('center_axis',(-6.45845806065705E-8,0.999999999999998,0.));
#3199=DIRECTION('ref_axis',(-0.999999999999998,-6.45845806065705E-8,-3.58136459556499E-16));
#3200=DIRECTION('center_axis',(-1.,0.,2.50191104140876E-14));
#3201=DIRECTION('ref_axis',(-2.50191104140876E-14,0.,-1.));
#3202=DIRECTION('',(-2.50191104140876E-14,0.,-1.));
#3203=DIRECTION('',(0.,-1.,0.));
#3204=DIRECTION('center_axis',(0.,-1.,0.));
#3205=DIRECTION('ref_axis',(1.,0.,0.));
#3206=DIRECTION('',(0.,0.,-1.));
#3207=DIRECTION('',(-1.,0.,0.));
#3208=DIRECTION('',(-1.,0.,0.));
#3209=DIRECTION('',(0.,0.,1.));
#3210=DIRECTION('center_axis',(0.,-1.,0.));
#3211=DIRECTION('ref_axis',(-1.,0.,-3.58136459556499E-16));
#3212=DIRECTION('center_axis',(-1.,0.,0.));
#3213=DIRECTION('ref_axis',(0.,0.,1.));
#3214=DIRECTION('',(0.,0.,1.));
#3215=DIRECTION('',(0.,-1.,0.));
#3216=DIRECTION('',(0.,-1.,0.));
#3217=DIRECTION('center_axis',(0.,-1.,0.));
#3218=DIRECTION('ref_axis',(1.,0.,0.));
#3219=DIRECTION('',(0.,0.,1.));
#3220=DIRECTION('center_axis',(0.,1.,0.));
#3221=DIRECTION('ref_axis',(-0.798750232538315,0.,0.601662751065735));
#3222=DIRECTION('',(0.,0.,-1.));
#3223=DIRECTION('',(1.,0.,0.));
#3224=DIRECTION('',(1.,0.,0.));
#3225=DIRECTION('center_axis',(-1.,0.,0.));
#3226=DIRECTION('ref_axis',(0.,1.,0.));
#3227=DIRECTION('',(0.,0.,-1.));
#3228=DIRECTION('center_axis',(-0.744877465579372,0.667201289920854,0.));
#3229=DIRECTION('ref_axis',(0.667201289920855,0.744877465579372,0.));
#3230=DIRECTION('',(0.,0.,-1.));
#3231=DIRECTION('center_axis',(1.,0.,0.));
#3232=DIRECTION('ref_axis',(0.,-1.,0.));
#3233=DIRECTION('',(0.,0.,-1.));
#3234=DIRECTION('',(0.,1.,0.));
#3235=DIRECTION('',(0.,0.,-1.));
#3236=DIRECTION('',(0.,0.,1.));
#3237=DIRECTION('',(0.,0.,-1.));
#3238=DIRECTION('center_axis',(0.707106781186541,0.707106781186554,0.));
#3239=DIRECTION('ref_axis',(0.,0.,-1.));
#3240=DIRECTION('',(0.,0.,1.));
#3241=DIRECTION('',(0.707106781186554,-0.707106781186541,0.));
#3242=DIRECTION('center_axis',(0.,-1.,0.));
#3243=DIRECTION('ref_axis',(1.,0.,0.));
#3244=DIRECTION('center_axis',(0.,1.,0.));
#3245=DIRECTION('ref_axis',(1.,0.,0.));
#3246=DIRECTION('',(0.,-1.,0.));
#3247=DIRECTION('center_axis',(0.,-1.,0.));
#3248=DIRECTION('ref_axis',(1.,0.,0.));
#3249=DIRECTION('center_axis',(0.,-1.,0.));
#3250=DIRECTION('ref_axis',(1.,0.,0.));
#3251=DIRECTION('',(0.,0.,1.));
#3252=DIRECTION('',(1.,0.,0.));
#3253=DIRECTION('center_axis',(0.,1.,0.));
#3254=DIRECTION('ref_axis',(0.,0.,1.));
#3255=DIRECTION('',(-2.50191104140876E-14,0.,-1.));
#3256=DIRECTION('center_axis',(0.,1.,0.));
#3257=DIRECTION('ref_axis',(0.,0.,-1.));
#3258=DIRECTION('',(0.,0.,1.));
#3259=DIRECTION('center_axis',(-0.569020974959361,-0.822323008346658,0.));
#3260=DIRECTION('ref_axis',(0.822323008346658,-0.569020974959361,0.));
#3261=DIRECTION('',(0.,0.,1.));
#3262=DIRECTION('',(0.822323008346658,-0.569020974959361,0.));
#3263=DIRECTION('center_axis',(0.,-1.,0.));
#3264=DIRECTION('ref_axis',(1.,0.,0.));
#3265=DIRECTION('',(0.,0.,1.));
#3266=DIRECTION('',(-0.707106781186546,0.,0.707106781186549));
#3267=DIRECTION('',(1.,0.,0.));
#3268=DIRECTION('center_axis',(-1.,0.,0.));
#3269=DIRECTION('ref_axis',(0.,-1.,0.));
#3270=DIRECTION('',(0.,0.,1.));
#3271=DIRECTION('',(0.,-1.,0.));
#3272=DIRECTION('',(0.,0.,1.));
#3273=DIRECTION('',(0.,-1.,0.));
#3274=DIRECTION('center_axis',(0.,1.,0.));
#3275=DIRECTION('ref_axis',(-1.,0.,0.));
#3276=DIRECTION('',(0.707106781186546,0.,-0.707106781186549));
#3277=DIRECTION('center_axis',(0.,-1.,0.));
#3278=DIRECTION('ref_axis',(0.,0.,1.));
#3279=DIRECTION('',(-1.,0.,0.));
#3280=DIRECTION('',(0.707106781186546,0.,-0.707106781186549));
#3281=DIRECTION('center_axis',(1.,0.,0.));
#3282=DIRECTION('ref_axis',(0.,-1.,0.));
#3283=DIRECTION('',(0.,0.,1.));
#3284=DIRECTION('center_axis',(0.,1.,0.));
#3285=DIRECTION('ref_axis',(1.,0.,0.));
#3286=DIRECTION('',(0.707106781186546,0.,-0.707106781186549));
#3287=DIRECTION('',(1.,0.,0.));
#3288=DIRECTION('',(0.707106781186546,0.,0.707106781186549));
#3289=DIRECTION('',(0.,0.,-1.));
#3290=DIRECTION('center_axis',(0.,1.,0.));
#3291=DIRECTION('ref_axis',(1.,0.,0.));
#3292=DIRECTION('',(0.,0.,-1.));
#3293=DIRECTION('',(-1.,0.,0.));
#3294=DIRECTION('',(2.50191104140876E-14,0.,1.));
#3295=DIRECTION('center_axis',(0.,-1.,0.));
#3296=DIRECTION('ref_axis',(0.,0.,1.));
#3297=DIRECTION('',(-1.,0.,-1.03436927760107E-15));
#3298=DIRECTION('center_axis',(0.,-1.,0.));
#3299=DIRECTION('ref_axis',(-1.,0.,-3.58136459556499E-16));
#3300=DIRECTION('',(-2.50191104140876E-14,0.,-1.));
#3301=DIRECTION('center_axis',(0.,-1.,0.));
#3302=DIRECTION('ref_axis',(0.,0.,-1.));
#3303=DIRECTION('center_axis',(0.,0.,1.));
#3304=DIRECTION('ref_axis',(-1.,0.,0.));
#3305=DIRECTION('center_axis',(0.,0.,1.));
#3306=DIRECTION('ref_axis',(-1.,0.,0.));
#3307=DIRECTION('',(0.,1.,0.));
#3308=DIRECTION('center_axis',(1.,0.,0.));
#3309=DIRECTION('ref_axis',(0.,0.,-1.));
#3310=DIRECTION('',(0.,1.,0.));
#3311=DIRECTION('',(0.,1.,0.));
#3312=DIRECTION('center_axis',(0.,0.,1.));
#3313=DIRECTION('ref_axis',(-1.,0.,0.));
#3314=DIRECTION('center_axis',(0.,0.,1.));
#3315=DIRECTION('ref_axis',(-1.,0.,0.));
#3316=DIRECTION('center_axis',(0.,0.,1.));
#3317=DIRECTION('ref_axis',(-1.,0.,0.));
#3318=DIRECTION('center_axis',(0.,0.,1.));
#3319=DIRECTION('ref_axis',(-1.,0.,0.));
#3320=DIRECTION('center_axis',(0.,0.,1.));
#3321=DIRECTION('ref_axis',(-1.,0.,0.));
#3322=DIRECTION('center_axis',(0.,0.,1.));
#3323=DIRECTION('ref_axis',(-1.,0.,0.));
#3324=DIRECTION('center_axis',(0.,0.,-1.));
#3325=DIRECTION('ref_axis',(-1.,0.,0.));
#3326=DIRECTION('',(0.,0.,1.));
#3327=DIRECTION('center_axis',(0.,0.,1.));
#3328=DIRECTION('ref_axis',(-1.,0.,0.));
#3329=DIRECTION('center_axis',(0.,0.,1.));
#3330=DIRECTION('ref_axis',(1.,0.,0.));
#3331=DIRECTION('',(0.,1.,0.));
#3332=DIRECTION('',(0.,-1.,0.));
#3333=DIRECTION('',(1.,0.,0.));
#3334=DIRECTION('center_axis',(0.,0.,-1.));
#3335=DIRECTION('ref_axis',(-1.,0.,0.));
#3336=DIRECTION('center_axis',(0.,-1.,0.));
#3337=DIRECTION('ref_axis',(-1.,0.,-3.58136459556499E-16));
#3338=DIRECTION('',(0.,-1.,0.));
#3339=DIRECTION('',(0.,-1.,0.));
#3340=DIRECTION('center_axis',(0.,1.,0.));
#3341=DIRECTION('ref_axis',(-1.,0.,-3.58136459556499E-16));
#3342=DIRECTION('center_axis',(-1.,0.,2.50191104140876E-14));
#3343=DIRECTION('ref_axis',(-2.50191104140876E-14,0.,-1.));
#3344=DIRECTION('',(0.,-1.,0.));
#3345=DIRECTION('center_axis',(0.,1.,0.));
#3346=DIRECTION('ref_axis',(0.,0.,1.));
#3347=DIRECTION('center_axis',(0.,-1.,0.));
#3348=DIRECTION('ref_axis',(0.,0.,1.));
#3349=DIRECTION('',(0.,0.707106781186549,0.707106781186546));
#3350=DIRECTION('center_axis',(0.,1.,0.));
#3351=DIRECTION('ref_axis',(0.,0.,1.));
#3352=DIRECTION('center_axis',(7.31409530442746E-16,0.707106781186545,-0.70710678118655));
#3353=DIRECTION('ref_axis',(-1.,0.,-1.03436927760107E-15));
#3354=DIRECTION('',(0.,0.70710678118655,0.707106781186545));
#3355=DIRECTION('',(1.,0.,1.03436927760107E-15));
#3356=DIRECTION('',(-1.,0.,-1.03436927760107E-15));
#3357=DIRECTION('center_axis',(0.,1.,0.));
#3358=DIRECTION('ref_axis',(-1.,0.,-3.58136459556499E-16));
#3359=DIRECTION('center_axis',(0.,-1.,0.));
#3360=DIRECTION('ref_axis',(-1.,0.,-3.58136459556499E-16));
#3361=DIRECTION('center_axis',(0.,1.,0.));
#3362=DIRECTION('ref_axis',(-1.,0.,0.));
#3363=DIRECTION('center_axis',(0.,-1.,0.));
#3364=DIRECTION('ref_axis',(1.,0.,0.));
#3365=DIRECTION('',(0.707106781186546,0.,-0.707106781186549));
#3366=DIRECTION('',(0.707106781186546,0.,-0.707106781186549));
#3367=DIRECTION('center_axis',(-0.707106781186548,0.707106781186548,0.));
#3368=DIRECTION('ref_axis',(0.,0.,1.));
#3369=DIRECTION('',(0.,0.,1.));
#3370=DIRECTION('',(0.707106781186548,0.707106781186548,0.));
#3371=DIRECTION('center_axis',(0.,0.,-1.));
#3372=DIRECTION('ref_axis',(-1.,0.,0.));
#3373=DIRECTION('',(0.,0.,-1.));
#3374=DIRECTION('center_axis',(0.,0.,1.));
#3375=DIRECTION('ref_axis',(-1.,0.,0.));
#3376=DIRECTION('center_axis',(-0.577350269189626,0.577350269189626,0.577350269189625));
#3377=DIRECTION('ref_axis',(0.707106781186546,0.,0.707106781186549));
#3378=DIRECTION('',(0.,-0.707106781186546,0.707106781186549));
#3379=DIRECTION('',(-0.707106781186546,0.,-0.707106781186549));
#3380=DIRECTION('center_axis',(-0.707106781186549,0.,0.707106781186546));
#3381=DIRECTION('ref_axis',(0.707106781186546,0.,0.707106781186549));
#3382=DIRECTION('',(0.,-1.,0.));
#3383=DIRECTION('center_axis',(0.577350269189623,0.577350269189633,0.577350269189621));
#3384=DIRECTION('ref_axis',(0.707106781186546,0.,-0.707106781186549));
#3385=DIRECTION('',(-0.707106781186546,0.,0.707106781186549));
#3386=DIRECTION('',(-1.25607396694702E-14,0.707106781186546,-0.707106781186549));
#3387=DIRECTION('center_axis',(0.,0.707106781186549,0.707106781186546));
#3388=DIRECTION('ref_axis',(1.,0.,0.));
#3389=DIRECTION('center_axis',(0.707106781186549,0.,0.707106781186546));
#3390=DIRECTION('ref_axis',(0.707106781186546,0.,-0.707106781186549));
#3391=DIRECTION('center_axis',(-0.707106781186549,0.,-0.707106781186546));
#3392=DIRECTION('ref_axis',(-0.707106781186546,0.,0.707106781186549));
#3393=DIRECTION('',(0.,1.,0.));
#3394=DIRECTION('center_axis',(0.,1.,0.));
#3395=DIRECTION('ref_axis',(0.,0.,1.));
#3396=DIRECTION('center_axis',(0.,1.,0.));
#3397=DIRECTION('ref_axis',(0.,0.,1.));
#3398=DIRECTION('center_axis',(-0.707106781186549,0.,-0.707106781186546));
#3399=DIRECTION('ref_axis',(-0.707106781186546,0.,0.707106781186549));
#3400=DIRECTION('',(-0.707106781186546,0.,0.707106781186549));
#3401=DIRECTION('center_axis',(0.,1.,0.));
#3402=DIRECTION('ref_axis',(-1.,0.,0.));
#3403=DIRECTION('',(-0.707106781186546,0.,0.707106781186549));
#3404=DIRECTION('center_axis',(-0.707106781186549,0.,-0.707106781186546));
#3405=DIRECTION('ref_axis',(-0.707106781186546,0.,0.707106781186549));
#3406=DIRECTION('center_axis',(-0.707106781186549,0.,-0.707106781186546));
#3407=DIRECTION('ref_axis',(-0.707106781186546,0.,0.707106781186549));
#3408=DIRECTION('center_axis',(0.,0.,1.));
#3409=DIRECTION('ref_axis',(-1.,0.,0.));
#3410=DIRECTION('',(0.,1.,0.));
#3411=DIRECTION('center_axis',(0.,-1.,0.));
#3412=DIRECTION('ref_axis',(0.,0.,-1.));
#3413=DIRECTION('center_axis',(-1.03436927760107E-15,0.,1.));
#3414=DIRECTION('ref_axis',(-1.,0.,-1.03436927760107E-15));
#3415=DIRECTION('',(0.,-1.,0.));
#3416=DIRECTION('center_axis',(0.,-1.,0.));
#3417=DIRECTION('ref_axis',(0.,0.,1.));
#3418=DIRECTION('',(0.,-1.,0.));
#3419=DIRECTION('center_axis',(1.,0.,-2.50191104140876E-14));
#3420=DIRECTION('ref_axis',(2.50191104140876E-14,0.,1.));
#3421=DIRECTION('center_axis',(-1.,0.,0.));
#3422=DIRECTION('ref_axis',(0.,1.,0.));
#3423=DIRECTION('center_axis',(-1.,0.,0.));
#3424=DIRECTION('ref_axis',(0.,0.707106781186549,0.707106781186546));
#3425=DIRECTION('center_axis',(-1.,0.,0.));
#3426=DIRECTION('ref_axis',(0.,0.707106781186549,0.707106781186546));
#3427=DIRECTION('center_axis',(1.,0.,0.));
#3428=DIRECTION('ref_axis',(0.,0.707106781186549,0.707106781186546));
#3429=DIRECTION('center_axis',(-1.,0.,0.));
#3430=DIRECTION('ref_axis',(0.,0.,1.));
#3431=CARTESIAN_POINT('',(0.,0.,0.));
#3432=CARTESIAN_POINT('Origin',(96.5000014379621,-93.813,3.00000004470348));
#3433=CARTESIAN_POINT('',(96.075001437962,-93.813,3.73612163792026));
#3434=CARTESIAN_POINT('',(95.6752813697541,-93.813,3.04378617097916));
#3435=CARTESIAN_POINT('',(96.075001437962,-93.813,3.73612163792026));
#3436=CARTESIAN_POINT('',(95.6752813697541,-93.813,3.692));
#3437=CARTESIAN_POINT('',(95.6752813697541,-93.813,1.60500002235174));
#3438=CARTESIAN_POINT('',(95.8995277835305,-93.813,3.692));
#3439=CARTESIAN_POINT('',(98.9500007344734,-93.813,3.692));
#3440=CARTESIAN_POINT('',(96.0000014305115,-93.813,3.86602546139271));
#3441=CARTESIAN_POINT('',(95.6250014249235,-93.813,3.21650639887579));
#3442=CARTESIAN_POINT('',(97.0000014454126,-93.813,3.86602546139271));
#3443=CARTESIAN_POINT('',(96.2500014342368,-93.813,3.86602546139271));
#3444=CARTESIAN_POINT('',(97.5000014528632,-93.813,3.00000004470348));
#3445=CARTESIAN_POINT('',(97.1250014472753,-93.813,3.6495191072204));
#3446=CARTESIAN_POINT('',(97.0000014454126,-93.813,2.13397462801426));
#3447=CARTESIAN_POINT('',(97.3750014510006,-93.813,2.78349369053118));
#3448=CARTESIAN_POINT('',(96.0000014305115,-93.813,2.13397462801426));
#3449=CARTESIAN_POINT('',(96.7500014416873,-93.813,2.13397462801426));
#3450=CARTESIAN_POINT('',(95.6752813697541,-93.813,2.69640627148292));
#3451=CARTESIAN_POINT('',(95.8750014286488,-93.813,2.35048098218657));
#3452=CARTESIAN_POINT('',(95.6752813697541,-93.813,2.9562139184278));
#3453=CARTESIAN_POINT('',(95.6752813697541,-93.813,1.60500002235174));
#3454=CARTESIAN_POINT('',(96.075001437962,-93.813,2.2638784514867));
#3455=CARTESIAN_POINT('',(95.650001437962,-93.813,3.00000004470348));
#3456=CARTESIAN_POINT('',(96.9250014379621,-93.813,2.2638784514867));
#3457=CARTESIAN_POINT('',(96.075001437962,-93.813,2.2638784514867));
#3458=CARTESIAN_POINT('',(97.3500014379621,-93.813,3.00000004470348));
#3459=CARTESIAN_POINT('',(96.9250014379621,-93.813,2.2638784514867));
#3460=CARTESIAN_POINT('',(96.9250014379621,-93.813,3.73612163792026));
#3461=CARTESIAN_POINT('',(97.3500014379621,-93.813,3.00000004470348));
#3462=CARTESIAN_POINT('',(96.9250014379621,-93.813,3.73612163792026));
#3463=CARTESIAN_POINT('Origin',(96.0000014305115,-97.2,2.13397462801426));
#3464=CARTESIAN_POINT('',(96.0000014305115,-93.8126199100077,2.13397462801426));
#3465=CARTESIAN_POINT('',(96.0000014305115,-95.3426199100077,2.13397462801426));
#3466=CARTESIAN_POINT('',(95.6752813697541,-93.8126199100077,2.69640627148292));
#3467=CARTESIAN_POINT('',(95.4055826840006,-93.8126199100077,3.1635380979425));
#3468=CARTESIAN_POINT('',(95.6752813697541,-95.3426199100077,2.69640627148292));
#3469=CARTESIAN_POINT('Origin',(97.0000014454126,-97.2,2.13397462801426));
#3470=CARTESIAN_POINT('',(97.0000014454126,-93.8126199100077,2.13397462801426));
#3471=CARTESIAN_POINT('',(97.0000014454126,-95.3426199100077,2.13397462801426));
#3472=CARTESIAN_POINT('',(96.3376414075834,-93.8126199100077,2.13397462801426));
#3473=CARTESIAN_POINT('Origin',(97.5000014528632,-97.2,3.00000004470348));
#3474=CARTESIAN_POINT('',(97.5000014528632,-93.8126199100077,3.00000004470348));
#3475=CARTESIAN_POINT('',(97.5000014528632,-97.2,3.00000004470348));
#3476=CARTESIAN_POINT('',(97.6382401785968,-93.8126199100077,3.23943654124764));
#3477=CARTESIAN_POINT('Origin',(97.0000014454126,-97.2,3.86602546139271));
#3478=CARTESIAN_POINT('',(97.0000014454126,-93.3126199100077,3.86602546139271));
#3479=CARTESIAN_POINT('',(97.0000014454126,-95.3426199100077,3.86602546139271));
#3480=CARTESIAN_POINT('',(97.1004750923936,-93.3126199100077,3.692));
#3481=CARTESIAN_POINT('',(96.6555827026271,-93.3126199100077,4.46257622297633));
#3482=CARTESIAN_POINT('',(97.1004750923936,-93.8126199100077,3.692));
#3483=CARTESIAN_POINT('',(97.1004750923936,-90.0509371418281,3.692));
#3484=CARTESIAN_POINT('',(96.6555827026271,-93.8126199100077,4.46257622297633));
#3485=CARTESIAN_POINT('Origin',(96.0000014305115,-97.2,3.86602546139271));
#3486=CARTESIAN_POINT('',(96.0000014305115,-93.3126199100077,3.86602546139271));
#3487=CARTESIAN_POINT('',(96.0000014305115,-95.3426199100077,3.86602546139271));
#3488=CARTESIAN_POINT('',(95.8376414001328,-93.3126199100077,3.86602546139271));
#3489=CARTESIAN_POINT('Origin',(95.5000014230609,-97.2,3.00000004470348));
#3490=CARTESIAN_POINT('',(95.8995277835305,-93.3126199100077,3.692));
#3491=CARTESIAN_POINT('',(95.8995277835305,-90.0509371418281,3.692));
#3492=CARTESIAN_POINT('',(95.8882401525198,-93.3126199100077,3.67244924959225));
#3493=CARTESIAN_POINT('Origin',(101.400000030985,-84.7592543736485,3.692));
#3494=CARTESIAN_POINT('',(95.6752813697541,-95.3426199100077,3.692));
#3495=CARTESIAN_POINT('',(95.6752813697541,-89.4356271868242,3.692));
#3496=CARTESIAN_POINT('',(94.0115897571312,-97.2,3.692));
#3497=CARTESIAN_POINT('',(98.7475139291075,-91.9127152664584,3.692));
#3498=CARTESIAN_POINT('',(92.8,-97.2,3.692));
#3499=CARTESIAN_POINT('',(94.0115897571312,-97.2,3.692));
#3500=CARTESIAN_POINT('',(92.7999983930393,-72.3185089980045,3.692));
#3501=CARTESIAN_POINT('',(92.7999995982598,-90.9796273999534,3.692));
#3502=CARTESIAN_POINT('',(96.06907491482,-72.3185087868726,3.692));
#3503=CARTESIAN_POINT('',(96.6818467274252,-72.3185087472969,3.692));
#3504=CARTESIAN_POINT('',(96.06907491482,-80.5185087472969,3.692));
#3505=CARTESIAN_POINT('',(96.06907491482,-63.8185087472969,3.692));
#3506=CARTESIAN_POINT('',(97.5856309550798,-81.8185087472969,3.692));
#3507=CARTESIAN_POINT('Ctrl Pts',(97.5856309550796,-81.818508747297,3.692));
#3508=CARTESIAN_POINT('Ctrl Pts',(97.3749981717102,-81.807381587088,3.692));
#3509=CARTESIAN_POINT('Ctrl Pts',(96.06907491482,-80.5185087472969,3.692));
#3510=CARTESIAN_POINT('',(104.05204460264,-81.8185087472969,3.692));
#3511=CARTESIAN_POINT('',(101.109418904922,-81.8185087472969,3.692));
#3512=CARTESIAN_POINT('',(105.568600642899,-80.5185087472969,3.692));
#3513=CARTESIAN_POINT('Ctrl Pts',(105.568600642899,-80.5185087472969,3.692));
#3514=CARTESIAN_POINT('Ctrl Pts',(104.262677386009,-81.8073815870879,3.692));
#3515=CARTESIAN_POINT('Ctrl Pts',(104.05204460264,-81.818508747297,3.692));
#3516=CARTESIAN_POINT('',(105.568600642899,-72.3185087472969,3.692));
#3517=CARTESIAN_POINT('',(105.568600642899,-63.8185087472969,3.692));
#3518=CARTESIAN_POINT('',(109.2,-72.3185087472969,3.692));
#3519=CARTESIAN_POINT('',(96.6818467274252,-72.3185087472969,3.692));
#3520=CARTESIAN_POINT('',(109.2,-88.9716463988996,3.692));
#3521=CARTESIAN_POINT('',(109.2,-75.2673771868242,3.692));
#3522=CARTESIAN_POINT('',(110.00000166893,-88.9716463988996,3.692));
#3523=CARTESIAN_POINT('',(106.700000849957,-88.9716463988996,3.692));
#3524=CARTESIAN_POINT('',(110.00000166893,-93.000001385808,3.692));
#3525=CARTESIAN_POINT('',(110.00000166893,-88.8796278797282,3.692));
#3526=CARTESIAN_POINT('',(109.2,-93.000001385808,3.692));
#3527=CARTESIAN_POINT('',(106.300000015492,-93.000001385808,3.692));
#3528=CARTESIAN_POINT('',(109.2,-94.1123154811671,3.692));
#3529=CARTESIAN_POINT('',(109.2,-75.2673771868242,3.692));
#3530=CARTESIAN_POINT('',(105.752799757509,-94.1123154811671,3.692));
#3531=CARTESIAN_POINT('',(101.819258038855,-94.1123154811671,3.692));
#3532=CARTESIAN_POINT('',(105.752799757509,-94.112,3.692));
#3533=CARTESIAN_POINT('',(105.752799757509,-90.0357849274077,3.692));
#3534=CARTESIAN_POINT('',(105.752799757509,-93.3123154811671,3.692));
#3535=CARTESIAN_POINT('',(105.752799757509,-90.0357849274077,3.692));
#3536=CARTESIAN_POINT('',(104.551852448646,-93.3123154811671,3.692));
#3537=CARTESIAN_POINT('',(106.300000015492,-93.3123154811671,3.692));
#3538=CARTESIAN_POINT('',(104.551852448646,-94.112,3.692));
#3539=CARTESIAN_POINT('',(104.551852448646,-90.0357849274077,3.692));
#3540=CARTESIAN_POINT('',(104.551852448646,-94.1123154811671,3.692));
#3541=CARTESIAN_POINT('',(104.551852448646,-90.0357849274077,3.692));
#3542=CARTESIAN_POINT('',(102.238516046726,-94.1123154811671,3.692));
#3543=CARTESIAN_POINT('',(101.819258038855,-94.1123154811671,3.692));
#3544=CARTESIAN_POINT('',(102.238516046726,-97.2,3.692));
#3545=CARTESIAN_POINT('',(102.238516046726,-90.0357849274077,3.692));
#3546=CARTESIAN_POINT('',(98.8814592291943,-97.2,3.692));
#3547=CARTESIAN_POINT('',(102.238516046726,-97.2,3.692));
#3548=CARTESIAN_POINT('',(98.8814592291943,-93.8126199100077,3.692));
#3549=CARTESIAN_POINT('',(98.8814592291943,-90.0509371418281,3.692));
#3550=CARTESIAN_POINT('',(98.5376407003694,-93.8126199100077,3.692));
#3551=CARTESIAN_POINT('',(100.14072963009,-93.3126199100077,3.692));
#3552=CARTESIAN_POINT('Origin',(95.6752813697541,-95.3426199100077,0.21));
#3553=CARTESIAN_POINT('',(95.6752813697541,-95.3426199100077,3.04378617097915));
#3554=CARTESIAN_POINT('',(95.6752813697541,-96.2713099550039,3.04378617097916));
#3555=CARTESIAN_POINT('',(95.6752813697541,-95.3426199100077,2.451));
#3556=CARTESIAN_POINT('Origin',(95.6752813697541,-95.3426199100077,0.21));
#3557=CARTESIAN_POINT('',(95.6752813697541,-93.8126199100077,0.21));
#3558=CARTESIAN_POINT('',(95.6752813697541,-93.8126199100077,4.692));
#3559=CARTESIAN_POINT('',(95.6752813697541,-95.3426199100077,0.21));
#3560=CARTESIAN_POINT('',(95.6752813697541,-95.3426199100077,0.21));
#3561=CARTESIAN_POINT('',(95.6752813697541,-95.3426199100077,2.95621391842781));
#3562=CARTESIAN_POINT('',(95.6752813697541,-95.3426199100077,4.692));
#3563=CARTESIAN_POINT('',(95.6752813697541,-96.2713099550039,2.9562139184278));
#3564=CARTESIAN_POINT('Origin',(96.075001437962,-97.2,2.2638784514867));
#3565=CARTESIAN_POINT('',(96.075001437962,-97.2,2.2638784514867));
#3566=CARTESIAN_POINT('',(96.075001437962,-97.2,2.2638784514867));
#3567=CARTESIAN_POINT('',(96.9250014379621,-97.2,2.2638784514867));
#3568=CARTESIAN_POINT('',(96.075001437962,-97.2,2.2638784514867));
#3569=CARTESIAN_POINT('',(96.9250014379621,-97.2,2.2638784514867));
#3570=CARTESIAN_POINT('Origin',(95.650001437962,-97.2,3.00000004470348));
#3571=CARTESIAN_POINT('',(95.650001437962,-95.370842954249,3.00000004470348));
#3572=CARTESIAN_POINT('',(94.8253152631836,-96.2915398369546,4.42839839971934));
#3573=CARTESIAN_POINT('',(95.650001437962,-97.2,3.00000004470348));
#3574=CARTESIAN_POINT('',(95.650001437962,-97.2,3.00000004470348));
#3575=CARTESIAN_POINT('',(95.650001437962,-97.2,3.00000004470348));
#3576=CARTESIAN_POINT('Origin',(96.075001437962,-97.2,3.73612163792026));
#3577=CARTESIAN_POINT('',(96.075001437962,-97.2,3.73612163792026));
#3578=CARTESIAN_POINT('',(96.075001437962,-97.2,3.73612163792026));
#3579=CARTESIAN_POINT('',(96.075001437962,-97.2,3.73612163792026));
#3580=CARTESIAN_POINT('',(95.5459299777602,-95.4870305076685,2.81974298801601));
#3581=CARTESIAN_POINT('Origin',(96.9250014379621,-97.2,3.73612163792026));
#3582=CARTESIAN_POINT('',(96.9250014379621,-97.2,3.73612163792026));
#3583=CARTESIAN_POINT('',(96.9250014379621,-97.2,3.73612163792026));
#3584=CARTESIAN_POINT('',(96.9250014379621,-97.2,3.73612163792026));
#3585=CARTESIAN_POINT('Origin',(97.3500014379621,-97.2,3.00000004470348));
#3586=CARTESIAN_POINT('',(97.3500014379621,-97.2,3.00000004470348));
#3587=CARTESIAN_POINT('',(97.3500014379621,-97.2,3.00000004470348));
#3588=CARTESIAN_POINT('',(97.3500014379621,-97.2,3.00000004470348));
#3589=CARTESIAN_POINT('Origin',(96.9250014379621,-97.2,2.2638784514867));
#3590=CARTESIAN_POINT('',(96.9250014379621,-97.2,2.2638784514867));
#3591=CARTESIAN_POINT('Origin',(105.652326110528,-97.2,3.86602546139271));
#3592=CARTESIAN_POINT('',(106.152326117979,-94.1123154811671,3.00000004470348));
#3593=CARTESIAN_POINT('',(105.046771119225,-94.1123154811671,4.91487747310735));
#3594=CARTESIAN_POINT('',(106.152326117979,-94.112,3.00000004470348));
#3595=CARTESIAN_POINT('',(106.152326117979,-97.2,3.00000004470348));
#3596=CARTESIAN_POINT('',(105.652326110528,-94.112,3.86602546139271));
#3597=CARTESIAN_POINT('Origin',(106.152326117979,-97.2,3.00000004470348));
#3598=CARTESIAN_POINT('',(105.652326110528,-94.1123154811671,2.13397462801426));
#3599=CARTESIAN_POINT('',(106.029428595194,-94.1123154811671,2.78713529111662));
#3600=CARTESIAN_POINT('',(105.652326110528,-94.112,2.13397462801426));
#3601=CARTESIAN_POINT('',(105.652326110528,-97.2,2.13397462801426));
#3602=CARTESIAN_POINT('',(106.152326117979,-94.112,3.00000004470348));
#3603=CARTESIAN_POINT('Origin',(105.652326110528,-97.2,2.13397462801426));
#3604=CARTESIAN_POINT('',(104.652326095627,-94.1123154811671,2.13397462801426));
#3605=CARTESIAN_POINT('',(103.945421078627,-94.1123154811671,2.13397462801426));
#3606=CARTESIAN_POINT('',(104.652326095627,-94.112,2.13397462801426));
#3607=CARTESIAN_POINT('',(104.652326095627,-97.2,2.13397462801426));
#3608=CARTESIAN_POINT('',(105.652326110528,-94.112,2.13397462801426));
#3609=CARTESIAN_POINT('Origin',(104.652326095627,-97.2,2.13397462801426));
#3610=CARTESIAN_POINT('',(104.152326088176,-94.1123154811671,3.00000004470348));
#3611=CARTESIAN_POINT('',(103.796771100598,-94.1123154811671,3.61583934807351));
#3612=CARTESIAN_POINT('',(104.152326088176,-94.112,3.00000004470348));
#3613=CARTESIAN_POINT('',(104.152326088176,-97.2,3.00000004470348));
#3614=CARTESIAN_POINT('',(104.652326095627,-94.112,2.13397462801426));
#3615=CARTESIAN_POINT('Origin',(104.727325993045,-97.2,2.26387851501388));
#3616=CARTESIAN_POINT('',(105.577325993045,-97.2,2.26387838795955));
#3617=CARTESIAN_POINT('',(104.727325993045,-97.2,2.26387851501388));
#3618=CARTESIAN_POINT('',(104.727325993045,-97.2,2.26387851501388));
#3619=CARTESIAN_POINT('',(105.577325993045,-94.112,2.26387838795955));
#3620=CARTESIAN_POINT('',(105.577325993045,-97.2,2.26387838795955));
#3621=CARTESIAN_POINT('',(104.727325993045,-94.112,2.26387851501388));
#3622=CARTESIAN_POINT('',(104.727325993045,-94.112,2.26387851501388));
#3623=CARTESIAN_POINT('',(104.727325993045,-97.2,2.26387851501388));
#3624=CARTESIAN_POINT('Origin',(104.302326103077,-97.2,3.00000017175781));
#3625=CARTESIAN_POINT('',(104.302326103077,-97.2,3.00000017175781));
#3626=CARTESIAN_POINT('',(104.302326103077,-97.2,3.00000017175781));
#3627=CARTESIAN_POINT('',(104.302326103077,-94.112,3.00000017175781));
#3628=CARTESIAN_POINT('',(104.302326103077,-94.112,3.00000017175781));
#3629=CARTESIAN_POINT('',(104.302326103077,-97.2,3.00000017175781));
#3630=CARTESIAN_POINT('Origin',(104.72732621311,-97.2,3.73612170144741));
#3631=CARTESIAN_POINT('',(104.72732621311,-97.2,3.73612170144741));
#3632=CARTESIAN_POINT('',(104.72732621311,-97.2,3.73612170144741));
#3633=CARTESIAN_POINT('',(104.72732621311,-94.112,3.73612170144741));
#3634=CARTESIAN_POINT('',(104.72732621311,-94.112,3.73612170144741));
#3635=CARTESIAN_POINT('',(104.72732621311,-97.2,3.73612170144741));
#3636=CARTESIAN_POINT('Origin',(105.57732621311,-97.2,3.73612157439309));
#3637=CARTESIAN_POINT('',(105.57732621311,-97.2,3.73612157439309));
#3638=CARTESIAN_POINT('',(105.57732621311,-97.2,3.73612157439309));
#3639=CARTESIAN_POINT('',(105.57732621311,-94.112,3.73612157439309));
#3640=CARTESIAN_POINT('',(105.57732621311,-94.112,3.73612157439309));
#3641=CARTESIAN_POINT('',(105.57732621311,-97.2,3.73612157439309));
#3642=CARTESIAN_POINT('Origin',(106.002326103077,-97.2,2.99999991764916));
#3643=CARTESIAN_POINT('',(106.002326103077,-97.2,2.99999991764916));
#3644=CARTESIAN_POINT('',(106.002326103077,-97.2,2.99999991764916));
#3645=CARTESIAN_POINT('',(106.002326103077,-94.112,2.99999991764916));
#3646=CARTESIAN_POINT('',(106.002326103077,-94.112,2.99999991764916));
#3647=CARTESIAN_POINT('',(106.002326103077,-97.2,2.99999991764916));
#3648=CARTESIAN_POINT('Origin',(105.577325993045,-97.2,2.26387838795955));
#3649=CARTESIAN_POINT('',(105.577325993045,-97.2,2.26387838795955));
#3650=CARTESIAN_POINT('',(105.577325993045,-94.112,2.26387838795955));
#3651=CARTESIAN_POINT('Origin',(104.152326088176,-97.2,3.00000004470348));
#3652=CARTESIAN_POINT('',(104.152326088176,-94.112,3.00000004470348));
#3653=CARTESIAN_POINT('',(104.279428569117,-94.1123154811671,3.22014799946123));
#3654=CARTESIAN_POINT('Origin',(105.152326103077,-94.112,3.00000004470348));
#3655=CARTESIAN_POINT('',(104.652326095627,-94.112,3.86602546139271));
#3656=CARTESIAN_POINT('',(104.277326090039,-94.112,3.21650639887579));
#3657=CARTESIAN_POINT('',(105.652326110528,-94.112,3.86602546139271));
#3658=CARTESIAN_POINT('',(104.902326099352,-94.112,3.86602546139271));
#3659=CARTESIAN_POINT('',(105.777326112391,-94.112,3.6495191072204));
#3660=CARTESIAN_POINT('Origin',(105.652326110528,-97.2,3.86602546139271));
#3661=CARTESIAN_POINT('',(105.652326110528,-93.3123154811671,3.86602546139271));
#3662=CARTESIAN_POINT('',(105.652326110528,-95.3123154811671,3.86602546139271));
#3663=CARTESIAN_POINT('',(105.046771119225,-93.3123154811671,4.91487747310735));
#3664=CARTESIAN_POINT('Origin',(104.652326095627,-97.2,3.86602546139271));
#3665=CARTESIAN_POINT('',(104.652326095627,-93.3123154811671,3.86602546139271));
#3666=CARTESIAN_POINT('',(104.652326095627,-95.3123154811671,3.86602546139271));
#3667=CARTESIAN_POINT('',(103.445421071176,-93.3123154811671,3.86602546139271));
#3668=CARTESIAN_POINT('Origin',(104.152326088176,-97.2,3.00000004470348));
#3669=CARTESIAN_POINT('',(104.279428569117,-93.3123154811671,3.22014799946123));
#3670=CARTESIAN_POINT('Origin',(102.238516046726,-94.1123154811671,4.692));
#3671=CARTESIAN_POINT('',(102.238516046726,-94.1123154811671,0.21));
#3672=CARTESIAN_POINT('',(102.238516046726,-94.1123154811671,4.692));
#3673=CARTESIAN_POINT('',(111.2,-94.1123154811671,1.692));
#3674=CARTESIAN_POINT('',(107.709629011681,-94.1123154811671,5.18237098831853));
#3675=CARTESIAN_POINT('',(111.2,-94.1123154811671,0.21));
#3676=CARTESIAN_POINT('',(111.2,-94.1123154811671,1.491));
#3677=CARTESIAN_POINT('',(111.2,-94.1123154811671,0.21));
#3678=CARTESIAN_POINT('Origin',(95.6752813697541,-93.8126199100077,4.692));
#3679=CARTESIAN_POINT('',(98.8814592291943,-93.8126199100077,0.21));
#3680=CARTESIAN_POINT('',(98.8814592291943,-93.8126199100077,4.692));
#3681=CARTESIAN_POINT('',(95.6752813697541,-93.8126199100077,0.21));
#3682=CARTESIAN_POINT('Origin',(90.0261637705198,-70.8185087472969,-11.81));
#3683=CARTESIAN_POINT('',(90.0261637705198,-68.468508747297,-11.81));
#3684=CARTESIAN_POINT('Origin',(90.0261637705198,-70.8185087472969,-11.81));
#3685=CARTESIAN_POINT('',(90.0261637705198,-69.7185087472969,-11.81));
#3686=CARTESIAN_POINT('Origin',(90.0261637705198,-70.8185087472969,-11.81));
#3687=CARTESIAN_POINT('Origin',(88.8261637705198,-70.8185087472969,-11.81));
#3688=CARTESIAN_POINT('',(88.8261637705198,-68.468508747297,-11.81));
#3689=CARTESIAN_POINT('Origin',(88.8261637705198,-70.8185087472969,-11.81));
#3690=CARTESIAN_POINT('',(88.8261637705198,-68.468508747297,-11.81));
#3691=CARTESIAN_POINT('Origin',(88.8261637705198,-88.57,-1.8));
#3692=CARTESIAN_POINT('',(90.7999995072197,-89.57,-2.8));
#3693=CARTESIAN_POINT('',(90.7999937223787,-87.57,-0.8));
#3694=CARTESIAN_POINT('',(90.7999995805231,-90.7049999681302,-3.93499996813016));
#3695=CARTESIAN_POINT('',(89.6999937223787,-87.57,-0.8));
#3696=CARTESIAN_POINT('',(90.7999937223787,-87.57,-0.8));
#3697=CARTESIAN_POINT('',(89.6999937223787,-89.57,-2.8));
#3698=CARTESIAN_POINT('',(89.6999937223787,-88.7775,-2.00749999999999));
#3699=CARTESIAN_POINT('',(88.8261637705198,-89.57,-2.8));
#3700=CARTESIAN_POINT('Origin',(90.8,-97.2,-1.71));
#3701=CARTESIAN_POINT('',(90.7999995072197,-89.57,-5.79747737612535));
#3702=CARTESIAN_POINT('',(90.7999995072197,-89.57,-1.70436934403134));
#3703=CARTESIAN_POINT('',(90.8,-97.2,-5.79747737612535));
#3704=CARTESIAN_POINT('',(90.7999994933094,-89.354618937222,-5.79747737612535));
#3705=CARTESIAN_POINT('',(90.8,-97.2,-15.71));
#3706=CARTESIAN_POINT('',(90.8,-97.2,-1.71));
#3707=CARTESIAN_POINT('',(90.7999982434606,-70.0024966005569,-15.71));
#3708=CARTESIAN_POINT('',(90.7999982434606,-70.0024966005569,-15.71));
#3709=CARTESIAN_POINT('',(90.7999982434606,-70.0024966005569,-13.5258450327383));
#3710=CARTESIAN_POINT('',(90.7999982434606,-70.0024966005569,-1.71));
#3711=CARTESIAN_POINT('',(90.7999982434606,-70.0024966005569,-10.0941549672617));
#3712=CARTESIAN_POINT('Origin',(90.7999982961624,-70.8185087472969,-11.81));
#3713=CARTESIAN_POINT('',(90.7999982434607,-70.0024966005569,-2.21));
#3714=CARTESIAN_POINT('',(90.7999982434606,-70.0024966005569,-1.71));
#3715=CARTESIAN_POINT('',(90.7999982434606,-70.0024966005569,-1.71));
#3716=CARTESIAN_POINT('',(90.7999982434607,-70.0024966005569,-2.21));
#3717=CARTESIAN_POINT('',(90.7999979704618,-65.7755,-1.71));
#3718=CARTESIAN_POINT('',(90.7999990218828,-82.0552516607313,-1.71));
#3719=CARTESIAN_POINT('',(90.7999979704618,-65.7755,2.292));
#3720=CARTESIAN_POINT('',(90.7999979704618,-65.7755,-1.71));
#3721=CARTESIAN_POINT('',(90.7999983930393,-72.3185091271737,2.292));
#3722=CARTESIAN_POINT('',(90.7999994610176,-88.8546275105921,2.292));
#3723=CARTESIAN_POINT('',(90.7999983930393,-72.3185091271737,1.692));
#3724=CARTESIAN_POINT('',(90.7999983930393,-72.3185091271737,1.491));
#3725=CARTESIAN_POINT('',(90.7999937223787,-87.57,1.69199434432824));
#3726=CARTESIAN_POINT('',(90.7999995982598,-90.9796275291225,1.692));
#3727=CARTESIAN_POINT('',(90.7999993780505,-87.57,0.345));
#3728=CARTESIAN_POINT('Origin',(88.8261637705198,-89.57,2.00000002980232));
#3729=CARTESIAN_POINT('',(89.6999937223787,-89.57,1.));
#3730=CARTESIAN_POINT('',(89.6999937223787,-89.57,-0.449369344031337));
#3731=CARTESIAN_POINT('',(88.8261637705198,-89.57,1.));
#3732=CARTESIAN_POINT('',(88.8261637705198,-89.57,1.));
#3733=CARTESIAN_POINT('',(88.8261637705198,-89.57,-5.79747737612535));
#3734=CARTESIAN_POINT('',(88.8261637705198,-89.57,-1.70436934403134));
#3735=CARTESIAN_POINT('',(100.82616377052,-89.57,-5.79747737612535));
#3736=CARTESIAN_POINT('Origin',(90.8,-97.2,-5.79747737612535));
#3737=CARTESIAN_POINT('',(88.8261637705198,-98.2,-5.79747737612535));
#3738=CARTESIAN_POINT('',(88.8261637705198,-75.7558669137326,-5.79747737612535));
#3739=CARTESIAN_POINT('',(89.8261637705198,-99.2,-5.79747737612535));
#3740=CARTESIAN_POINT('',(89.3196228278898,-98.6934590573701,-5.79747737612535));
#3741=CARTESIAN_POINT('',(90.8,-99.2,-5.79747737612535));
#3742=CARTESIAN_POINT('',(88.8261637705198,-99.2,-5.79747737612535));
#3743=CARTESIAN_POINT('',(90.8,-97.2,-5.79747737612535));
#3744=CARTESIAN_POINT('Origin',(89.8130818852599,-80.5092513369635,-15.71));
#3745=CARTESIAN_POINT('',(89.8261698438898,-63.8185026739269,-15.71));
#3746=CARTESIAN_POINT('',(89.8261637705198,-99.2,-15.71));
#3747=CARTESIAN_POINT('',(89.8261637705198,-75.2558739687602,-15.71));
#3748=CARTESIAN_POINT('',(90.7999982434606,-63.8185087472969,-15.71));
#3749=CARTESIAN_POINT('',(89.8261698438898,-63.8185026739269,-15.71));
#3750=CARTESIAN_POINT('',(90.7999982434606,-65.4375087472969,-15.71));
#3751=CARTESIAN_POINT('',(90.8,-99.2,-15.71));
#3752=CARTESIAN_POINT('',(90.8,-97.2,-15.71));
#3753=CARTESIAN_POINT('',(89.8261637705198,-99.2,-15.71));
#3754=CARTESIAN_POINT('Origin',(89.3261637705198,-75.2558739687602,-15.21));
#3755=CARTESIAN_POINT('',(88.8261637705198,-98.2,-14.71));
#3756=CARTESIAN_POINT('',(83.9224543226517,-93.2962905521319,-9.8062905521319));
#3757=CARTESIAN_POINT('',(88.8261637705198,-64.8185087472969,-14.71));
#3758=CARTESIAN_POINT('',(88.8261637705198,-75.2558739687602,-14.71));
#3759=CARTESIAN_POINT('',(85.2532695669426,-68.3914029508742,-11.1371057964228));
#3760=CARTESIAN_POINT('Origin',(89.8130818852599,-99.2,-10.7537386880627));
#3761=CARTESIAN_POINT('',(89.8261637705198,-99.2,-6.23186934403134));
#3762=CARTESIAN_POINT('',(90.8,-99.2,-15.71));
#3763=CARTESIAN_POINT('Origin',(90.8,-97.2,-15.71));
#3764=CARTESIAN_POINT('Origin',(89.3261637705198,-98.7,-6.23186934403134));
#3765=CARTESIAN_POINT('',(88.8261637705198,-98.2,-6.23186934403134));
#3766=CARTESIAN_POINT('Origin',(88.8261637705198,-70.8185087472969,-11.81));
#3767=CARTESIAN_POINT('',(91.3261637705198,-69.7185087472969,-11.81));
#3768=CARTESIAN_POINT('',(88.8261637705198,-69.7185087472969,-11.81));
#3769=CARTESIAN_POINT('Origin',(91.3261637705198,-70.8185087472969,-11.81));
#3770=CARTESIAN_POINT('Origin',(91.3261637705198,-70.8185087472969,-11.81));
#3771=CARTESIAN_POINT('',(91.3261637705198,-69.2185087472969,-11.81));
#3772=CARTESIAN_POINT('Origin',(91.3261637705198,-70.8185087472969,-11.81));
#3773=CARTESIAN_POINT('Origin',(88.8261637705198,-70.8185087472969,-11.81));
#3774=CARTESIAN_POINT('',(91.0261637705198,-68.9185087472969,-11.81));
#3775=CARTESIAN_POINT('Origin',(91.0261637705198,-70.8185087472969,-11.81));
#3776=CARTESIAN_POINT('',(90.7999982434606,-68.9185087472969,-11.81));
#3777=CARTESIAN_POINT('',(88.8261637705198,-68.9185087472969,-11.81));
#3778=CARTESIAN_POINT('Origin',(90.7999982434606,-70.8185087472969,-11.81));
#3779=CARTESIAN_POINT('Origin',(90.7999982434606,-70.8185087472969,-11.81));
#3780=CARTESIAN_POINT('Origin',(91.1761637705198,-70.8185087472969,-11.81));
#3781=CARTESIAN_POINT('',(91.1761637705198,-69.0685087472969,-11.81));
#3782=CARTESIAN_POINT('Origin',(106.719258023363,-96.2561577405835,0.21));
#3783=CARTESIAN_POINT('',(111.2,-97.2,0.21));
#3784=CARTESIAN_POINT('',(111.2,-80.5439077405835,0.21));
#3785=CARTESIAN_POINT('',(102.238516046726,-97.2,0.21));
#3786=CARTESIAN_POINT('',(108.959629011681,-97.2,0.21));
#3787=CARTESIAN_POINT('',(102.238516046726,-95.3123154811671,0.21));
#3788=CARTESIAN_POINT('Origin',(111.2,-65.7755,-1.71));
#3789=CARTESIAN_POINT('',(111.2,-93.000001385808,1.692));
#3790=CARTESIAN_POINT('',(111.2,-75.2673771868242,1.692));
#3791=CARTESIAN_POINT('',(111.2,-93.000001385808,-5.71));
#3792=CARTESIAN_POINT('',(111.2,-93.000001385808,-1.71));
#3793=CARTESIAN_POINT('',(111.2,-97.2,-5.71));
#3794=CARTESIAN_POINT('',(111.2,-73.5470043736485,-5.71));
#3795=CARTESIAN_POINT('',(111.2,-97.2,-1.71));
#3796=CARTESIAN_POINT('Origin',(100.82616377052,-81.3185087472969,-5.71));
#3797=CARTESIAN_POINT('',(112.82616377052,-93.000001385808,-5.71));
#3798=CARTESIAN_POINT('',(106.413082719725,-93.000001385808,-5.71));
#3799=CARTESIAN_POINT('',(112.82616377052,-97.2,-5.71));
#3800=CARTESIAN_POINT('',(112.82616377052,-72.5685087472969,-5.71));
#3801=CARTESIAN_POINT('',(94.8261637705198,-97.2,-5.71));
#3802=CARTESIAN_POINT('Origin',(100.82616377052,-66.9105026739269,-1.71));
#3803=CARTESIAN_POINT('',(93.1839071428206,-65.4370174945939,-1.71));
#3804=CARTESIAN_POINT('',(93.7002593625391,-64.4481394082395,-1.71));
#3805=CARTESIAN_POINT('',(92.6947477543847,-65.7755,-1.71));
#3806=CARTESIAN_POINT('',(95.178496343074,-64.0568261587665,-1.71));
#3807=CARTESIAN_POINT('',(95.8130808704908,-65.7755,-1.71));
#3808=CARTESIAN_POINT('Origin',(97.5988377788595,-63.8185087472969,1.18234908410808));
#3809=CARTESIAN_POINT('',(104.03883777886,-65.4370174945939,1.18234908410809));
#3810=CARTESIAN_POINT('',(97.5988377788595,-65.4370174945939,1.18234908410808));
#3811=CARTESIAN_POINT('',(95.3913724608401,-65.4370174945939,1.18234908410808));
#3812=CARTESIAN_POINT('',(104.03883777886,-63.8185087472969,1.18234908410809));
#3813=CARTESIAN_POINT('',(104.03883777886,-63.8185087472969,1.18234908410809));
#3814=CARTESIAN_POINT('',(97.5988377788595,-63.8185087472969,1.18234908410808));
#3815=CARTESIAN_POINT('',(93.2125007746896,-63.8185087472969,1.18234908410808));
#3816=CARTESIAN_POINT('',(97.5988377788595,-63.8185087472969,1.18234908410808));
#3817=CARTESIAN_POINT('Origin',(100.82616377052,-66.9105026739269,-1.71));
#3818=CARTESIAN_POINT('',(108.468420398219,-65.4370174945939,-1.71));
#3819=CARTESIAN_POINT('',(111.2,-70.0024966005569,-1.71));
#3820=CARTESIAN_POINT('',(109.151522628408,-66.5787337957152,-1.71));
#3821=CARTESIAN_POINT('',(111.2,-65.7755,-1.71));
#3822=CARTESIAN_POINT('',(111.2,-66.3430013369635,-1.71));
#3823=CARTESIAN_POINT('',(108.957579786655,-65.7755,-1.71));
#3824=CARTESIAN_POINT('',(104.891871778587,-65.7755,-1.71));
#3825=CARTESIAN_POINT('',(106.229251503748,-63.8875849060634,-1.71));
#3826=CARTESIAN_POINT('Origin',(111.2,-70.0024966005569,-2.71));
#3827=CARTESIAN_POINT('',(111.2,-70.0024966005569,-2.21));
#3828=CARTESIAN_POINT('',(108.468714320463,-65.4375087472969,-2.21));
#3829=CARTESIAN_POINT('',(109.151522628408,-66.5787337957152,-2.21));
#3830=CARTESIAN_POINT('',(111.2,-70.0024966005569,-2.21));
#3831=CARTESIAN_POINT('',(108.468420398219,-65.4370174945939,-2.71));
#3832=CARTESIAN_POINT('',(108.468420398219,-65.4370174945939,-2.71));
#3833=CARTESIAN_POINT('',(108.468714320463,-65.4375087472969,-2.71));
#3834=CARTESIAN_POINT('',(109.151522628408,-66.5787337957152,-2.71));
#3835=CARTESIAN_POINT('',(108.468714320463,-65.437508747297,-3.71));
#3836=CARTESIAN_POINT('Origin',(112.00000166893,-93.000001385808,-1.71));
#3837=CARTESIAN_POINT('',(112.00000166893,-88.9716463988996,1.692));
#3838=CARTESIAN_POINT('',(112.00000166893,-93.000001385808,1.692));
#3839=CARTESIAN_POINT('',(112.00000166893,-88.8796278797282,1.692));
#3840=CARTESIAN_POINT('',(112.00000166893,-88.9716463988996,-5.21));
#3841=CARTESIAN_POINT('',(112.00000166893,-88.9716463988996,-1.71));
#3842=CARTESIAN_POINT('',(112.00000166893,-93.000001385808,-5.21));
#3843=CARTESIAN_POINT('',(112.00000166893,-91.9929126390809,-5.21));
#3844=CARTESIAN_POINT('',(112.00000166893,-93.000001385808,-1.71));
#3845=CARTESIAN_POINT('Origin',(100.82616377052,-66.9105026739269,-2.71));
#3846=CARTESIAN_POINT('',(90.800001385808,-65.4375087472969,-2.71));
#3847=CARTESIAN_POINT('',(92.6195915282088,-65.4375087472969,-2.71));
#3848=CARTESIAN_POINT('',(96.9130825781639,-65.4375087472969,-2.71));
#3849=CARTESIAN_POINT('',(90.7999982434606,-68.9222539592882,-2.71));
#3850=CARTESIAN_POINT('',(93.2570433963586,-64.2167099215212,-2.71));
#3851=CARTESIAN_POINT('',(90.7999982434606,-68.4564996372419,-2.71));
#3852=CARTESIAN_POINT('Origin',(109.000001624227,-63.8185087472969,-2.71));
#3853=CARTESIAN_POINT('',(93.1839071428206,-65.4370174945939,-2.71));
#3854=CARTESIAN_POINT('',(93.1836506304889,-65.4375087472969,-2.71));
#3855=CARTESIAN_POINT('',(93.7002593625391,-64.4481394082395,-2.71));
#3856=CARTESIAN_POINT('',(111.2,-65.4375087472969,-2.71));
#3857=CARTESIAN_POINT('',(104.647292084369,-65.4370174945939,-2.71));
#3858=CARTESIAN_POINT('Origin',(90.7999979704618,-65.7755,-1.71));
#3859=CARTESIAN_POINT('',(92.6947477543847,-65.7755,2.292));
#3860=CARTESIAN_POINT('',(95.8130808704908,-65.7755,2.292));
#3861=CARTESIAN_POINT('',(92.6947477543847,-65.7755,-1.71));
#3862=CARTESIAN_POINT('Origin',(92.6947477543847,-65.7755,-1.71));
#3863=CARTESIAN_POINT('',(93.1839071428206,-65.4370174945939,2.292));
#3864=CARTESIAN_POINT('',(91.9969389232097,-66.2583611840118,2.292));
#3865=CARTESIAN_POINT('',(93.1839071428206,-65.4370174945939,-1.71));
#3866=CARTESIAN_POINT('Origin',(90.7999983930393,-72.3185091271737,4.692));
#3867=CARTESIAN_POINT('',(91.3999983930393,-72.3185090884229,2.292));
#3868=CARTESIAN_POINT('',(95.8130808172816,-72.3185088034058,2.292));
#3869=CARTESIAN_POINT('',(92.0499983930393,-72.3185090464429,2.94200000000001));
#3870=CARTESIAN_POINT('Origin',(93.1839071428206,-65.4370174945939,-2.71));
#3871=CARTESIAN_POINT('',(93.1836506304889,-65.4375087472969,-2.21));
#3872=CARTESIAN_POINT('',(93.7002593625391,-64.4481394082395,-2.21));
#3873=CARTESIAN_POINT('',(93.1836506304889,-65.437508747297,-3.71));
#3874=CARTESIAN_POINT('',(93.1839071428206,-65.4370174945939,-2.71));
#3875=CARTESIAN_POINT('Origin',(109.366055485926,-66.4503762753086,-2.46));
#3876=CARTESIAN_POINT('',(109.051375650041,-65.4375087472969,-2.71));
#3877=CARTESIAN_POINT('',(109.054526341868,-65.437508747297,-2.71270370768308));
#3878=CARTESIAN_POINT('',(111.2,-69.0286541672966,-2.71));
#3879=CARTESIAN_POINT('',(109.580588343445,-66.322018754902,-2.71));
#3880=CARTESIAN_POINT('',(111.2,-66.9751556138011,-3.7643279299407));
#3881=CARTESIAN_POINT('Origin',(100.82616377052,-66.9105026739269,-2.71));
#3882=CARTESIAN_POINT('',(111.200001624227,-65.4375087472969,-2.71));
#3883=CARTESIAN_POINT('',(104.913082697373,-65.4375087472969,-2.71));
#3884=CARTESIAN_POINT('',(111.2,-68.4564996372419,-2.71));
#3885=CARTESIAN_POINT('Origin',(93.4786513794488,-64.3324246648803,-2.46));
#3886=CARTESIAN_POINT('',(92.4603173259435,-65.437508747297,-2.85118573888925));
#3887=CARTESIAN_POINT('',(90.7999982434606,-67.5247228698783,-3.35685980538996));
#3888=CARTESIAN_POINT('Origin',(100.82616377052,-81.3185087472969,-5.71));
#3889=CARTESIAN_POINT('',(91.6999982434606,-63.8185087472969,-5.71));
#3890=CARTESIAN_POINT('',(91.6999982434606,-65.4375087472969,-5.71));
#3891=CARTESIAN_POINT('',(91.6999982434606,-75.6605026739269,-5.71));
#3892=CARTESIAN_POINT('',(111.2,-63.8184966005569,-5.71));
#3893=CARTESIAN_POINT('',(94.8261637705198,-63.8185087472969,-5.71));
#3894=CARTESIAN_POINT('',(111.82616377052,-63.8184966005569,-5.71));
#3895=CARTESIAN_POINT('',(94.8261637705198,-63.8185087472969,-5.71));
#3896=CARTESIAN_POINT('',(112.82616377052,-64.8185087472969,-5.71));
#3897=CARTESIAN_POINT('',(113.70116377052,-65.6935087472969,-5.71));
#3898=CARTESIAN_POINT('',(112.82616377052,-88.9716463988996,-5.71));
#3899=CARTESIAN_POINT('',(112.82616377052,-72.5685087472969,-5.71));
#3900=CARTESIAN_POINT('',(111.2,-88.9716463988996,-5.71));
#3901=CARTESIAN_POINT('',(106.82616377052,-88.9716463988996,-5.71));
#3902=CARTESIAN_POINT('',(111.2,-65.4375087472969,-5.71));
#3903=CARTESIAN_POINT('',(111.2,-73.5470043736485,-5.71));
#3904=CARTESIAN_POINT('',(100.913081446125,-65.4375087472969,-5.71));
#3905=CARTESIAN_POINT('Origin',(89.8261698438898,-63.8185026739269,-5.71));
#3906=CARTESIAN_POINT('',(89.8261637705198,-63.8184966005569,-5.71));
#3907=CARTESIAN_POINT('',(89.8261698438898,-63.8185026739269,-5.71));
#3908=CARTESIAN_POINT('',(90.7999982434606,-63.8184966005569,-5.71));
#3909=CARTESIAN_POINT('',(94.8261637705198,-63.8185087472969,-5.71));
#3910=CARTESIAN_POINT('',(90.7999982434606,-63.8185087472969,-6.61));
#3911=CARTESIAN_POINT('',(90.7999982434606,-63.8185087472969,-5.71));
#3912=CARTESIAN_POINT('',(90.7999982434606,-63.8185087472969,-5.71));
#3913=CARTESIAN_POINT('Origin',(100.82616377052,-80.5092543736485,2.292));
#3914=CARTESIAN_POINT('',(93.8607749184251,-66.263556221251,2.292));
#3915=CARTESIAN_POINT('',(93.8607749184251,-68.763556221251,2.292));
#3916=CARTESIAN_POINT('',(93.8607749184251,-73.6114052974497,2.292));
#3917=CARTESIAN_POINT('',(96.0488377788595,-68.763556221251,2.292));
#3918=CARTESIAN_POINT('',(98.3684693444724,-68.7635562212511,2.292));
#3919=CARTESIAN_POINT('',(96.0488377788595,-72.3185087472969,2.292));
#3920=CARTESIAN_POINT('',(96.0488377788595,-72.9731359341212,2.292));
#3921=CARTESIAN_POINT('',(95.8130808172816,-72.3185088034058,2.292));
#3922=CARTESIAN_POINT('',(96.0488377788595,-65.4370174945939,2.292));
#3923=CARTESIAN_POINT('',(97.0050354566702,-65.4370174945939,2.292));
#3924=CARTESIAN_POINT('',(96.0488377788595,-66.263556221251,2.292));
#3925=CARTESIAN_POINT('',(96.0488377788595,-66.213556221251,2.292));
#3926=CARTESIAN_POINT('',(93.8607749184251,-66.263556221251,2.292));
#3927=CARTESIAN_POINT('Origin',(90.7999937223787,-87.57,2.4));
#3928=CARTESIAN_POINT('',(91.5079993780505,-87.57,2.4));
#3929=CARTESIAN_POINT('',(90.6769980191849,-87.5700000000001,1.56899864113439));
#3930=CARTESIAN_POINT('',(89.6999937223787,-87.57,2.4));
#3931=CARTESIAN_POINT('',(89.8130787464493,-87.57,2.4));
#3932=CARTESIAN_POINT('',(89.6999937223787,-87.57,-0.8));
#3933=CARTESIAN_POINT('Origin',(91.2499982434606,-75.6605026739269,-6.16));
#3934=CARTESIAN_POINT('',(91.7565396252254,-63.8185087472969,-5.65345861823522));
#3935=CARTESIAN_POINT('',(90.7999982434606,-65.4375087472969,-6.61));
#3936=CARTESIAN_POINT('',(94.0499984630281,-65.4375087472969,-3.35999978043258));
#3937=CARTESIAN_POINT('',(90.7999982434606,-75.6605026739269,-6.61));
#3938=CARTESIAN_POINT('Origin',(100.99999912173,-65.4375087472969,-4.71));
#3939=CARTESIAN_POINT('',(111.2,-65.4375087472969,-2.18795716687951));
#3940=CARTESIAN_POINT('',(90.7999982434606,-65.437508747297,-3.8550000372529));
#3941=CARTESIAN_POINT('Origin',(90.7999982434606,-70.0024966005569,-2.71));
#3942=CARTESIAN_POINT('Origin',(112.413082719725,-90.9858238923538,-5.21));
#3943=CARTESIAN_POINT('',(112.82616377052,-88.9716463988996,-5.21));
#3944=CARTESIAN_POINT('',(112.00000166893,-88.9716463988996,-5.21));
#3945=CARTESIAN_POINT('',(112.82616377052,-93.000001385808,-5.21));
#3946=CARTESIAN_POINT('',(112.82616377052,-77.4021663198254,-5.21));
#3947=CARTESIAN_POINT('',(112.00000166893,-93.000001385808,-5.21));
#3948=CARTESIAN_POINT('Origin',(96.4465244931628,-96.2713099550039,0.21));
#3949=CARTESIAN_POINT('',(98.8814592291943,-97.2,0.21));
#3950=CARTESIAN_POINT('',(98.8814592291943,-95.3426199100077,0.21));
#3951=CARTESIAN_POINT('',(94.0115897571312,-97.2,0.21));
#3952=CARTESIAN_POINT('',(103.823262246581,-97.2,0.21));
#3953=CARTESIAN_POINT('',(95.6752813697541,-95.3426199100077,0.21));
#3954=CARTESIAN_POINT('Origin',(88.8261637705198,-89.77,2.4));
#3955=CARTESIAN_POINT('',(91.508,-97.2,2.4));
#3956=CARTESIAN_POINT('',(91.507999260147,-85.7444326560574,2.4));
#3957=CARTESIAN_POINT('',(88.8261637705198,-97.2,2.4));
#3958=CARTESIAN_POINT('',(94.8261637705198,-97.2,2.4));
#3959=CARTESIAN_POINT('',(88.8261637705198,-90.97,2.4));
#3960=CARTESIAN_POINT('',(88.8261637705198,-75.2558669137326,2.4));
#3961=CARTESIAN_POINT('',(89.6999937223787,-90.97,2.4));
#3962=CARTESIAN_POINT('',(88.8261637705198,-90.97,2.4));
#3963=CARTESIAN_POINT('',(89.6999937223788,-90.885,2.4));
#3964=CARTESIAN_POINT('Origin',(91.7999995982598,-90.979627464538,2.692));
#3965=CARTESIAN_POINT('',(92.0499983930393,-72.3185090464429,2.94200000000001));
#3966=CARTESIAN_POINT('',(91.5565408421949,-97.2,2.44854084219491));
#3967=CARTESIAN_POINT('Origin',(96.6818467274252,-72.3185087472969,4.692));
#3968=CARTESIAN_POINT('',(96.0488377788595,-72.3185087472969,3.44234908410812));
#3969=CARTESIAN_POINT('',(96.0488377788595,-72.3185087881796,3.492));
#3970=CARTESIAN_POINT('Origin',(97.5988377788595,-72.3185086880735,3.44234908410812));
#3971=CARTESIAN_POINT('Origin',(96.0488377788595,-63.8185087472969,3.44234908410812));
#3972=CARTESIAN_POINT('',(96.0488377788595,-68.763556221251,3.44234908410812));
#3973=CARTESIAN_POINT('',(96.0488377788595,-68.7635562212511,4.11717454205406));
#3974=CARTESIAN_POINT('',(96.0488377788595,-63.8185087472969,3.44234908410812));
#3975=CARTESIAN_POINT('Origin',(94.3107749184251,-68.763556221251,2.292));
#3976=CARTESIAN_POINT('',(93.8607749184251,-68.763556221251,4.375));
#3977=CARTESIAN_POINT('',(93.8607749184251,-68.763556221251,2.292));
#3978=CARTESIAN_POINT('',(95.1107749184251,-68.763556221251,4.375));
#3979=CARTESIAN_POINT('',(94.7107749184251,-68.763556221251,4.375));
#3980=CARTESIAN_POINT('',(96.3607749184251,-68.763556221251,4.375));
#3981=CARTESIAN_POINT('',(94.7107749184251,-68.763556221251,4.375));
#3982=CARTESIAN_POINT('',(96.3607749184251,-68.763556221251,4.37492634826004));
#3983=CARTESIAN_POINT('',(96.3607749184251,-68.763556221251,2.292));
#3984=CARTESIAN_POINT('Origin',(97.5988377788595,-68.763556221251,3.44234908410812));
#3985=CARTESIAN_POINT('Origin',(93.8607749184251,-66.713556221251,2.292));
#3986=CARTESIAN_POINT('',(93.8607749184251,-66.263556221251,4.375));
#3987=CARTESIAN_POINT('',(93.8607749184251,-66.263556221251,2.81275));
#3988=CARTESIAN_POINT('',(93.8607749184251,-67.513556221251,4.375));
#3989=CARTESIAN_POINT('',(93.8607749184251,-66.788556221251,4.375));
#3990=CARTESIAN_POINT('',(93.8607749184251,-67.438556221251,4.375));
#3991=CARTESIAN_POINT('Origin',(95.1107749184251,-66.263556221251,3.3335));
#3992=CARTESIAN_POINT('',(96.0488377788595,-66.263556221251,3.44234908410812));
#3993=CARTESIAN_POINT('',(96.0488377788595,-66.263556221251,2.292));
#3994=CARTESIAN_POINT('',(96.3607749184251,-66.263556221251,4.37492634826001));
#3995=CARTESIAN_POINT('Origin',(97.5988377788595,-66.263556221251,3.44234908410812));
#3996=CARTESIAN_POINT('',(96.3607749184251,-66.263556221251,4.375));
#3997=CARTESIAN_POINT('',(96.3607749184251,-66.263556221251,2.81275));
#3998=CARTESIAN_POINT('',(95.1107749184251,-66.263556221251,4.375));
#3999=CARTESIAN_POINT('',(95.1107749184251,-66.263556221251,4.375));
#4000=CARTESIAN_POINT('',(95.1107749184251,-66.263556221251,4.375));
#4001=CARTESIAN_POINT('Origin',(102.238516046726,-97.2,4.692));
#4002=CARTESIAN_POINT('',(102.238516046726,-97.2,1.491));
#4003=CARTESIAN_POINT('Origin',(94.0115897571312,-97.2,4.692));
#4004=CARTESIAN_POINT('',(94.0115897571312,-97.2,1.491));
#4005=CARTESIAN_POINT('Origin',(112.82616377052,-63.8185087472969,-1.71));
#4006=CARTESIAN_POINT('',(112.82616377052,-64.8185087472969,5.192));
#4007=CARTESIAN_POINT('',(112.82616377052,-64.8185087472969,-1.71));
#4008=CARTESIAN_POINT('',(112.82616377052,-97.2,5.192));
#4009=CARTESIAN_POINT('',(112.82616377052,-72.1638815604727,5.192));
#4010=CARTESIAN_POINT('',(112.82616377052,-97.2,-1.71));
#4011=CARTESIAN_POINT('',(112.82616377052,-93.000001385808,-3.71));
#4012=CARTESIAN_POINT('',(112.82616377052,-88.9716463988996,-3.71));
#4013=CARTESIAN_POINT('Origin',(112.32616377052,-64.3185087472969,-1.71));
#4014=CARTESIAN_POINT('',(111.82616377052,-63.8185087472969,5.192));
#4015=CARTESIAN_POINT('',(111.82616377052,-63.8185087472969,-1.71));
#4016=CARTESIAN_POINT('',(111.82616377052,-63.8185087472969,5.192));
#4017=CARTESIAN_POINT('Origin',(104.03883777886,-63.8185087472969,2.73234908410811));
#4018=CARTESIAN_POINT('',(105.58883777886,-65.4370174945939,2.73234908410811));
#4019=CARTESIAN_POINT('Origin',(104.03883777886,-65.4370174945939,2.73234908410811));
#4020=CARTESIAN_POINT('',(105.58883777886,-63.8185087472969,2.73234908410811));
#4021=CARTESIAN_POINT('',(105.58883777886,-63.8185087472969,2.73234908410811));
#4022=CARTESIAN_POINT('Origin',(104.03883777886,-63.8185087472969,2.73234908410811));
#4023=CARTESIAN_POINT('Origin',(93.1839071428206,-65.4370174945939,-1.71));
#4024=CARTESIAN_POINT('',(108.468420398219,-65.4370174945939,4.692));
#4025=CARTESIAN_POINT('',(108.468420398219,-65.4370174945939,-1.71));
#4026=CARTESIAN_POINT('',(104.955828830294,-65.4370174945939,4.692));
#4027=CARTESIAN_POINT('',(108.468420398219,-65.4370174945939,4.692));
#4028=CARTESIAN_POINT('',(105.58883777886,-65.4370174945939,3.44234908410812));
#4029=CARTESIAN_POINT('Origin',(104.03883777886,-65.4370174945939,3.44234908410812));
#4030=CARTESIAN_POINT('',(105.58883777886,-65.4370174945939,0.511174542053898));
#4031=CARTESIAN_POINT('',(96.0488377788595,-65.4370174945939,2.7323490841081));
#4032=CARTESIAN_POINT('Origin',(97.5988377788595,-65.4370174945939,2.7323490841081));
#4033=CARTESIAN_POINT('',(96.0488377788595,-65.4370174945939,2.292));
#4034=CARTESIAN_POINT('Origin',(108.468420398219,-65.4370174945939,-1.71));
#4035=CARTESIAN_POINT('',(108.957579786655,-65.7755,4.692));
#4036=CARTESIAN_POINT('',(108.957579786655,-65.7755,-1.71));
#4037=CARTESIAN_POINT('',(108.957579786655,-65.7755,4.692));
#4038=CARTESIAN_POINT('Origin',(108.957579786655,-65.7755,-1.71));
#4039=CARTESIAN_POINT('',(111.2,-65.7755,2.692));
#4040=CARTESIAN_POINT('',(111.2,-65.7755,-1.71));
#4041=CARTESIAN_POINT('',(109.2,-65.7755,4.692));
#4042=CARTESIAN_POINT('',(111.239894946664,-65.7755,2.65210505333629));
#4043=CARTESIAN_POINT('',(111.2,-65.7755,4.692));
#4044=CARTESIAN_POINT('Origin',(111.2,-65.7755,-1.71));
#4045=CARTESIAN_POINT('',(111.2,-72.3185087472969,1.692));
#4046=CARTESIAN_POINT('',(111.2,-72.3185087472969,2.692));
#4047=CARTESIAN_POINT('',(111.2,-72.3185087472969,1.491));
#4048=CARTESIAN_POINT('',(111.2,-73.1423771868242,2.692));
#4049=CARTESIAN_POINT('',(111.2,-88.9716463988996,1.692));
#4050=CARTESIAN_POINT('',(111.2,-88.9716463988996,-1.71));
#4051=CARTESIAN_POINT('',(111.2,-75.2673771868242,1.692));
#4052=CARTESIAN_POINT('Origin',(100.81883777886,-72.3185087472969,3.08734908410811));
#4053=CARTESIAN_POINT('',(107.755872173688,-72.3185087472969,5.13612782631215));
#4054=CARTESIAN_POINT('',(104.955828830294,-72.3185087472969,4.692));
#4055=CARTESIAN_POINT('Origin',(104.03883777886,-72.3185087472969,3.44234908410812));
#4056=CARTESIAN_POINT('',(109.2,-72.3185087472969,4.692));
#4057=CARTESIAN_POINT('',(98.7540052489725,-72.3185087472969,4.692));
#4058=CARTESIAN_POINT('',(108.005872173688,-72.3185087472969,5.88612782631215));
#4059=CARTESIAN_POINT('Origin',(98.8814592291943,-95.3426199100077,4.692));
#4060=CARTESIAN_POINT('',(98.8814592291943,-97.2,1.491));
#4061=CARTESIAN_POINT('Origin',(88.8261637705198,-97.2,4.692));
#4062=CARTESIAN_POINT('',(111.82616377052,-97.2,6.192));
#4063=CARTESIAN_POINT('',(106.70116377052,-97.2,11.317));
#4064=CARTESIAN_POINT('',(89.8261637705198,-97.2,6.192));
#4065=CARTESIAN_POINT('',(112.82616377052,-97.2,6.192));
#4066=CARTESIAN_POINT('',(88.8261637705198,-97.2,5.192));
#4067=CARTESIAN_POINT('',(88.9511637705198,-97.2,5.317));
#4068=CARTESIAN_POINT('',(88.8261637705198,-97.2,-1.71));
#4069=CARTESIAN_POINT('Origin',(88.8261637705198,-63.8185087472969,-1.71));
#4070=CARTESIAN_POINT('',(89.8261637705198,-63.8185087472969,5.192));
#4071=CARTESIAN_POINT('',(89.8261637705198,-63.8185087472969,-1.71));
#4072=CARTESIAN_POINT('',(94.8261637705198,-63.8185087472969,5.192));
#4073=CARTESIAN_POINT('',(105.58883777886,-63.8185087472969,3.44234908410812));
#4074=CARTESIAN_POINT('',(105.58883777886,-63.8185087472969,0.511174542053843));
#4075=CARTESIAN_POINT('',(104.03883777886,-63.8185087472969,4.99234908410814));
#4076=CARTESIAN_POINT('Origin',(104.03883777886,-63.8185087472969,3.44234908410812));
#4077=CARTESIAN_POINT('',(97.5988377788595,-63.8185087472969,4.99234908410813));
#4078=CARTESIAN_POINT('',(96.4325007746897,-63.8185087472969,4.99234908410813));
#4079=CARTESIAN_POINT('',(96.0488377788595,-63.8185087472969,3.44234908410812));
#4080=CARTESIAN_POINT('Origin',(97.5988377788595,-63.8185087472969,3.44234908410812));
#4081=CARTESIAN_POINT('',(96.0488377788595,-63.8185087472969,2.7323490841081));
#4082=CARTESIAN_POINT('',(96.0488377788594,-63.8185087472969,0.866174542053967));
#4083=CARTESIAN_POINT('Origin',(97.5988377788595,-63.8185087472969,2.7323490841081));
#4084=CARTESIAN_POINT('Origin',(95.1107749184251,-68.163556221251,4.375));
#4085=CARTESIAN_POINT('',(96.3607749184251,-67.513556221251,4.375));
#4086=CARTESIAN_POINT('Origin',(95.1107749184251,-67.513556221251,4.375));
#4087=CARTESIAN_POINT('',(96.3607749184251,-68.238556221251,4.375));
#4088=CARTESIAN_POINT('Origin',(96.3607749184251,-68.313556221251,2.292));
#4089=CARTESIAN_POINT('',(96.3607749184251,-67.588556221251,4.375));
#4090=CARTESIAN_POINT('',(96.3607749184251,-63.8185087472969,4.37492634826004));
#4091=CARTESIAN_POINT('Origin',(95.1107749184251,-66.863556221251,4.375));
#4092=CARTESIAN_POINT('Origin',(95.1107749184251,-67.513556221251,4.375));
#4093=CARTESIAN_POINT('Origin',(95.1107749184251,-66.863556221251,4.375));
#4094=CARTESIAN_POINT('Origin',(95.1107749184251,-67.513556221251,4.375));
#4095=CARTESIAN_POINT('Origin',(95.1107749184251,-68.163556221251,4.375));
#4096=CARTESIAN_POINT('Origin',(95.1107749184251,-67.513556221251,4.375));
#4097=CARTESIAN_POINT('Origin',(95.1107749184251,-67.513556221251,6.192));
#4098=CARTESIAN_POINT('',(96.3607749184251,-67.513556221251,6.192));
#4099=CARTESIAN_POINT('',(96.3607749184251,-67.513556221251,6.192));
#4100=CARTESIAN_POINT('Origin',(95.1107749184251,-67.513556221251,6.192));
#4101=CARTESIAN_POINT('Origin',(100.82616377052,-80.5092543736485,6.192));
#4102=CARTESIAN_POINT('',(89.8261637705198,-64.8185087472969,6.192));
#4103=CARTESIAN_POINT('',(89.8261637705198,-75.2558754871027,6.192));
#4104=CARTESIAN_POINT('',(111.82616377052,-64.8185087472969,6.192));
#4105=CARTESIAN_POINT('',(111.82616377052,-72.1638815604727,6.192));
#4106=CARTESIAN_POINT('',(94.8261637705198,-64.8185087472969,6.192));
#4107=CARTESIAN_POINT('',(107.239000929603,-68.426550934454,6.192));
#4108=CARTESIAN_POINT('Origin',(106.531356747262,-68.426550934454,6.192));
#4109=CARTESIAN_POINT('Origin',(97.5988377788595,-63.8185087472969,3.44234908410812));
#4110=CARTESIAN_POINT('',(96.0488377788595,-66.213556221251,3.44234908410812));
#4111=CARTESIAN_POINT('',(97.5988377788595,-80.5185087472969,4.99234908410813));
#4112=CARTESIAN_POINT('',(97.5988377788595,-63.8185087472969,4.99234908410813));
#4113=CARTESIAN_POINT('Origin',(97.5988377788595,-80.5185087472969,3.44234908410812));
#4114=CARTESIAN_POINT('Origin',(96.0488377788595,-63.8185087472969,3.44234908410812));
#4115=CARTESIAN_POINT('',(96.0488377788595,-63.8185087472969,2.7323490841081));
#4116=CARTESIAN_POINT('Origin',(104.03883777886,-81.168508747297,3.44234908410812));
#4117=CARTESIAN_POINT('',(104.03883777886,-81.818508747297,3.69234908410814));
#4118=CARTESIAN_POINT('Origin',(104.03883777886,-81.818508747297,3.44234908410812));
#4119=CARTESIAN_POINT('',(104.03883777886,-80.5185087472969,4.99234908410814));
#4120=CARTESIAN_POINT('',(104.03883777886,-81.818508747297,3.69234908410814));
#4121=CARTESIAN_POINT('Origin',(104.03883777886,-80.5185087472969,3.44234908410812));
#4122=CARTESIAN_POINT('Origin',(102.42883777886,-81.168508747297,4.34234908410814));
#4123=CARTESIAN_POINT('',(97.5988377788595,-81.818508747297,3.69234908410813));
#4124=CARTESIAN_POINT('',(97.5988377788595,-81.818508747297,3.69234908410813));
#4125=CARTESIAN_POINT('',(102.42883777886,-80.5185087472969,4.99234908410814));
#4126=CARTESIAN_POINT('',(102.42883777886,-81.818508747297,3.69234908410814));
#4127=CARTESIAN_POINT('Origin',(97.5988377788595,-81.168508747297,3.44234908410812));
#4128=CARTESIAN_POINT('Origin',(97.5988377788595,-81.818508747297,3.44234908410812));
#4129=CARTESIAN_POINT('Origin',(100.81883777886,-81.818508747297,3.08734908410811));
#4130=CARTESIAN_POINT('Origin',(111.2,-93.000001385808,-1.71));
#4131=CARTESIAN_POINT('',(111.5505,-93.000001385808,1.3415));
#4132=CARTESIAN_POINT('',(112.150501251698,-93.000001385808,1.54150041723251));
#4133=CARTESIAN_POINT('Origin',(89.3261637705198,-64.3185087472969,-1.71));
#4134=CARTESIAN_POINT('',(88.8261637705198,-64.8185087472969,5.192));
#4135=CARTESIAN_POINT('',(88.8261637705198,-64.8185087472969,-1.71));
#4136=CARTESIAN_POINT('',(88.8261637705198,-64.8185087472969,5.192));
#4137=CARTESIAN_POINT('Origin',(106.531356747262,-68.426550934454,6.192));
#4138=CARTESIAN_POINT('',(107.239000929603,-68.426550934454,4.692));
#4139=CARTESIAN_POINT('',(107.239000929603,-68.426550934454,6.192));
#4140=CARTESIAN_POINT('Origin',(106.531356747262,-68.426550934454,4.692));
#4141=CARTESIAN_POINT('Origin',(88.8261637705198,-64.8185087472969,5.192));
#4142=CARTESIAN_POINT('',(89.8261637705198,-63.8185087472969,5.192));
#4143=CARTESIAN_POINT('',(89.8261637705198,-64.8185087472969,6.192));
#4144=CARTESIAN_POINT('Origin',(89.3261637705198,-75.2558754871027,5.692));
#4145=CARTESIAN_POINT('',(88.8261637705198,-75.2558754871027,5.192));
#4146=CARTESIAN_POINT('Origin',(111.82616377052,-63.8185087472969,5.192));
#4147=CARTESIAN_POINT('',(112.82616377052,-64.8185087472969,5.192));
#4148=CARTESIAN_POINT('',(111.82616377052,-64.8185087472969,6.192));
#4149=CARTESIAN_POINT('Origin',(94.8261637705198,-64.3185087472969,5.692));
#4150=CARTESIAN_POINT('Origin',(112.32616377052,-72.1638815604727,5.692));
#4151=CARTESIAN_POINT('Origin',(110.2,-73.1423771868242,3.692));
#4152=CARTESIAN_POINT('',(109.2,-73.1423771868242,4.692));
#4153=CARTESIAN_POINT('Origin',(98.8814592291943,-93.3126199100077,4.692));
#4154=CARTESIAN_POINT('Origin',(111.2,-93.3123154811671,4.692));
#4155=CARTESIAN_POINT('Origin',(111.00000166893,-88.8796278797282,2.692));
#4156=CARTESIAN_POINT('',(112.35050166893,-88.9716463988996,1.3415));
#4157=CARTESIAN_POINT('Origin',(112.00000166893,-88.9716463988996,-1.71));
#4158=CARTESIAN_POINT('',(111.750500417233,-88.9716463988996,1.14149958276749));
#4159=CARTESIAN_POINT('Origin',(110.2,-75.2673771868242,2.692));
#4160=CARTESIAN_POINT('Origin',(110.2,-75.2673771868242,2.692));
#4161=CARTESIAN_POINT('Origin',(100.82616377052,-80.5092543736485,4.692));
#4162=CARTESIAN_POINT('',(104.955828830294,-63.8185087472969,4.692));
#4163=CARTESIAN_POINT('Origin',(97.5988377788595,-63.8185087472969,2.7323490841081));
#4164=CARTESIAN_POINT('Origin',(104.03883777886,-63.8185087472969,4.99234908410814));
#4165=CARTESIAN_POINT('',(104.03883777886,-63.8185087472969,4.99234908410814));
#4166=CARTESIAN_POINT('Origin',(104.03883777886,-63.8185087472969,3.44234908410812));
#4167=CARTESIAN_POINT('',(105.58883777886,-63.8185087472969,3.44234908410812));
#4168=CARTESIAN_POINT('Origin',(105.58883777886,-63.8185087472969,2.73234908410811));
#4169=CARTESIAN_POINT('Origin',(88.8261637705198,-70.0024966005569,-1.71));
#4170=CARTESIAN_POINT('Origin',(88.8261637705198,-90.97,1.));
#4171=CARTESIAN_POINT('Origin',(88.8261637705198,-90.97,1.));
#4172=CARTESIAN_POINT('Origin',(89.6999937223787,-90.97,1.));
#4173=CARTESIAN_POINT('Origin',(89.6999937223787,-92.,0.8));
#4174=UNCERTAINTY_MEASURE_WITH_UNIT(LENGTH_MEASURE(0.01),#4178,
'DISTANCE_ACCURACY_VALUE',
'Maximum model space distance between geometric entities at asserted c
onnectivities');
#4175=UNCERTAINTY_MEASURE_WITH_UNIT(LENGTH_MEASURE(0.01),#4178,
'DISTANCE_ACCURACY_VALUE',
'Maximum model space distance between geometric entities at asserted c
onnectivities');
#4176=(
GEOMETRIC_REPRESENTATION_CONTEXT(3)
GLOBAL_UNCERTAINTY_ASSIGNED_CONTEXT((#4174))
GLOBAL_UNIT_ASSIGNED_CONTEXT((#4178,#4179,#4180))
REPRESENTATION_CONTEXT('','3D')
);
#4177=(
GEOMETRIC_REPRESENTATION_CONTEXT(3)
GLOBAL_UNCERTAINTY_ASSIGNED_CONTEXT((#4175))
GLOBAL_UNIT_ASSIGNED_CONTEXT((#4178,#4179,#4180))
REPRESENTATION_CONTEXT('','3D')
);
#4178=(
LENGTH_UNIT()
NAMED_UNIT(*)
SI_UNIT(.MILLI.,.METRE.)
);
#4179=(
NAMED_UNIT(*)
PLANE_ANGLE_UNIT()
SI_UNIT($,.RADIAN.)
);
#4180=(
NAMED_UNIT(*)
SI_UNIT($,.STERADIAN.)
SOLID_ANGLE_UNIT()
);
#4181=SHAPE_DEFINITION_REPRESENTATION(#4182,#4183);
#4182=PRODUCT_DEFINITION_SHAPE('',$,#4185);
#4183=SHAPE_REPRESENTATION('',(#2605),#4176);
#4184=PRODUCT_DEFINITION_CONTEXT('part definition',#4189,'design');
#4185=PRODUCT_DEFINITION('cornix-tb','cornix-tb',#4186,#4184);
#4186=PRODUCT_DEFINITION_FORMATION('',$,#4191);
#4187=PRODUCT_RELATED_PRODUCT_CATEGORY('cornix-tb','cornix-tb',(#4191));
#4188=APPLICATION_PROTOCOL_DEFINITION('international standard',
'automotive_design',2009,#4189);
#4189=APPLICATION_CONTEXT(
'Core Data for Automotive Mechanical Design Process');
#4190=PRODUCT_CONTEXT('part definition',#4189,'mechanical');
#4191=PRODUCT('cornix-tb','cornix-tb','FreeCAD Model',(#4190));
#4192=PRESENTATION_STYLE_ASSIGNMENT((#4193));
#4193=SURFACE_STYLE_USAGE(.BOTH.,#4194);
#4194=SURFACE_SIDE_STYLE('',(#4195));
#4195=SURFACE_STYLE_FILL_AREA(#4196);
#4196=FILL_AREA_STYLE('\X2\92FC\X0\ - \X2\30B530C630F3\X0\',(#4197));
#4197=FILL_AREA_STYLE_COLOUR('\X2\92FC\X0\ - \X2\30B530C630F3\X0\',#4198);
#4198=COLOUR_RGB('\X2\92FC\X0\ - \X2\30B530C630F3\X0\',0.627450980392157,
0.627450980392157,0.627450980392157);
ENDSEC;
END-ISO-10303-21;
