ISO-10303-21;
HEADER;
/* Generated by software containing ST-Developer
 * from STEP Tools, Inc. (www.steptools.com) 
 */

FILE_DESCRIPTION(
/* description */ (''),
/* implementation_level */ '2;1');

FILE_NAME(
/* name */ 'cornix_trackball_case_holder_v3.step',
/* time_stamp */ '2026-01-09T11:08:21+09:00',
/* author */ (''),
/* organization */ (''),
/* preprocessor_version */ 'ST-DEVELOPER v20.1',
/* originating_system */ 'Autodesk Translation Framework v14.21.0.0',
/* authorisation */ '');

FILE_SCHEMA (('AUTOMOTIVE_DESIGN { 1 0 10303 214 3 1 1 }'));
ENDSEC;

DATA;
#10=MECHANICAL_DESIGN_GEOMETRIC_PRESENTATION_REPRESENTATION('',(#13),#2325);
#11=SHAPE_REPRESENTATION_RELATIONSHIP('SRR','None',#2332,#12);
#12=ADVANCED_BREP_SHAPE_REPRESENTATION('',(#14),#2324);
#13=STYLED_ITEM('',(#2341),#14);
#14=MANIFOLD_SOLID_BREP('\X2\30DC30C730A3\X0\3',#1419);
#15=CONICAL_SURFACE('',#1530,1.75,0.785398163397448);
#16=FACE_BOUND('',#153,.T.);
#17=FACE_BOUND('',#157,.T.);
#18=FACE_BOUND('',#181,.T.);
#19=FACE_BOUND('',#200,.T.);
#20=FACE_BOUND('',#211,.T.);
#21=FACE_BOUND('',#212,.T.);
#22=FACE_BOUND('',#213,.T.);
#23=CIRCLE('',#1441,1.9);
#24=CIRCLE('',#1442,1.9);
#25=CIRCLE('',#1443,1.9);
#26=CIRCLE('',#1448,1.9);
#27=CIRCLE('',#1449,1.9);
#28=CIRCLE('',#1451,2.1);
#29=CIRCLE('',#1452,1.10000044107443);
#30=CIRCLE('',#1456,2.1);
#31=CIRCLE('',#1457,1.09999950975186);
#32=CIRCLE('',#1481,2.1);
#33=CIRCLE('',#1482,2.1);
#34=CIRCLE('',#1483,2.3);
#35=CIRCLE('',#1484,2.3);
#36=CIRCLE('',#1490,2.3);
#37=CIRCLE('',#1495,2.3);
#38=CIRCLE('',#1499,2.);
#39=CIRCLE('',#1500,2.);
#40=CIRCLE('',#1502,2.);
#41=CIRCLE('',#1503,2.);
#42=CIRCLE('',#1505,2.);
#43=CIRCLE('',#1506,2.);
#44=CIRCLE('',#1510,2.);
#45=CIRCLE('',#1512,2.);
#46=CIRCLE('',#1513,2.);
#47=CIRCLE('',#1515,2.);
#48=CIRCLE('',#1519,2.);
#49=CIRCLE('',#1521,2.);
#50=CIRCLE('',#1525,2.);
#51=CIRCLE('',#1528,1.10000044107443);
#52=CIRCLE('',#1529,1.09999950975186);
#53=CIRCLE('',#1531,1.5);
#54=CYLINDRICAL_SURFACE('',#1440,1.9);
#55=CYLINDRICAL_SURFACE('',#1447,1.9);
#56=CYLINDRICAL_SURFACE('',#1489,2.3);
#57=CYLINDRICAL_SURFACE('',#1494,2.3);
#58=CYLINDRICAL_SURFACE('',#1501,2.);
#59=CYLINDRICAL_SURFACE('',#1504,2.);
#60=CYLINDRICAL_SURFACE('',#1514,2.);
#61=CYLINDRICAL_SURFACE('',#1520,2.);
#62=CYLINDRICAL_SURFACE('',#1534,2.1);
#63=CYLINDRICAL_SURFACE('',#1535,2.1);
#64=CYLINDRICAL_SURFACE('',#1536,1.10000044107443);
#65=CYLINDRICAL_SURFACE('',#1537,1.09999950975186);
#66=FACE_OUTER_BOUND('',#140,.T.);
#67=FACE_OUTER_BOUND('',#141,.T.);
#68=FACE_OUTER_BOUND('',#142,.T.);
#69=FACE_OUTER_BOUND('',#143,.T.);
#70=FACE_OUTER_BOUND('',#144,.T.);
#71=FACE_OUTER_BOUND('',#145,.T.);
#72=FACE_OUTER_BOUND('',#146,.T.);
#73=FACE_OUTER_BOUND('',#147,.T.);
#74=FACE_OUTER_BOUND('',#148,.T.);
#75=FACE_OUTER_BOUND('',#149,.T.);
#76=FACE_OUTER_BOUND('',#150,.T.);
#77=FACE_OUTER_BOUND('',#151,.T.);
#78=FACE_OUTER_BOUND('',#152,.T.);
#79=FACE_OUTER_BOUND('',#154,.T.);
#80=FACE_OUTER_BOUND('',#155,.T.);
#81=FACE_OUTER_BOUND('',#156,.T.);
#82=FACE_OUTER_BOUND('',#158,.T.);
#83=FACE_OUTER_BOUND('',#159,.T.);
#84=FACE_OUTER_BOUND('',#160,.T.);
#85=FACE_OUTER_BOUND('',#161,.T.);
#86=FACE_OUTER_BOUND('',#162,.T.);
#87=FACE_OUTER_BOUND('',#163,.T.);
#88=FACE_OUTER_BOUND('',#164,.T.);
#89=FACE_OUTER_BOUND('',#165,.T.);
#90=FACE_OUTER_BOUND('',#166,.T.);
#91=FACE_OUTER_BOUND('',#167,.T.);
#92=FACE_OUTER_BOUND('',#168,.T.);
#93=FACE_OUTER_BOUND('',#169,.T.);
#94=FACE_OUTER_BOUND('',#170,.T.);
#95=FACE_OUTER_BOUND('',#171,.T.);
#96=FACE_OUTER_BOUND('',#172,.T.);
#97=FACE_OUTER_BOUND('',#173,.T.);
#98=FACE_OUTER_BOUND('',#174,.T.);
#99=FACE_OUTER_BOUND('',#175,.T.);
#100=FACE_OUTER_BOUND('',#176,.T.);
#101=FACE_OUTER_BOUND('',#177,.T.);
#102=FACE_OUTER_BOUND('',#178,.T.);
#103=FACE_OUTER_BOUND('',#179,.T.);
#104=FACE_OUTER_BOUND('',#180,.T.);
#105=FACE_OUTER_BOUND('',#182,.T.);
#106=FACE_OUTER_BOUND('',#183,.T.);
#107=FACE_OUTER_BOUND('',#184,.T.);
#108=FACE_OUTER_BOUND('',#185,.T.);
#109=FACE_OUTER_BOUND('',#186,.T.);
#110=FACE_OUTER_BOUND('',#187,.T.);
#111=FACE_OUTER_BOUND('',#188,.T.);
#112=FACE_OUTER_BOUND('',#189,.T.);
#113=FACE_OUTER_BOUND('',#190,.T.);
#114=FACE_OUTER_BOUND('',#191,.T.);
#115=FACE_OUTER_BOUND('',#192,.T.);
#116=FACE_OUTER_BOUND('',#193,.T.);
#117=FACE_OUTER_BOUND('',#194,.T.);
#118=FACE_OUTER_BOUND('',#195,.T.);
#119=FACE_OUTER_BOUND('',#196,.T.);
#120=FACE_OUTER_BOUND('',#197,.T.);
#121=FACE_OUTER_BOUND('',#198,.T.);
#122=FACE_OUTER_BOUND('',#199,.T.);
#123=FACE_OUTER_BOUND('',#201,.T.);
#124=FACE_OUTER_BOUND('',#202,.T.);
#125=FACE_OUTER_BOUND('',#203,.T.);
#126=FACE_OUTER_BOUND('',#204,.T.);
#127=FACE_OUTER_BOUND('',#205,.T.);
#128=FACE_OUTER_BOUND('',#206,.T.);
#129=FACE_OUTER_BOUND('',#207,.T.);
#130=FACE_OUTER_BOUND('',#208,.T.);
#131=FACE_OUTER_BOUND('',#209,.T.);
#132=FACE_OUTER_BOUND('',#210,.T.);
#133=FACE_OUTER_BOUND('',#214,.T.);
#134=FACE_OUTER_BOUND('',#215,.T.);
#135=FACE_OUTER_BOUND('',#216,.T.);
#136=FACE_OUTER_BOUND('',#217,.T.);
#137=FACE_OUTER_BOUND('',#218,.T.);
#138=FACE_OUTER_BOUND('',#219,.T.);
#139=FACE_OUTER_BOUND('',#220,.T.);
#140=EDGE_LOOP('',(#886,#887,#888,#889));
#141=EDGE_LOOP('',(#890,#891,#892,#893));
#142=EDGE_LOOP('',(#894,#895,#896,#897));
#143=EDGE_LOOP('',(#898,#899,#900,#901));
#144=EDGE_LOOP('',(#902,#903,#904,#905));
#145=EDGE_LOOP('',(#906,#907,#908,#909));
#146=EDGE_LOOP('',(#910,#911,#912,#913,#914,#915,#916,#917,#918,#919));
#147=EDGE_LOOP('',(#920,#921,#922,#923,#924,#925));
#148=EDGE_LOOP('',(#926,#927,#928,#929));
#149=EDGE_LOOP('',(#930,#931,#932,#933));
#150=EDGE_LOOP('',(#934,#935,#936,#937));
#151=EDGE_LOOP('',(#938,#939,#940,#941));
#152=EDGE_LOOP('',(#942,#943,#944,#945));
#153=EDGE_LOOP('',(#946));
#154=EDGE_LOOP('',(#947,#948,#949,#950));
#155=EDGE_LOOP('',(#951,#952,#953,#954));
#156=EDGE_LOOP('',(#955,#956,#957,#958,#959));
#157=EDGE_LOOP('',(#960));
#158=EDGE_LOOP('',(#961,#962,#963,#964));
#159=EDGE_LOOP('',(#965,#966,#967,#968));
#160=EDGE_LOOP('',(#969,#970,#971,#972));
#161=EDGE_LOOP('',(#973,#974,#975,#976));
#162=EDGE_LOOP('',(#977,#978,#979,#980));
#163=EDGE_LOOP('',(#981,#982,#983,#984));
#164=EDGE_LOOP('',(#985,#986,#987,#988));
#165=EDGE_LOOP('',(#989,#990,#991,#992));
#166=EDGE_LOOP('',(#993,#994,#995,#996));
#167=EDGE_LOOP('',(#997,#998,#999,#1000));
#168=EDGE_LOOP('',(#1001,#1002,#1003,#1004));
#169=EDGE_LOOP('',(#1005,#1006,#1007,#1008));
#170=EDGE_LOOP('',(#1009,#1010,#1011,#1012));
#171=EDGE_LOOP('',(#1013,#1014,#1015,#1016));
#172=EDGE_LOOP('',(#1017,#1018,#1019,#1020));
#173=EDGE_LOOP('',(#1021,#1022,#1023,#1024));
#174=EDGE_LOOP('',(#1025,#1026,#1027,#1028));
#175=EDGE_LOOP('',(#1029,#1030,#1031,#1032));
#176=EDGE_LOOP('',(#1033,#1034,#1035,#1036));
#177=EDGE_LOOP('',(#1037,#1038,#1039,#1040));
#178=EDGE_LOOP('',(#1041,#1042,#1043,#1044));
#179=EDGE_LOOP('',(#1045,#1046,#1047,#1048));
#180=EDGE_LOOP('',(#1049,#1050,#1051,#1052,#1053,#1054,#1055,#1056,#1057,
#1058,#1059,#1060,#1061));
#181=EDGE_LOOP('',(#1062,#1063,#1064,#1065,#1066,#1067,#1068,#1069,#1070,
#1071,#1072,#1073,#1074,#1075,#1076,#1077,#1078,#1079,#1080,#1081,#1082,
#1083,#1084,#1085,#1086,#1087,#1088,#1089,#1090,#1091));
#182=EDGE_LOOP('',(#1092,#1093,#1094,#1095));
#183=EDGE_LOOP('',(#1096,#1097,#1098,#1099));
#184=EDGE_LOOP('',(#1100,#1101,#1102,#1103));
#185=EDGE_LOOP('',(#1104,#1105,#1106,#1107));
#186=EDGE_LOOP('',(#1108,#1109,#1110,#1111));
#187=EDGE_LOOP('',(#1112,#1113,#1114,#1115));
#188=EDGE_LOOP('',(#1116,#1117,#1118,#1119));
#189=EDGE_LOOP('',(#1120,#1121,#1122,#1123));
#190=EDGE_LOOP('',(#1124,#1125,#1126,#1127));
#191=EDGE_LOOP('',(#1128,#1129,#1130,#1131));
#192=EDGE_LOOP('',(#1132,#1133,#1134,#1135));
#193=EDGE_LOOP('',(#1136,#1137,#1138,#1139));
#194=EDGE_LOOP('',(#1140,#1141,#1142,#1143));
#195=EDGE_LOOP('',(#1144,#1145,#1146,#1147));
#196=EDGE_LOOP('',(#1148,#1149,#1150,#1151));
#197=EDGE_LOOP('',(#1152,#1153,#1154,#1155));
#198=EDGE_LOOP('',(#1156,#1157,#1158));
#199=EDGE_LOOP('',(#1159,#1160,#1161,#1162,#1163,#1164,#1165,#1166,#1167,
#1168,#1169,#1170,#1171,#1172,#1173,#1174,#1175,#1176,#1177,#1178,#1179,
#1180,#1181,#1182,#1183,#1184,#1185,#1186,#1187,#1188));
#200=EDGE_LOOP('',(#1189,#1190,#1191,#1192,#1193,#1194,#1195,#1196,#1197,
#1198,#1199,#1200));
#201=EDGE_LOOP('',(#1201,#1202,#1203,#1204));
#202=EDGE_LOOP('',(#1205,#1206,#1207,#1208));
#203=EDGE_LOOP('',(#1209,#1210,#1211,#1212));
#204=EDGE_LOOP('',(#1213,#1214,#1215));
#205=EDGE_LOOP('',(#1216,#1217,#1218,#1219));
#206=EDGE_LOOP('',(#1220,#1221,#1222,#1223));
#207=EDGE_LOOP('',(#1224,#1225,#1226,#1227));
#208=EDGE_LOOP('',(#1228,#1229,#1230));
#209=EDGE_LOOP('',(#1231,#1232,#1233,#1234,#1235,#1236));
#210=EDGE_LOOP('',(#1237,#1238,#1239,#1240,#1241,#1242));
#211=EDGE_LOOP('',(#1243,#1244,#1245,#1246,#1247,#1248));
#212=EDGE_LOOP('',(#1249));
#213=EDGE_LOOP('',(#1250));
#214=EDGE_LOOP('',(#1251,#1252,#1253,#1254,#1255,#1256,#1257,#1258,#1259,
#1260,#1261,#1262));
#215=EDGE_LOOP('',(#1263));
#216=EDGE_LOOP('',(#1264,#1265,#1266,#1267));
#217=EDGE_LOOP('',(#1268,#1269,#1270,#1271));
#218=EDGE_LOOP('',(#1272,#1273,#1274,#1275));
#219=EDGE_LOOP('',(#1276,#1277,#1278,#1279));
#220=EDGE_LOOP('',(#1280,#1281,#1282,#1283));
#221=LINE('',#1922,#389);
#222=LINE('',#1924,#390);
#223=LINE('',#1926,#391);
#224=LINE('',#1927,#392);
#225=LINE('',#1930,#393);
#226=LINE('',#1932,#394);
#227=LINE('',#1933,#395);
#228=LINE('',#1936,#396);
#229=LINE('',#1938,#397);
#230=LINE('',#1939,#398);
#231=LINE('',#1942,#399);
#232=LINE('',#1944,#400);
#233=LINE('',#1945,#401);
#234=LINE('',#1948,#402);
#235=LINE('',#1950,#403);
#236=LINE('',#1951,#404);
#237=LINE('',#1953,#405);
#238=LINE('',#1954,#406);
#239=LINE('',#1958,#407);
#240=LINE('',#1960,#408);
#241=LINE('',#1962,#409);
#242=LINE('',#1964,#410);
#243=LINE('',#1966,#411);
#244=LINE('',#1968,#412);
#245=LINE('',#1970,#413);
#246=LINE('',#1972,#414);
#247=LINE('',#1974,#415);
#248=LINE('',#1975,#416);
#249=LINE('',#1982,#417);
#250=LINE('',#1985,#418);
#251=LINE('',#1988,#419);
#252=LINE('',#1990,#420);
#253=LINE('',#1991,#421);
#254=LINE('',#1994,#422);
#255=LINE('',#1996,#423);
#256=LINE('',#1997,#424);
#257=LINE('',#2000,#425);
#258=LINE('',#2002,#426);
#259=LINE('',#2003,#427);
#260=LINE('',#2009,#428);
#261=LINE('',#2012,#429);
#262=LINE('',#2017,#430);
#263=LINE('',#2018,#431);
#264=LINE('',#2021,#432);
#265=LINE('',#2023,#433);
#266=LINE('',#2024,#434);
#267=LINE('',#2027,#435);
#268=LINE('',#2033,#436);
#269=LINE('',#2034,#437);
#270=LINE('',#2038,#438);
#271=LINE('',#2040,#439);
#272=LINE('',#2042,#440);
#273=LINE('',#2043,#441);
#274=LINE('',#2046,#442);
#275=LINE('',#2048,#443);
#276=LINE('',#2049,#444);
#277=LINE('',#2052,#445);
#278=LINE('',#2054,#446);
#279=LINE('',#2055,#447);
#280=LINE('',#2059,#448);
#281=LINE('',#2061,#449);
#282=LINE('',#2063,#450);
#283=LINE('',#2064,#451);
#284=LINE('',#2067,#452);
#285=LINE('',#2069,#453);
#286=LINE('',#2070,#454);
#287=LINE('',#2073,#455);
#288=LINE('',#2075,#456);
#289=LINE('',#2076,#457);
#290=LINE('',#2080,#458);
#291=LINE('',#2082,#459);
#292=LINE('',#2084,#460);
#293=LINE('',#2085,#461);
#294=LINE('',#2088,#462);
#295=LINE('',#2090,#463);
#296=LINE('',#2091,#464);
#297=LINE('',#2094,#465);
#298=LINE('',#2096,#466);
#299=LINE('',#2097,#467);
#300=LINE('',#2101,#468);
#301=LINE('',#2103,#469);
#302=LINE('',#2105,#470);
#303=LINE('',#2106,#471);
#304=LINE('',#2109,#472);
#305=LINE('',#2111,#473);
#306=LINE('',#2112,#474);
#307=LINE('',#2114,#475);
#308=LINE('',#2115,#476);
#309=LINE('',#2118,#477);
#310=LINE('',#2120,#478);
#311=LINE('',#2121,#479);
#312=LINE('',#2124,#480);
#313=LINE('',#2126,#481);
#314=LINE('',#2127,#482);
#315=LINE('',#2130,#483);
#316=LINE('',#2132,#484);
#317=LINE('',#2133,#485);
#318=LINE('',#2137,#486);
#319=LINE('',#2139,#487);
#320=LINE('',#2141,#488);
#321=LINE('',#2142,#489);
#322=LINE('',#2145,#490);
#323=LINE('',#2147,#491);
#324=LINE('',#2148,#492);
#325=LINE('',#2151,#493);
#326=LINE('',#2153,#494);
#327=LINE('',#2154,#495);
#328=LINE('',#2158,#496);
#329=LINE('',#2160,#497);
#330=LINE('',#2162,#498);
#331=LINE('',#2163,#499);
#332=LINE('',#2166,#500);
#333=LINE('',#2168,#501);
#334=LINE('',#2169,#502);
#335=LINE('',#2172,#503);
#336=LINE('',#2174,#504);
#337=LINE('',#2175,#505);
#338=LINE('',#2178,#506);
#339=LINE('',#2182,#507);
#340=LINE('',#2184,#508);
#341=LINE('',#2186,#509);
#342=LINE('',#2188,#510);
#343=LINE('',#2190,#511);
#344=LINE('',#2192,#512);
#345=LINE('',#2193,#513);
#346=LINE('',#2195,#514);
#347=LINE('',#2199,#515);
#348=LINE('',#2200,#516);
#349=LINE('',#2201,#517);
#350=LINE('',#2204,#518);
#351=LINE('',#2205,#519);
#352=LINE('',#2207,#520);
#353=LINE('',#2211,#521);
#354=LINE('',#2213,#522);
#355=LINE('',#2216,#523);
#356=LINE('',#2217,#524);
#357=LINE('',#2223,#525);
#358=LINE('',#2225,#526);
#359=LINE('',#2227,#527);
#360=LINE('',#2228,#528);
#361=LINE('',#2231,#529);
#362=LINE('',#2233,#530);
#363=LINE('',#2234,#531);
#364=LINE('',#2243,#532);
#365=LINE('',#2249,#533);
#366=LINE('',#2254,#534);
#367=LINE('',#2256,#535);
#368=LINE('',#2258,#536);
#369=LINE('',#2259,#537);
#370=LINE('',#2261,#538);
#371=LINE('',#2262,#539);
#372=LINE('',#2269,#540);
#373=LINE('',#2271,#541);
#374=LINE('',#2275,#542);
#375=LINE('',#2276,#543);
#376=LINE('',#2280,#544);
#377=LINE('',#2283,#545);
#378=LINE('',#2285,#546);
#379=LINE('',#2286,#547);
#380=LINE('',#2288,#548);
#381=LINE('',#2293,#549);
#382=LINE('',#2297,#550);
#383=LINE('',#2298,#551);
#384=LINE('',#2300,#552);
#385=LINE('',#2312,#553);
#386=LINE('',#2315,#554);
#387=LINE('',#2319,#555);
#388=LINE('',#2321,#556);
#389=VECTOR('',#1542,10.);
#390=VECTOR('',#1543,10.);
#391=VECTOR('',#1544,10.);
#392=VECTOR('',#1545,10.);
#393=VECTOR('',#1548,10.);
#394=VECTOR('',#1549,10.);
#395=VECTOR('',#1550,10.);
#396=VECTOR('',#1553,10.);
#397=VECTOR('',#1554,10.);
#398=VECTOR('',#1555,10.);
#399=VECTOR('',#1558,10.);
#400=VECTOR('',#1559,10.);
#401=VECTOR('',#1560,10.);
#402=VECTOR('',#1563,10.);
#403=VECTOR('',#1564,10.);
#404=VECTOR('',#1565,10.);
#405=VECTOR('',#1568,10.);
#406=VECTOR('',#1569,10.);
#407=VECTOR('',#1572,10.);
#408=VECTOR('',#1573,10.);
#409=VECTOR('',#1574,10.);
#410=VECTOR('',#1575,10.);
#411=VECTOR('',#1576,10.);
#412=VECTOR('',#1577,10.);
#413=VECTOR('',#1578,10.);
#414=VECTOR('',#1579,10.);
#415=VECTOR('',#1580,10.);
#416=VECTOR('',#1581,10.);
#417=VECTOR('',#1588,10.);
#418=VECTOR('',#1591,10.);
#419=VECTOR('',#1594,10.);
#420=VECTOR('',#1595,10.);
#421=VECTOR('',#1596,10.);
#422=VECTOR('',#1599,10.);
#423=VECTOR('',#1600,10.);
#424=VECTOR('',#1601,10.);
#425=VECTOR('',#1604,10.);
#426=VECTOR('',#1605,10.);
#427=VECTOR('',#1606,10.);
#428=VECTOR('',#1615,10.);
#429=VECTOR('',#1618,10.);
#430=VECTOR('',#1623,10.);
#431=VECTOR('',#1624,10.);
#432=VECTOR('',#1627,10.);
#433=VECTOR('',#1628,10.);
#434=VECTOR('',#1629,10.);
#435=VECTOR('',#1632,10.);
#436=VECTOR('',#1639,10.);
#437=VECTOR('',#1640,10.);
#438=VECTOR('',#1643,10.);
#439=VECTOR('',#1644,10.);
#440=VECTOR('',#1645,10.);
#441=VECTOR('',#1646,10.);
#442=VECTOR('',#1649,10.);
#443=VECTOR('',#1650,10.);
#444=VECTOR('',#1651,10.);
#445=VECTOR('',#1654,10.);
#446=VECTOR('',#1655,10.);
#447=VECTOR('',#1656,10.);
#448=VECTOR('',#1659,10.);
#449=VECTOR('',#1660,10.);
#450=VECTOR('',#1661,10.);
#451=VECTOR('',#1662,10.);
#452=VECTOR('',#1665,10.);
#453=VECTOR('',#1666,10.);
#454=VECTOR('',#1667,10.);
#455=VECTOR('',#1670,10.);
#456=VECTOR('',#1671,10.);
#457=VECTOR('',#1672,10.);
#458=VECTOR('',#1675,10.);
#459=VECTOR('',#1676,10.);
#460=VECTOR('',#1677,10.);
#461=VECTOR('',#1678,10.);
#462=VECTOR('',#1681,10.);
#463=VECTOR('',#1682,10.);
#464=VECTOR('',#1683,10.);
#465=VECTOR('',#1686,10.);
#466=VECTOR('',#1687,10.);
#467=VECTOR('',#1688,10.);
#468=VECTOR('',#1691,10.);
#469=VECTOR('',#1692,10.);
#470=VECTOR('',#1693,10.);
#471=VECTOR('',#1694,10.);
#472=VECTOR('',#1697,10.);
#473=VECTOR('',#1698,10.);
#474=VECTOR('',#1699,10.);
#475=VECTOR('',#1702,10.);
#476=VECTOR('',#1703,10.);
#477=VECTOR('',#1706,10.);
#478=VECTOR('',#1707,10.);
#479=VECTOR('',#1708,10.);
#480=VECTOR('',#1711,10.);
#481=VECTOR('',#1712,10.);
#482=VECTOR('',#1713,10.);
#483=VECTOR('',#1716,10.);
#484=VECTOR('',#1717,10.);
#485=VECTOR('',#1718,10.);
#486=VECTOR('',#1721,10.);
#487=VECTOR('',#1722,10.);
#488=VECTOR('',#1723,10.);
#489=VECTOR('',#1724,10.);
#490=VECTOR('',#1727,10.);
#491=VECTOR('',#1728,10.);
#492=VECTOR('',#1729,10.);
#493=VECTOR('',#1732,10.);
#494=VECTOR('',#1733,10.);
#495=VECTOR('',#1734,10.);
#496=VECTOR('',#1737,10.);
#497=VECTOR('',#1738,10.);
#498=VECTOR('',#1739,10.);
#499=VECTOR('',#1740,10.);
#500=VECTOR('',#1743,10.);
#501=VECTOR('',#1744,10.);
#502=VECTOR('',#1745,10.);
#503=VECTOR('',#1748,10.);
#504=VECTOR('',#1749,10.);
#505=VECTOR('',#1750,10.);
#506=VECTOR('',#1753,10.);
#507=VECTOR('',#1758,10.);
#508=VECTOR('',#1761,10.);
#509=VECTOR('',#1764,10.);
#510=VECTOR('',#1765,10.);
#511=VECTOR('',#1766,10.);
#512=VECTOR('',#1767,10.);
#513=VECTOR('',#1768,10.);
#514=VECTOR('',#1771,10.);
#515=VECTOR('',#1774,10.);
#516=VECTOR('',#1775,10.);
#517=VECTOR('',#1776,10.);
#518=VECTOR('',#1779,10.);
#519=VECTOR('',#1780,10.);
#520=VECTOR('',#1783,10.);
#521=VECTOR('',#1790,10.);
#522=VECTOR('',#1793,10.);
#523=VECTOR('',#1796,10.);
#524=VECTOR('',#1797,10.);
#525=VECTOR('',#1804,10.);
#526=VECTOR('',#1805,10.);
#527=VECTOR('',#1806,10.);
#528=VECTOR('',#1807,10.);
#529=VECTOR('',#1810,10.);
#530=VECTOR('',#1811,10.);
#531=VECTOR('',#1812,10.);
#532=VECTOR('',#1823,10.);
#533=VECTOR('',#1830,10.);
#534=VECTOR('',#1835,10.);
#535=VECTOR('',#1836,10.);
#536=VECTOR('',#1837,10.);
#537=VECTOR('',#1838,10.);
#538=VECTOR('',#1841,10.);
#539=VECTOR('',#1842,10.);
#540=VECTOR('',#1851,10.);
#541=VECTOR('',#1852,10.);
#542=VECTOR('',#1855,10.);
#543=VECTOR('',#1856,10.);
#544=VECTOR('',#1861,10.);
#545=VECTOR('',#1864,10.);
#546=VECTOR('',#1865,10.);
#547=VECTOR('',#1866,10.);
#548=VECTOR('',#1869,10.);
#549=VECTOR('',#1876,10.);
#550=VECTOR('',#1881,10.);
#551=VECTOR('',#1882,10.);
#552=VECTOR('',#1885,10.);
#553=VECTOR('',#1902,1.75);
#554=VECTOR('',#1907,10.);
#555=VECTOR('',#1914,1.10000044107443);
#556=VECTOR('',#1917,1.09999950975186);
#557=VERTEX_POINT('',#1920);
#558=VERTEX_POINT('',#1921);
#559=VERTEX_POINT('',#1923);
#560=VERTEX_POINT('',#1925);
#561=VERTEX_POINT('',#1929);
#562=VERTEX_POINT('',#1931);
#563=VERTEX_POINT('',#1935);
#564=VERTEX_POINT('',#1937);
#565=VERTEX_POINT('',#1941);
#566=VERTEX_POINT('',#1943);
#567=VERTEX_POINT('',#1947);
#568=VERTEX_POINT('',#1949);
#569=VERTEX_POINT('',#1956);
#570=VERTEX_POINT('',#1957);
#571=VERTEX_POINT('',#1959);
#572=VERTEX_POINT('',#1961);
#573=VERTEX_POINT('',#1963);
#574=VERTEX_POINT('',#1965);
#575=VERTEX_POINT('',#1967);
#576=VERTEX_POINT('',#1969);
#577=VERTEX_POINT('',#1971);
#578=VERTEX_POINT('',#1973);
#579=VERTEX_POINT('',#1977);
#580=VERTEX_POINT('',#1979);
#581=VERTEX_POINT('',#1981);
#582=VERTEX_POINT('',#1983);
#583=VERTEX_POINT('',#1987);
#584=VERTEX_POINT('',#1989);
#585=VERTEX_POINT('',#1993);
#586=VERTEX_POINT('',#1995);
#587=VERTEX_POINT('',#1999);
#588=VERTEX_POINT('',#2001);
#589=VERTEX_POINT('',#2008);
#590=VERTEX_POINT('',#2010);
#591=VERTEX_POINT('',#2013);
#592=VERTEX_POINT('',#2016);
#593=VERTEX_POINT('',#2020);
#594=VERTEX_POINT('',#2022);
#595=VERTEX_POINT('',#2026);
#596=VERTEX_POINT('',#2029);
#597=VERTEX_POINT('',#2032);
#598=VERTEX_POINT('',#2036);
#599=VERTEX_POINT('',#2037);
#600=VERTEX_POINT('',#2039);
#601=VERTEX_POINT('',#2041);
#602=VERTEX_POINT('',#2045);
#603=VERTEX_POINT('',#2047);
#604=VERTEX_POINT('',#2051);
#605=VERTEX_POINT('',#2053);
#606=VERTEX_POINT('',#2057);
#607=VERTEX_POINT('',#2058);
#608=VERTEX_POINT('',#2060);
#609=VERTEX_POINT('',#2062);
#610=VERTEX_POINT('',#2066);
#611=VERTEX_POINT('',#2068);
#612=VERTEX_POINT('',#2072);
#613=VERTEX_POINT('',#2074);
#614=VERTEX_POINT('',#2078);
#615=VERTEX_POINT('',#2079);
#616=VERTEX_POINT('',#2081);
#617=VERTEX_POINT('',#2083);
#618=VERTEX_POINT('',#2087);
#619=VERTEX_POINT('',#2089);
#620=VERTEX_POINT('',#2093);
#621=VERTEX_POINT('',#2095);
#622=VERTEX_POINT('',#2099);
#623=VERTEX_POINT('',#2100);
#624=VERTEX_POINT('',#2102);
#625=VERTEX_POINT('',#2104);
#626=VERTEX_POINT('',#2108);
#627=VERTEX_POINT('',#2110);
#628=VERTEX_POINT('',#2117);
#629=VERTEX_POINT('',#2119);
#630=VERTEX_POINT('',#2123);
#631=VERTEX_POINT('',#2125);
#632=VERTEX_POINT('',#2129);
#633=VERTEX_POINT('',#2131);
#634=VERTEX_POINT('',#2135);
#635=VERTEX_POINT('',#2136);
#636=VERTEX_POINT('',#2138);
#637=VERTEX_POINT('',#2140);
#638=VERTEX_POINT('',#2144);
#639=VERTEX_POINT('',#2146);
#640=VERTEX_POINT('',#2150);
#641=VERTEX_POINT('',#2152);
#642=VERTEX_POINT('',#2156);
#643=VERTEX_POINT('',#2157);
#644=VERTEX_POINT('',#2159);
#645=VERTEX_POINT('',#2161);
#646=VERTEX_POINT('',#2165);
#647=VERTEX_POINT('',#2167);
#648=VERTEX_POINT('',#2171);
#649=VERTEX_POINT('',#2173);
#650=VERTEX_POINT('',#2177);
#651=VERTEX_POINT('',#2181);
#652=VERTEX_POINT('',#2187);
#653=VERTEX_POINT('',#2189);
#654=VERTEX_POINT('',#2191);
#655=VERTEX_POINT('',#2197);
#656=VERTEX_POINT('',#2198);
#657=VERTEX_POINT('',#2203);
#658=VERTEX_POINT('',#2215);
#659=VERTEX_POINT('',#2221);
#660=VERTEX_POINT('',#2222);
#661=VERTEX_POINT('',#2224);
#662=VERTEX_POINT('',#2226);
#663=VERTEX_POINT('',#2230);
#664=VERTEX_POINT('',#2232);
#665=VERTEX_POINT('',#2236);
#666=VERTEX_POINT('',#2240);
#667=VERTEX_POINT('',#2242);
#668=VERTEX_POINT('',#2246);
#669=VERTEX_POINT('',#2248);
#670=VERTEX_POINT('',#2252);
#671=VERTEX_POINT('',#2253);
#672=VERTEX_POINT('',#2255);
#673=VERTEX_POINT('',#2257);
#674=VERTEX_POINT('',#2266);
#675=VERTEX_POINT('',#2268);
#676=VERTEX_POINT('',#2270);
#677=VERTEX_POINT('',#2272);
#678=VERTEX_POINT('',#2274);
#679=VERTEX_POINT('',#2278);
#680=VERTEX_POINT('',#2282);
#681=VERTEX_POINT('',#2284);
#682=VERTEX_POINT('',#2292);
#683=VERTEX_POINT('',#2296);
#684=VERTEX_POINT('',#2305);
#685=VERTEX_POINT('',#2307);
#686=VERTEX_POINT('',#2310);
#687=EDGE_CURVE('',#557,#558,#221,.T.);
#688=EDGE_CURVE('',#557,#559,#222,.T.);
#689=EDGE_CURVE('',#560,#559,#223,.T.);
#690=EDGE_CURVE('',#558,#560,#224,.T.);
#691=EDGE_CURVE('',#558,#561,#225,.T.);
#692=EDGE_CURVE('',#562,#560,#226,.T.);
#693=EDGE_CURVE('',#561,#562,#227,.T.);
#694=EDGE_CURVE('',#561,#563,#228,.T.);
#695=EDGE_CURVE('',#564,#562,#229,.T.);
#696=EDGE_CURVE('',#563,#564,#230,.T.);
#697=EDGE_CURVE('',#563,#565,#231,.T.);
#698=EDGE_CURVE('',#566,#564,#232,.T.);
#699=EDGE_CURVE('',#565,#566,#233,.T.);
#700=EDGE_CURVE('',#565,#567,#234,.T.);
#701=EDGE_CURVE('',#568,#566,#235,.T.);
#702=EDGE_CURVE('',#567,#568,#236,.T.);
#703=EDGE_CURVE('',#567,#557,#237,.T.);
#704=EDGE_CURVE('',#559,#568,#238,.T.);
#705=EDGE_CURVE('',#569,#570,#239,.T.);
#706=EDGE_CURVE('',#571,#569,#240,.T.);
#707=EDGE_CURVE('',#572,#571,#241,.T.);
#708=EDGE_CURVE('',#572,#573,#242,.T.);
#709=EDGE_CURVE('',#574,#573,#243,.T.);
#710=EDGE_CURVE('',#575,#574,#244,.T.);
#711=EDGE_CURVE('',#576,#575,#245,.T.);
#712=EDGE_CURVE('',#577,#576,#246,.T.);
#713=EDGE_CURVE('',#578,#577,#247,.T.);
#714=EDGE_CURVE('',#570,#578,#248,.T.);
#715=EDGE_CURVE('',#573,#579,#23,.T.);
#716=EDGE_CURVE('',#580,#572,#24,.T.);
#717=EDGE_CURVE('',#580,#581,#249,.T.);
#718=EDGE_CURVE('',#582,#581,#25,.T.);
#719=EDGE_CURVE('',#579,#582,#250,.T.);
#720=EDGE_CURVE('',#583,#569,#251,.T.);
#721=EDGE_CURVE('',#584,#583,#252,.T.);
#722=EDGE_CURVE('',#571,#584,#253,.T.);
#723=EDGE_CURVE('',#581,#585,#254,.T.);
#724=EDGE_CURVE('',#586,#580,#255,.T.);
#725=EDGE_CURVE('',#586,#585,#256,.T.);
#726=EDGE_CURVE('',#585,#587,#257,.T.);
#727=EDGE_CURVE('',#588,#586,#258,.T.);
#728=EDGE_CURVE('',#588,#587,#259,.T.);
#729=EDGE_CURVE('',#587,#583,#26,.T.);
#730=EDGE_CURVE('',#584,#588,#27,.T.);
#731=EDGE_CURVE('',#577,#589,#260,.T.);
#732=EDGE_CURVE('',#589,#590,#28,.T.);
#733=EDGE_CURVE('',#590,#578,#261,.T.);
#734=EDGE_CURVE('',#591,#591,#29,.T.);
#735=EDGE_CURVE('',#592,#576,#262,.T.);
#736=EDGE_CURVE('',#589,#592,#263,.T.);
#737=EDGE_CURVE('',#593,#574,#264,.T.);
#738=EDGE_CURVE('',#593,#594,#265,.T.);
#739=EDGE_CURVE('',#575,#594,#266,.T.);
#740=EDGE_CURVE('',#579,#595,#267,.T.);
#741=EDGE_CURVE('',#595,#593,#30,.T.);
#742=EDGE_CURVE('',#596,#596,#31,.T.);
#743=EDGE_CURVE('',#597,#582,#268,.T.);
#744=EDGE_CURVE('',#595,#597,#269,.T.);
#745=EDGE_CURVE('',#598,#599,#270,.T.);
#746=EDGE_CURVE('',#598,#600,#271,.T.);
#747=EDGE_CURVE('',#601,#600,#272,.T.);
#748=EDGE_CURVE('',#599,#601,#273,.T.);
#749=EDGE_CURVE('',#598,#602,#274,.T.);
#750=EDGE_CURVE('',#603,#602,#275,.T.);
#751=EDGE_CURVE('',#600,#603,#276,.T.);
#752=EDGE_CURVE('',#601,#604,#277,.T.);
#753=EDGE_CURVE('',#604,#605,#278,.T.);
#754=EDGE_CURVE('',#599,#605,#279,.T.);
#755=EDGE_CURVE('',#606,#607,#280,.T.);
#756=EDGE_CURVE('',#608,#607,#281,.T.);
#757=EDGE_CURVE('',#609,#608,#282,.T.);
#758=EDGE_CURVE('',#606,#609,#283,.T.);
#759=EDGE_CURVE('',#606,#610,#284,.T.);
#760=EDGE_CURVE('',#611,#609,#285,.T.);
#761=EDGE_CURVE('',#610,#611,#286,.T.);
#762=EDGE_CURVE('',#612,#607,#287,.T.);
#763=EDGE_CURVE('',#612,#613,#288,.T.);
#764=EDGE_CURVE('',#613,#608,#289,.T.);
#765=EDGE_CURVE('',#614,#615,#290,.T.);
#766=EDGE_CURVE('',#616,#615,#291,.T.);
#767=EDGE_CURVE('',#617,#616,#292,.T.);
#768=EDGE_CURVE('',#614,#617,#293,.T.);
#769=EDGE_CURVE('',#614,#618,#294,.T.);
#770=EDGE_CURVE('',#619,#617,#295,.T.);
#771=EDGE_CURVE('',#618,#619,#296,.T.);
#772=EDGE_CURVE('',#620,#615,#297,.T.);
#773=EDGE_CURVE('',#620,#621,#298,.T.);
#774=EDGE_CURVE('',#621,#616,#299,.T.);
#775=EDGE_CURVE('',#622,#623,#300,.T.);
#776=EDGE_CURVE('',#622,#624,#301,.T.);
#777=EDGE_CURVE('',#625,#624,#302,.T.);
#778=EDGE_CURVE('',#623,#625,#303,.T.);
#779=EDGE_CURVE('',#622,#626,#304,.T.);
#780=EDGE_CURVE('',#627,#626,#305,.T.);
#781=EDGE_CURVE('',#624,#627,#306,.T.);
#782=EDGE_CURVE('',#625,#613,#307,.T.);
#783=EDGE_CURVE('',#623,#612,#308,.T.);
#784=EDGE_CURVE('',#628,#605,#309,.T.);
#785=EDGE_CURVE('',#629,#604,#310,.T.);
#786=EDGE_CURVE('',#628,#629,#311,.T.);
#787=EDGE_CURVE('',#628,#630,#312,.T.);
#788=EDGE_CURVE('',#631,#629,#313,.T.);
#789=EDGE_CURVE('',#630,#631,#314,.T.);
#790=EDGE_CURVE('',#631,#632,#315,.T.);
#791=EDGE_CURVE('',#633,#632,#316,.T.);
#792=EDGE_CURVE('',#630,#633,#317,.T.);
#793=EDGE_CURVE('',#634,#635,#318,.T.);
#794=EDGE_CURVE('',#634,#636,#319,.T.);
#795=EDGE_CURVE('',#637,#636,#320,.T.);
#796=EDGE_CURVE('',#635,#637,#321,.T.);
#797=EDGE_CURVE('',#634,#638,#322,.T.);
#798=EDGE_CURVE('',#639,#638,#323,.T.);
#799=EDGE_CURVE('',#636,#639,#324,.T.);
#800=EDGE_CURVE('',#637,#640,#325,.T.);
#801=EDGE_CURVE('',#641,#640,#326,.T.);
#802=EDGE_CURVE('',#635,#641,#327,.T.);
#803=EDGE_CURVE('',#642,#643,#328,.T.);
#804=EDGE_CURVE('',#642,#644,#329,.T.);
#805=EDGE_CURVE('',#645,#644,#330,.T.);
#806=EDGE_CURVE('',#643,#645,#331,.T.);
#807=EDGE_CURVE('',#642,#646,#332,.T.);
#808=EDGE_CURVE('',#647,#646,#333,.T.);
#809=EDGE_CURVE('',#644,#647,#334,.T.);
#810=EDGE_CURVE('',#645,#648,#335,.T.);
#811=EDGE_CURVE('',#649,#648,#336,.T.);
#812=EDGE_CURVE('',#643,#649,#337,.T.);
#813=EDGE_CURVE('',#570,#650,#338,.T.);
#814=EDGE_CURVE('',#650,#592,#32,.T.);
#815=EDGE_CURVE('',#594,#597,#33,.T.);
#816=EDGE_CURVE('',#651,#603,#339,.T.);
#817=EDGE_CURVE('',#648,#651,#34,.T.);
#818=EDGE_CURVE('',#619,#647,#340,.T.);
#819=EDGE_CURVE('',#640,#621,#35,.T.);
#820=EDGE_CURVE('',#611,#639,#341,.T.);
#821=EDGE_CURVE('',#652,#627,#342,.T.);
#822=EDGE_CURVE('',#652,#653,#343,.T.);
#823=EDGE_CURVE('',#653,#654,#344,.T.);
#824=EDGE_CURVE('',#632,#654,#345,.T.);
#825=EDGE_CURVE('',#618,#646,#346,.T.);
#826=EDGE_CURVE('',#655,#656,#347,.T.);
#827=EDGE_CURVE('',#654,#656,#348,.T.);
#828=EDGE_CURVE('',#655,#653,#349,.T.);
#829=EDGE_CURVE('',#655,#657,#350,.T.);
#830=EDGE_CURVE('',#657,#652,#351,.T.);
#831=EDGE_CURVE('',#633,#656,#352,.T.);
#832=EDGE_CURVE('',#641,#620,#36,.T.);
#833=EDGE_CURVE('',#610,#638,#353,.T.);
#834=EDGE_CURVE('',#657,#626,#354,.T.);
#835=EDGE_CURVE('',#658,#602,#355,.T.);
#836=EDGE_CURVE('',#658,#651,#356,.T.);
#837=EDGE_CURVE('',#649,#658,#37,.T.);
#838=EDGE_CURVE('',#659,#660,#357,.T.);
#839=EDGE_CURVE('',#661,#659,#358,.T.);
#840=EDGE_CURVE('',#662,#661,#359,.T.);
#841=EDGE_CURVE('',#660,#662,#360,.T.);
#842=EDGE_CURVE('',#660,#663,#361,.T.);
#843=EDGE_CURVE('',#664,#662,#362,.T.);
#844=EDGE_CURVE('',#663,#664,#363,.T.);
#845=EDGE_CURVE('',#665,#661,#38,.T.);
#846=EDGE_CURVE('',#664,#665,#39,.T.);
#847=EDGE_CURVE('',#666,#659,#40,.T.);
#848=EDGE_CURVE('',#666,#667,#364,.T.);
#849=EDGE_CURVE('',#661,#667,#41,.T.);
#850=EDGE_CURVE('',#668,#664,#42,.T.);
#851=EDGE_CURVE('',#668,#669,#365,.T.);
#852=EDGE_CURVE('',#663,#669,#43,.T.);
#853=EDGE_CURVE('',#670,#671,#366,.T.);
#854=EDGE_CURVE('',#670,#672,#367,.T.);
#855=EDGE_CURVE('',#673,#672,#368,.T.);
#856=EDGE_CURVE('',#671,#673,#369,.T.);
#857=EDGE_CURVE('',#669,#670,#370,.T.);
#858=EDGE_CURVE('',#672,#668,#371,.T.);
#859=EDGE_CURVE('',#673,#668,#44,.T.);
#860=EDGE_CURVE('',#671,#674,#45,.T.);
#861=EDGE_CURVE('',#674,#675,#372,.T.);
#862=EDGE_CURVE('',#675,#676,#373,.T.);
#863=EDGE_CURVE('',#676,#677,#46,.T.);
#864=EDGE_CURVE('',#677,#678,#374,.T.);
#865=EDGE_CURVE('',#678,#666,#375,.T.);
#866=EDGE_CURVE('',#679,#673,#47,.T.);
#867=EDGE_CURVE('',#679,#674,#376,.T.);
#868=EDGE_CURVE('',#680,#677,#377,.T.);
#869=EDGE_CURVE('',#681,#680,#378,.T.);
#870=EDGE_CURVE('',#678,#681,#379,.T.);
#871=EDGE_CURVE('',#667,#681,#380,.T.);
#872=EDGE_CURVE('',#667,#680,#48,.T.);
#873=EDGE_CURVE('',#676,#682,#381,.T.);
#874=EDGE_CURVE('',#680,#682,#49,.T.);
#875=EDGE_CURVE('',#675,#683,#382,.T.);
#876=EDGE_CURVE('',#682,#683,#383,.T.);
#877=EDGE_CURVE('',#683,#679,#384,.T.);
#878=EDGE_CURVE('',#682,#679,#50,.T.);
#879=EDGE_CURVE('',#684,#684,#51,.T.);
#880=EDGE_CURVE('',#685,#685,#52,.T.);
#881=EDGE_CURVE('',#686,#686,#53,.T.);
#882=EDGE_CURVE('',#686,#665,#385,.T.);
#883=EDGE_CURVE('',#590,#650,#386,.T.);
#884=EDGE_CURVE('',#591,#684,#387,.T.);
#885=EDGE_CURVE('',#596,#685,#388,.T.);
#886=ORIENTED_EDGE('',*,*,#687,.F.);
#887=ORIENTED_EDGE('',*,*,#688,.T.);
#888=ORIENTED_EDGE('',*,*,#689,.F.);
#889=ORIENTED_EDGE('',*,*,#690,.F.);
#890=ORIENTED_EDGE('',*,*,#691,.F.);
#891=ORIENTED_EDGE('',*,*,#690,.T.);
#892=ORIENTED_EDGE('',*,*,#692,.F.);
#893=ORIENTED_EDGE('',*,*,#693,.F.);
#894=ORIENTED_EDGE('',*,*,#694,.F.);
#895=ORIENTED_EDGE('',*,*,#693,.T.);
#896=ORIENTED_EDGE('',*,*,#695,.F.);
#897=ORIENTED_EDGE('',*,*,#696,.F.);
#898=ORIENTED_EDGE('',*,*,#697,.F.);
#899=ORIENTED_EDGE('',*,*,#696,.T.);
#900=ORIENTED_EDGE('',*,*,#698,.F.);
#901=ORIENTED_EDGE('',*,*,#699,.F.);
#902=ORIENTED_EDGE('',*,*,#700,.F.);
#903=ORIENTED_EDGE('',*,*,#699,.T.);
#904=ORIENTED_EDGE('',*,*,#701,.F.);
#905=ORIENTED_EDGE('',*,*,#702,.F.);
#906=ORIENTED_EDGE('',*,*,#703,.F.);
#907=ORIENTED_EDGE('',*,*,#702,.T.);
#908=ORIENTED_EDGE('',*,*,#704,.F.);
#909=ORIENTED_EDGE('',*,*,#688,.F.);
#910=ORIENTED_EDGE('',*,*,#705,.F.);
#911=ORIENTED_EDGE('',*,*,#706,.F.);
#912=ORIENTED_EDGE('',*,*,#707,.F.);
#913=ORIENTED_EDGE('',*,*,#708,.T.);
#914=ORIENTED_EDGE('',*,*,#709,.F.);
#915=ORIENTED_EDGE('',*,*,#710,.F.);
#916=ORIENTED_EDGE('',*,*,#711,.F.);
#917=ORIENTED_EDGE('',*,*,#712,.F.);
#918=ORIENTED_EDGE('',*,*,#713,.F.);
#919=ORIENTED_EDGE('',*,*,#714,.F.);
#920=ORIENTED_EDGE('',*,*,#715,.F.);
#921=ORIENTED_EDGE('',*,*,#708,.F.);
#922=ORIENTED_EDGE('',*,*,#716,.F.);
#923=ORIENTED_EDGE('',*,*,#717,.T.);
#924=ORIENTED_EDGE('',*,*,#718,.F.);
#925=ORIENTED_EDGE('',*,*,#719,.F.);
#926=ORIENTED_EDGE('',*,*,#720,.F.);
#927=ORIENTED_EDGE('',*,*,#721,.F.);
#928=ORIENTED_EDGE('',*,*,#722,.F.);
#929=ORIENTED_EDGE('',*,*,#706,.T.);
#930=ORIENTED_EDGE('',*,*,#723,.F.);
#931=ORIENTED_EDGE('',*,*,#717,.F.);
#932=ORIENTED_EDGE('',*,*,#724,.F.);
#933=ORIENTED_EDGE('',*,*,#725,.T.);
#934=ORIENTED_EDGE('',*,*,#726,.F.);
#935=ORIENTED_EDGE('',*,*,#725,.F.);
#936=ORIENTED_EDGE('',*,*,#727,.F.);
#937=ORIENTED_EDGE('',*,*,#728,.T.);
#938=ORIENTED_EDGE('',*,*,#729,.F.);
#939=ORIENTED_EDGE('',*,*,#728,.F.);
#940=ORIENTED_EDGE('',*,*,#730,.F.);
#941=ORIENTED_EDGE('',*,*,#721,.T.);
#942=ORIENTED_EDGE('',*,*,#713,.T.);
#943=ORIENTED_EDGE('',*,*,#731,.T.);
#944=ORIENTED_EDGE('',*,*,#732,.T.);
#945=ORIENTED_EDGE('',*,*,#733,.T.);
#946=ORIENTED_EDGE('',*,*,#734,.T.);
#947=ORIENTED_EDGE('',*,*,#712,.T.);
#948=ORIENTED_EDGE('',*,*,#735,.F.);
#949=ORIENTED_EDGE('',*,*,#736,.F.);
#950=ORIENTED_EDGE('',*,*,#731,.F.);
#951=ORIENTED_EDGE('',*,*,#710,.T.);
#952=ORIENTED_EDGE('',*,*,#737,.F.);
#953=ORIENTED_EDGE('',*,*,#738,.T.);
#954=ORIENTED_EDGE('',*,*,#739,.F.);
#955=ORIENTED_EDGE('',*,*,#709,.T.);
#956=ORIENTED_EDGE('',*,*,#715,.T.);
#957=ORIENTED_EDGE('',*,*,#740,.T.);
#958=ORIENTED_EDGE('',*,*,#741,.T.);
#959=ORIENTED_EDGE('',*,*,#737,.T.);
#960=ORIENTED_EDGE('',*,*,#742,.T.);
#961=ORIENTED_EDGE('',*,*,#719,.T.);
#962=ORIENTED_EDGE('',*,*,#743,.F.);
#963=ORIENTED_EDGE('',*,*,#744,.F.);
#964=ORIENTED_EDGE('',*,*,#740,.F.);
#965=ORIENTED_EDGE('',*,*,#745,.F.);
#966=ORIENTED_EDGE('',*,*,#746,.T.);
#967=ORIENTED_EDGE('',*,*,#747,.F.);
#968=ORIENTED_EDGE('',*,*,#748,.F.);
#969=ORIENTED_EDGE('',*,*,#749,.T.);
#970=ORIENTED_EDGE('',*,*,#750,.F.);
#971=ORIENTED_EDGE('',*,*,#751,.F.);
#972=ORIENTED_EDGE('',*,*,#746,.F.);
#973=ORIENTED_EDGE('',*,*,#748,.T.);
#974=ORIENTED_EDGE('',*,*,#752,.T.);
#975=ORIENTED_EDGE('',*,*,#753,.T.);
#976=ORIENTED_EDGE('',*,*,#754,.F.);
#977=ORIENTED_EDGE('',*,*,#755,.T.);
#978=ORIENTED_EDGE('',*,*,#756,.F.);
#979=ORIENTED_EDGE('',*,*,#757,.F.);
#980=ORIENTED_EDGE('',*,*,#758,.F.);
#981=ORIENTED_EDGE('',*,*,#759,.F.);
#982=ORIENTED_EDGE('',*,*,#758,.T.);
#983=ORIENTED_EDGE('',*,*,#760,.F.);
#984=ORIENTED_EDGE('',*,*,#761,.F.);
#985=ORIENTED_EDGE('',*,*,#756,.T.);
#986=ORIENTED_EDGE('',*,*,#762,.F.);
#987=ORIENTED_EDGE('',*,*,#763,.T.);
#988=ORIENTED_EDGE('',*,*,#764,.T.);
#989=ORIENTED_EDGE('',*,*,#765,.T.);
#990=ORIENTED_EDGE('',*,*,#766,.F.);
#991=ORIENTED_EDGE('',*,*,#767,.F.);
#992=ORIENTED_EDGE('',*,*,#768,.F.);
#993=ORIENTED_EDGE('',*,*,#769,.F.);
#994=ORIENTED_EDGE('',*,*,#768,.T.);
#995=ORIENTED_EDGE('',*,*,#770,.F.);
#996=ORIENTED_EDGE('',*,*,#771,.F.);
#997=ORIENTED_EDGE('',*,*,#766,.T.);
#998=ORIENTED_EDGE('',*,*,#772,.F.);
#999=ORIENTED_EDGE('',*,*,#773,.T.);
#1000=ORIENTED_EDGE('',*,*,#774,.T.);
#1001=ORIENTED_EDGE('',*,*,#775,.F.);
#1002=ORIENTED_EDGE('',*,*,#776,.T.);
#1003=ORIENTED_EDGE('',*,*,#777,.F.);
#1004=ORIENTED_EDGE('',*,*,#778,.F.);
#1005=ORIENTED_EDGE('',*,*,#779,.T.);
#1006=ORIENTED_EDGE('',*,*,#780,.F.);
#1007=ORIENTED_EDGE('',*,*,#781,.F.);
#1008=ORIENTED_EDGE('',*,*,#776,.F.);
#1009=ORIENTED_EDGE('',*,*,#778,.T.);
#1010=ORIENTED_EDGE('',*,*,#782,.T.);
#1011=ORIENTED_EDGE('',*,*,#763,.F.);
#1012=ORIENTED_EDGE('',*,*,#783,.F.);
#1013=ORIENTED_EDGE('',*,*,#784,.T.);
#1014=ORIENTED_EDGE('',*,*,#753,.F.);
#1015=ORIENTED_EDGE('',*,*,#785,.F.);
#1016=ORIENTED_EDGE('',*,*,#786,.F.);
#1017=ORIENTED_EDGE('',*,*,#787,.F.);
#1018=ORIENTED_EDGE('',*,*,#786,.T.);
#1019=ORIENTED_EDGE('',*,*,#788,.F.);
#1020=ORIENTED_EDGE('',*,*,#789,.F.);
#1021=ORIENTED_EDGE('',*,*,#789,.T.);
#1022=ORIENTED_EDGE('',*,*,#790,.T.);
#1023=ORIENTED_EDGE('',*,*,#791,.F.);
#1024=ORIENTED_EDGE('',*,*,#792,.F.);
#1025=ORIENTED_EDGE('',*,*,#793,.F.);
#1026=ORIENTED_EDGE('',*,*,#794,.T.);
#1027=ORIENTED_EDGE('',*,*,#795,.F.);
#1028=ORIENTED_EDGE('',*,*,#796,.F.);
#1029=ORIENTED_EDGE('',*,*,#797,.T.);
#1030=ORIENTED_EDGE('',*,*,#798,.F.);
#1031=ORIENTED_EDGE('',*,*,#799,.F.);
#1032=ORIENTED_EDGE('',*,*,#794,.F.);
#1033=ORIENTED_EDGE('',*,*,#796,.T.);
#1034=ORIENTED_EDGE('',*,*,#800,.T.);
#1035=ORIENTED_EDGE('',*,*,#801,.F.);
#1036=ORIENTED_EDGE('',*,*,#802,.F.);
#1037=ORIENTED_EDGE('',*,*,#803,.F.);
#1038=ORIENTED_EDGE('',*,*,#804,.T.);
#1039=ORIENTED_EDGE('',*,*,#805,.F.);
#1040=ORIENTED_EDGE('',*,*,#806,.F.);
#1041=ORIENTED_EDGE('',*,*,#807,.T.);
#1042=ORIENTED_EDGE('',*,*,#808,.F.);
#1043=ORIENTED_EDGE('',*,*,#809,.F.);
#1044=ORIENTED_EDGE('',*,*,#804,.F.);
#1045=ORIENTED_EDGE('',*,*,#806,.T.);
#1046=ORIENTED_EDGE('',*,*,#810,.T.);
#1047=ORIENTED_EDGE('',*,*,#811,.F.);
#1048=ORIENTED_EDGE('',*,*,#812,.F.);
#1049=ORIENTED_EDGE('',*,*,#705,.T.);
#1050=ORIENTED_EDGE('',*,*,#813,.T.);
#1051=ORIENTED_EDGE('',*,*,#814,.T.);
#1052=ORIENTED_EDGE('',*,*,#735,.T.);
#1053=ORIENTED_EDGE('',*,*,#711,.T.);
#1054=ORIENTED_EDGE('',*,*,#739,.T.);
#1055=ORIENTED_EDGE('',*,*,#815,.T.);
#1056=ORIENTED_EDGE('',*,*,#743,.T.);
#1057=ORIENTED_EDGE('',*,*,#718,.T.);
#1058=ORIENTED_EDGE('',*,*,#723,.T.);
#1059=ORIENTED_EDGE('',*,*,#726,.T.);
#1060=ORIENTED_EDGE('',*,*,#729,.T.);
#1061=ORIENTED_EDGE('',*,*,#720,.T.);
#1062=ORIENTED_EDGE('',*,*,#751,.T.);
#1063=ORIENTED_EDGE('',*,*,#816,.F.);
#1064=ORIENTED_EDGE('',*,*,#817,.F.);
#1065=ORIENTED_EDGE('',*,*,#810,.F.);
#1066=ORIENTED_EDGE('',*,*,#805,.T.);
#1067=ORIENTED_EDGE('',*,*,#809,.T.);
#1068=ORIENTED_EDGE('',*,*,#818,.F.);
#1069=ORIENTED_EDGE('',*,*,#770,.T.);
#1070=ORIENTED_EDGE('',*,*,#767,.T.);
#1071=ORIENTED_EDGE('',*,*,#774,.F.);
#1072=ORIENTED_EDGE('',*,*,#819,.F.);
#1073=ORIENTED_EDGE('',*,*,#800,.F.);
#1074=ORIENTED_EDGE('',*,*,#795,.T.);
#1075=ORIENTED_EDGE('',*,*,#799,.T.);
#1076=ORIENTED_EDGE('',*,*,#820,.F.);
#1077=ORIENTED_EDGE('',*,*,#760,.T.);
#1078=ORIENTED_EDGE('',*,*,#757,.T.);
#1079=ORIENTED_EDGE('',*,*,#764,.F.);
#1080=ORIENTED_EDGE('',*,*,#782,.F.);
#1081=ORIENTED_EDGE('',*,*,#777,.T.);
#1082=ORIENTED_EDGE('',*,*,#781,.T.);
#1083=ORIENTED_EDGE('',*,*,#821,.F.);
#1084=ORIENTED_EDGE('',*,*,#822,.T.);
#1085=ORIENTED_EDGE('',*,*,#823,.T.);
#1086=ORIENTED_EDGE('',*,*,#824,.F.);
#1087=ORIENTED_EDGE('',*,*,#790,.F.);
#1088=ORIENTED_EDGE('',*,*,#788,.T.);
#1089=ORIENTED_EDGE('',*,*,#785,.T.);
#1090=ORIENTED_EDGE('',*,*,#752,.F.);
#1091=ORIENTED_EDGE('',*,*,#747,.T.);
#1092=ORIENTED_EDGE('',*,*,#771,.T.);
#1093=ORIENTED_EDGE('',*,*,#818,.T.);
#1094=ORIENTED_EDGE('',*,*,#808,.T.);
#1095=ORIENTED_EDGE('',*,*,#825,.F.);
#1096=ORIENTED_EDGE('',*,*,#826,.T.);
#1097=ORIENTED_EDGE('',*,*,#827,.F.);
#1098=ORIENTED_EDGE('',*,*,#823,.F.);
#1099=ORIENTED_EDGE('',*,*,#828,.F.);
#1100=ORIENTED_EDGE('',*,*,#829,.F.);
#1101=ORIENTED_EDGE('',*,*,#828,.T.);
#1102=ORIENTED_EDGE('',*,*,#822,.F.);
#1103=ORIENTED_EDGE('',*,*,#830,.F.);
#1104=ORIENTED_EDGE('',*,*,#827,.T.);
#1105=ORIENTED_EDGE('',*,*,#831,.F.);
#1106=ORIENTED_EDGE('',*,*,#791,.T.);
#1107=ORIENTED_EDGE('',*,*,#824,.T.);
#1108=ORIENTED_EDGE('',*,*,#832,.F.);
#1109=ORIENTED_EDGE('',*,*,#801,.T.);
#1110=ORIENTED_EDGE('',*,*,#819,.T.);
#1111=ORIENTED_EDGE('',*,*,#773,.F.);
#1112=ORIENTED_EDGE('',*,*,#761,.T.);
#1113=ORIENTED_EDGE('',*,*,#820,.T.);
#1114=ORIENTED_EDGE('',*,*,#798,.T.);
#1115=ORIENTED_EDGE('',*,*,#833,.F.);
#1116=ORIENTED_EDGE('',*,*,#780,.T.);
#1117=ORIENTED_EDGE('',*,*,#834,.F.);
#1118=ORIENTED_EDGE('',*,*,#830,.T.);
#1119=ORIENTED_EDGE('',*,*,#821,.T.);
#1120=ORIENTED_EDGE('',*,*,#750,.T.);
#1121=ORIENTED_EDGE('',*,*,#835,.F.);
#1122=ORIENTED_EDGE('',*,*,#836,.T.);
#1123=ORIENTED_EDGE('',*,*,#816,.T.);
#1124=ORIENTED_EDGE('',*,*,#837,.F.);
#1125=ORIENTED_EDGE('',*,*,#811,.T.);
#1126=ORIENTED_EDGE('',*,*,#817,.T.);
#1127=ORIENTED_EDGE('',*,*,#836,.F.);
#1128=ORIENTED_EDGE('',*,*,#838,.F.);
#1129=ORIENTED_EDGE('',*,*,#839,.F.);
#1130=ORIENTED_EDGE('',*,*,#840,.F.);
#1131=ORIENTED_EDGE('',*,*,#841,.F.);
#1132=ORIENTED_EDGE('',*,*,#842,.F.);
#1133=ORIENTED_EDGE('',*,*,#841,.T.);
#1134=ORIENTED_EDGE('',*,*,#843,.F.);
#1135=ORIENTED_EDGE('',*,*,#844,.F.);
#1136=ORIENTED_EDGE('',*,*,#843,.T.);
#1137=ORIENTED_EDGE('',*,*,#840,.T.);
#1138=ORIENTED_EDGE('',*,*,#845,.F.);
#1139=ORIENTED_EDGE('',*,*,#846,.F.);
#1140=ORIENTED_EDGE('',*,*,#839,.T.);
#1141=ORIENTED_EDGE('',*,*,#847,.F.);
#1142=ORIENTED_EDGE('',*,*,#848,.T.);
#1143=ORIENTED_EDGE('',*,*,#849,.F.);
#1144=ORIENTED_EDGE('',*,*,#844,.T.);
#1145=ORIENTED_EDGE('',*,*,#850,.F.);
#1146=ORIENTED_EDGE('',*,*,#851,.T.);
#1147=ORIENTED_EDGE('',*,*,#852,.F.);
#1148=ORIENTED_EDGE('',*,*,#853,.F.);
#1149=ORIENTED_EDGE('',*,*,#854,.T.);
#1150=ORIENTED_EDGE('',*,*,#855,.F.);
#1151=ORIENTED_EDGE('',*,*,#856,.F.);
#1152=ORIENTED_EDGE('',*,*,#857,.F.);
#1153=ORIENTED_EDGE('',*,*,#851,.F.);
#1154=ORIENTED_EDGE('',*,*,#858,.F.);
#1155=ORIENTED_EDGE('',*,*,#854,.F.);
#1156=ORIENTED_EDGE('',*,*,#858,.T.);
#1157=ORIENTED_EDGE('',*,*,#859,.F.);
#1158=ORIENTED_EDGE('',*,*,#855,.T.);
#1159=ORIENTED_EDGE('',*,*,#749,.F.);
#1160=ORIENTED_EDGE('',*,*,#745,.T.);
#1161=ORIENTED_EDGE('',*,*,#754,.T.);
#1162=ORIENTED_EDGE('',*,*,#784,.F.);
#1163=ORIENTED_EDGE('',*,*,#787,.T.);
#1164=ORIENTED_EDGE('',*,*,#792,.T.);
#1165=ORIENTED_EDGE('',*,*,#831,.T.);
#1166=ORIENTED_EDGE('',*,*,#826,.F.);
#1167=ORIENTED_EDGE('',*,*,#829,.T.);
#1168=ORIENTED_EDGE('',*,*,#834,.T.);
#1169=ORIENTED_EDGE('',*,*,#779,.F.);
#1170=ORIENTED_EDGE('',*,*,#775,.T.);
#1171=ORIENTED_EDGE('',*,*,#783,.T.);
#1172=ORIENTED_EDGE('',*,*,#762,.T.);
#1173=ORIENTED_EDGE('',*,*,#755,.F.);
#1174=ORIENTED_EDGE('',*,*,#759,.T.);
#1175=ORIENTED_EDGE('',*,*,#833,.T.);
#1176=ORIENTED_EDGE('',*,*,#797,.F.);
#1177=ORIENTED_EDGE('',*,*,#793,.T.);
#1178=ORIENTED_EDGE('',*,*,#802,.T.);
#1179=ORIENTED_EDGE('',*,*,#832,.T.);
#1180=ORIENTED_EDGE('',*,*,#772,.T.);
#1181=ORIENTED_EDGE('',*,*,#765,.F.);
#1182=ORIENTED_EDGE('',*,*,#769,.T.);
#1183=ORIENTED_EDGE('',*,*,#825,.T.);
#1184=ORIENTED_EDGE('',*,*,#807,.F.);
#1185=ORIENTED_EDGE('',*,*,#803,.T.);
#1186=ORIENTED_EDGE('',*,*,#812,.T.);
#1187=ORIENTED_EDGE('',*,*,#837,.T.);
#1188=ORIENTED_EDGE('',*,*,#835,.T.);
#1189=ORIENTED_EDGE('',*,*,#842,.T.);
#1190=ORIENTED_EDGE('',*,*,#852,.T.);
#1191=ORIENTED_EDGE('',*,*,#857,.T.);
#1192=ORIENTED_EDGE('',*,*,#853,.T.);
#1193=ORIENTED_EDGE('',*,*,#860,.T.);
#1194=ORIENTED_EDGE('',*,*,#861,.T.);
#1195=ORIENTED_EDGE('',*,*,#862,.T.);
#1196=ORIENTED_EDGE('',*,*,#863,.T.);
#1197=ORIENTED_EDGE('',*,*,#864,.T.);
#1198=ORIENTED_EDGE('',*,*,#865,.T.);
#1199=ORIENTED_EDGE('',*,*,#847,.T.);
#1200=ORIENTED_EDGE('',*,*,#838,.T.);
#1201=ORIENTED_EDGE('',*,*,#856,.T.);
#1202=ORIENTED_EDGE('',*,*,#866,.F.);
#1203=ORIENTED_EDGE('',*,*,#867,.T.);
#1204=ORIENTED_EDGE('',*,*,#860,.F.);
#1205=ORIENTED_EDGE('',*,*,#864,.F.);
#1206=ORIENTED_EDGE('',*,*,#868,.F.);
#1207=ORIENTED_EDGE('',*,*,#869,.F.);
#1208=ORIENTED_EDGE('',*,*,#870,.F.);
#1209=ORIENTED_EDGE('',*,*,#865,.F.);
#1210=ORIENTED_EDGE('',*,*,#870,.T.);
#1211=ORIENTED_EDGE('',*,*,#871,.F.);
#1212=ORIENTED_EDGE('',*,*,#848,.F.);
#1213=ORIENTED_EDGE('',*,*,#871,.T.);
#1214=ORIENTED_EDGE('',*,*,#869,.T.);
#1215=ORIENTED_EDGE('',*,*,#872,.F.);
#1216=ORIENTED_EDGE('',*,*,#868,.T.);
#1217=ORIENTED_EDGE('',*,*,#863,.F.);
#1218=ORIENTED_EDGE('',*,*,#873,.T.);
#1219=ORIENTED_EDGE('',*,*,#874,.F.);
#1220=ORIENTED_EDGE('',*,*,#862,.F.);
#1221=ORIENTED_EDGE('',*,*,#875,.T.);
#1222=ORIENTED_EDGE('',*,*,#876,.F.);
#1223=ORIENTED_EDGE('',*,*,#873,.F.);
#1224=ORIENTED_EDGE('',*,*,#861,.F.);
#1225=ORIENTED_EDGE('',*,*,#867,.F.);
#1226=ORIENTED_EDGE('',*,*,#877,.F.);
#1227=ORIENTED_EDGE('',*,*,#875,.F.);
#1228=ORIENTED_EDGE('',*,*,#877,.T.);
#1229=ORIENTED_EDGE('',*,*,#878,.F.);
#1230=ORIENTED_EDGE('',*,*,#876,.T.);
#1231=ORIENTED_EDGE('',*,*,#689,.T.);
#1232=ORIENTED_EDGE('',*,*,#704,.T.);
#1233=ORIENTED_EDGE('',*,*,#701,.T.);
#1234=ORIENTED_EDGE('',*,*,#698,.T.);
#1235=ORIENTED_EDGE('',*,*,#695,.T.);
#1236=ORIENTED_EDGE('',*,*,#692,.T.);
#1237=ORIENTED_EDGE('',*,*,#722,.T.);
#1238=ORIENTED_EDGE('',*,*,#730,.T.);
#1239=ORIENTED_EDGE('',*,*,#727,.T.);
#1240=ORIENTED_EDGE('',*,*,#724,.T.);
#1241=ORIENTED_EDGE('',*,*,#716,.T.);
#1242=ORIENTED_EDGE('',*,*,#707,.T.);
#1243=ORIENTED_EDGE('',*,*,#703,.T.);
#1244=ORIENTED_EDGE('',*,*,#687,.T.);
#1245=ORIENTED_EDGE('',*,*,#691,.T.);
#1246=ORIENTED_EDGE('',*,*,#694,.T.);
#1247=ORIENTED_EDGE('',*,*,#697,.T.);
#1248=ORIENTED_EDGE('',*,*,#700,.T.);
#1249=ORIENTED_EDGE('',*,*,#879,.T.);
#1250=ORIENTED_EDGE('',*,*,#880,.T.);
#1251=ORIENTED_EDGE('',*,*,#881,.T.);
#1252=ORIENTED_EDGE('',*,*,#882,.T.);
#1253=ORIENTED_EDGE('',*,*,#845,.T.);
#1254=ORIENTED_EDGE('',*,*,#849,.T.);
#1255=ORIENTED_EDGE('',*,*,#872,.T.);
#1256=ORIENTED_EDGE('',*,*,#874,.T.);
#1257=ORIENTED_EDGE('',*,*,#878,.T.);
#1258=ORIENTED_EDGE('',*,*,#866,.T.);
#1259=ORIENTED_EDGE('',*,*,#859,.T.);
#1260=ORIENTED_EDGE('',*,*,#850,.T.);
#1261=ORIENTED_EDGE('',*,*,#846,.T.);
#1262=ORIENTED_EDGE('',*,*,#882,.F.);
#1263=ORIENTED_EDGE('',*,*,#881,.F.);
#1264=ORIENTED_EDGE('',*,*,#714,.T.);
#1265=ORIENTED_EDGE('',*,*,#733,.F.);
#1266=ORIENTED_EDGE('',*,*,#883,.T.);
#1267=ORIENTED_EDGE('',*,*,#813,.F.);
#1268=ORIENTED_EDGE('',*,*,#814,.F.);
#1269=ORIENTED_EDGE('',*,*,#883,.F.);
#1270=ORIENTED_EDGE('',*,*,#732,.F.);
#1271=ORIENTED_EDGE('',*,*,#736,.T.);
#1272=ORIENTED_EDGE('',*,*,#815,.F.);
#1273=ORIENTED_EDGE('',*,*,#738,.F.);
#1274=ORIENTED_EDGE('',*,*,#741,.F.);
#1275=ORIENTED_EDGE('',*,*,#744,.T.);
#1276=ORIENTED_EDGE('',*,*,#734,.F.);
#1277=ORIENTED_EDGE('',*,*,#884,.T.);
#1278=ORIENTED_EDGE('',*,*,#879,.F.);
#1279=ORIENTED_EDGE('',*,*,#884,.F.);
#1280=ORIENTED_EDGE('',*,*,#742,.F.);
#1281=ORIENTED_EDGE('',*,*,#885,.T.);
#1282=ORIENTED_EDGE('',*,*,#880,.F.);
#1283=ORIENTED_EDGE('',*,*,#885,.F.);
#1284=PLANE('',#1433);
#1285=PLANE('',#1434);
#1286=PLANE('',#1435);
#1287=PLANE('',#1436);
#1288=PLANE('',#1437);
#1289=PLANE('',#1438);
#1290=PLANE('',#1439);
#1291=PLANE('',#1444);
#1292=PLANE('',#1445);
#1293=PLANE('',#1446);
#1294=PLANE('',#1450);
#1295=PLANE('',#1453);
#1296=PLANE('',#1454);
#1297=PLANE('',#1455);
#1298=PLANE('',#1458);
#1299=PLANE('',#1459);
#1300=PLANE('',#1460);
#1301=PLANE('',#1461);
#1302=PLANE('',#1462);
#1303=PLANE('',#1463);
#1304=PLANE('',#1464);
#1305=PLANE('',#1465);
#1306=PLANE('',#1466);
#1307=PLANE('',#1467);
#1308=PLANE('',#1468);
#1309=PLANE('',#1469);
#1310=PLANE('',#1470);
#1311=PLANE('',#1471);
#1312=PLANE('',#1472);
#1313=PLANE('',#1473);
#1314=PLANE('',#1474);
#1315=PLANE('',#1475);
#1316=PLANE('',#1476);
#1317=PLANE('',#1477);
#1318=PLANE('',#1478);
#1319=PLANE('',#1479);
#1320=PLANE('',#1480);
#1321=PLANE('',#1485);
#1322=PLANE('',#1486);
#1323=PLANE('',#1487);
#1324=PLANE('',#1488);
#1325=PLANE('',#1491);
#1326=PLANE('',#1492);
#1327=PLANE('',#1493);
#1328=PLANE('',#1496);
#1329=PLANE('',#1497);
#1330=PLANE('',#1498);
#1331=PLANE('',#1507);
#1332=PLANE('',#1508);
#1333=PLANE('',#1509);
#1334=PLANE('',#1511);
#1335=PLANE('',#1516);
#1336=PLANE('',#1517);
#1337=PLANE('',#1518);
#1338=PLANE('',#1522);
#1339=PLANE('',#1523);
#1340=PLANE('',#1524);
#1341=PLANE('',#1526);
#1342=PLANE('',#1527);
#1343=PLANE('',#1532);
#1344=PLANE('',#1533);
#1345=ADVANCED_FACE('',(#66),#1284,.T.);
#1346=ADVANCED_FACE('',(#67),#1285,.T.);
#1347=ADVANCED_FACE('',(#68),#1286,.T.);
#1348=ADVANCED_FACE('',(#69),#1287,.T.);
#1349=ADVANCED_FACE('',(#70),#1288,.T.);
#1350=ADVANCED_FACE('',(#71),#1289,.T.);
#1351=ADVANCED_FACE('',(#72),#1290,.F.);
#1352=ADVANCED_FACE('',(#73),#54,.T.);
#1353=ADVANCED_FACE('',(#74),#1291,.F.);
#1354=ADVANCED_FACE('',(#75),#1292,.F.);
#1355=ADVANCED_FACE('',(#76),#1293,.F.);
#1356=ADVANCED_FACE('',(#77),#55,.T.);
#1357=ADVANCED_FACE('',(#78,#16),#1294,.F.);
#1358=ADVANCED_FACE('',(#79),#1295,.T.);
#1359=ADVANCED_FACE('',(#80),#1296,.T.);
#1360=ADVANCED_FACE('',(#81,#17),#1297,.F.);
#1361=ADVANCED_FACE('',(#82),#1298,.T.);
#1362=ADVANCED_FACE('',(#83),#1299,.T.);
#1363=ADVANCED_FACE('',(#84),#1300,.T.);
#1364=ADVANCED_FACE('',(#85),#1301,.F.);
#1365=ADVANCED_FACE('',(#86),#1302,.T.);
#1366=ADVANCED_FACE('',(#87),#1303,.T.);
#1367=ADVANCED_FACE('',(#88),#1304,.F.);
#1368=ADVANCED_FACE('',(#89),#1305,.T.);
#1369=ADVANCED_FACE('',(#90),#1306,.T.);
#1370=ADVANCED_FACE('',(#91),#1307,.F.);
#1371=ADVANCED_FACE('',(#92),#1308,.T.);
#1372=ADVANCED_FACE('',(#93),#1309,.T.);
#1373=ADVANCED_FACE('',(#94),#1310,.F.);
#1374=ADVANCED_FACE('',(#95),#1311,.T.);
#1375=ADVANCED_FACE('',(#96),#1312,.T.);
#1376=ADVANCED_FACE('',(#97),#1313,.F.);
#1377=ADVANCED_FACE('',(#98),#1314,.T.);
#1378=ADVANCED_FACE('',(#99),#1315,.T.);
#1379=ADVANCED_FACE('',(#100),#1316,.F.);
#1380=ADVANCED_FACE('',(#101),#1317,.T.);
#1381=ADVANCED_FACE('',(#102),#1318,.T.);
#1382=ADVANCED_FACE('',(#103),#1319,.F.);
#1383=ADVANCED_FACE('',(#104,#18),#1320,.F.);
#1384=ADVANCED_FACE('',(#105),#1321,.F.);
#1385=ADVANCED_FACE('',(#106),#1322,.T.);
#1386=ADVANCED_FACE('',(#107),#1323,.T.);
#1387=ADVANCED_FACE('',(#108),#1324,.F.);
#1388=ADVANCED_FACE('',(#109),#56,.F.);
#1389=ADVANCED_FACE('',(#110),#1325,.F.);
#1390=ADVANCED_FACE('',(#111),#1326,.F.);
#1391=ADVANCED_FACE('',(#112),#1327,.F.);
#1392=ADVANCED_FACE('',(#113),#57,.F.);
#1393=ADVANCED_FACE('',(#114),#1328,.T.);
#1394=ADVANCED_FACE('',(#115),#1329,.T.);
#1395=ADVANCED_FACE('',(#116),#1330,.T.);
#1396=ADVANCED_FACE('',(#117),#58,.T.);
#1397=ADVANCED_FACE('',(#118),#59,.T.);
#1398=ADVANCED_FACE('',(#119),#1331,.T.);
#1399=ADVANCED_FACE('',(#120),#1332,.T.);
#1400=ADVANCED_FACE('',(#121),#1333,.T.);
#1401=ADVANCED_FACE('',(#122,#19),#1334,.T.);
#1402=ADVANCED_FACE('',(#123),#60,.T.);
#1403=ADVANCED_FACE('',(#124),#1335,.T.);
#1404=ADVANCED_FACE('',(#125),#1336,.T.);
#1405=ADVANCED_FACE('',(#126),#1337,.T.);
#1406=ADVANCED_FACE('',(#127),#61,.T.);
#1407=ADVANCED_FACE('',(#128),#1338,.T.);
#1408=ADVANCED_FACE('',(#129),#1339,.T.);
#1409=ADVANCED_FACE('',(#130),#1340,.T.);
#1410=ADVANCED_FACE('',(#131),#1341,.F.);
#1411=ADVANCED_FACE('',(#132,#20,#21,#22),#1342,.T.);
#1412=ADVANCED_FACE('',(#133),#15,.T.);
#1413=ADVANCED_FACE('',(#134),#1343,.F.);
#1414=ADVANCED_FACE('',(#135),#1344,.T.);
#1415=ADVANCED_FACE('',(#136),#62,.F.);
#1416=ADVANCED_FACE('',(#137),#63,.F.);
#1417=ADVANCED_FACE('',(#138),#64,.F.);
#1418=ADVANCED_FACE('',(#139),#65,.F.);
#1419=CLOSED_SHELL('',(#1345,#1346,#1347,#1348,#1349,#1350,#1351,#1352,
#1353,#1354,#1355,#1356,#1357,#1358,#1359,#1360,#1361,#1362,#1363,#1364,
#1365,#1366,#1367,#1368,#1369,#1370,#1371,#1372,#1373,#1374,#1375,#1376,
#1377,#1378,#1379,#1380,#1381,#1382,#1383,#1384,#1385,#1386,#1387,#1388,
#1389,#1390,#1391,#1392,#1393,#1394,#1395,#1396,#1397,#1398,#1399,#1400,
#1401,#1402,#1403,#1404,#1405,#1406,#1407,#1408,#1409,#1410,#1411,#1412,
#1413,#1414,#1415,#1416,#1417,#1418));
#1420=DERIVED_UNIT_ELEMENT(#1422,1.);
#1421=DERIVED_UNIT_ELEMENT(#2327,-3.);
#1422=(
MASS_UNIT()
NAMED_UNIT(*)
SI_UNIT(.KILO.,.GRAM.)
);
#1423=DERIVED_UNIT((#1420,#1421));
#1424=MEASURE_REPRESENTATION_ITEM('density measure',
POSITIVE_RATIO_MEASURE(7850.),#1423);
#1425=PROPERTY_DEFINITION_REPRESENTATION(#1430,#1427);
#1426=PROPERTY_DEFINITION_REPRESENTATION(#1431,#1428);
#1427=REPRESENTATION('material name',(#1429),#2324);
#1428=REPRESENTATION('density',(#1424),#2324);
#1429=DESCRIPTIVE_REPRESENTATION_ITEM('\X2\92FC\X0\','\X2\92FC\X0\');
#1430=PROPERTY_DEFINITION('material property','material name',#2334);
#1431=PROPERTY_DEFINITION('material property','density of part',#2334);
#1432=AXIS2_PLACEMENT_3D('',#1918,#1538,#1539);
#1433=AXIS2_PLACEMENT_3D('',#1919,#1540,#1541);
#1434=AXIS2_PLACEMENT_3D('',#1928,#1546,#1547);
#1435=AXIS2_PLACEMENT_3D('',#1934,#1551,#1552);
#1436=AXIS2_PLACEMENT_3D('',#1940,#1556,#1557);
#1437=AXIS2_PLACEMENT_3D('',#1946,#1561,#1562);
#1438=AXIS2_PLACEMENT_3D('',#1952,#1566,#1567);
#1439=AXIS2_PLACEMENT_3D('',#1955,#1570,#1571);
#1440=AXIS2_PLACEMENT_3D('',#1976,#1582,#1583);
#1441=AXIS2_PLACEMENT_3D('',#1978,#1584,#1585);
#1442=AXIS2_PLACEMENT_3D('',#1980,#1586,#1587);
#1443=AXIS2_PLACEMENT_3D('',#1984,#1589,#1590);
#1444=AXIS2_PLACEMENT_3D('',#1986,#1592,#1593);
#1445=AXIS2_PLACEMENT_3D('',#1992,#1597,#1598);
#1446=AXIS2_PLACEMENT_3D('',#1998,#1602,#1603);
#1447=AXIS2_PLACEMENT_3D('',#2004,#1607,#1608);
#1448=AXIS2_PLACEMENT_3D('',#2005,#1609,#1610);
#1449=AXIS2_PLACEMENT_3D('',#2006,#1611,#1612);
#1450=AXIS2_PLACEMENT_3D('',#2007,#1613,#1614);
#1451=AXIS2_PLACEMENT_3D('',#2011,#1616,#1617);
#1452=AXIS2_PLACEMENT_3D('',#2014,#1619,#1620);
#1453=AXIS2_PLACEMENT_3D('',#2015,#1621,#1622);
#1454=AXIS2_PLACEMENT_3D('',#2019,#1625,#1626);
#1455=AXIS2_PLACEMENT_3D('',#2025,#1630,#1631);
#1456=AXIS2_PLACEMENT_3D('',#2028,#1633,#1634);
#1457=AXIS2_PLACEMENT_3D('',#2030,#1635,#1636);
#1458=AXIS2_PLACEMENT_3D('',#2031,#1637,#1638);
#1459=AXIS2_PLACEMENT_3D('',#2035,#1641,#1642);
#1460=AXIS2_PLACEMENT_3D('',#2044,#1647,#1648);
#1461=AXIS2_PLACEMENT_3D('',#2050,#1652,#1653);
#1462=AXIS2_PLACEMENT_3D('',#2056,#1657,#1658);
#1463=AXIS2_PLACEMENT_3D('',#2065,#1663,#1664);
#1464=AXIS2_PLACEMENT_3D('',#2071,#1668,#1669);
#1465=AXIS2_PLACEMENT_3D('',#2077,#1673,#1674);
#1466=AXIS2_PLACEMENT_3D('',#2086,#1679,#1680);
#1467=AXIS2_PLACEMENT_3D('',#2092,#1684,#1685);
#1468=AXIS2_PLACEMENT_3D('',#2098,#1689,#1690);
#1469=AXIS2_PLACEMENT_3D('',#2107,#1695,#1696);
#1470=AXIS2_PLACEMENT_3D('',#2113,#1700,#1701);
#1471=AXIS2_PLACEMENT_3D('',#2116,#1704,#1705);
#1472=AXIS2_PLACEMENT_3D('',#2122,#1709,#1710);
#1473=AXIS2_PLACEMENT_3D('',#2128,#1714,#1715);
#1474=AXIS2_PLACEMENT_3D('',#2134,#1719,#1720);
#1475=AXIS2_PLACEMENT_3D('',#2143,#1725,#1726);
#1476=AXIS2_PLACEMENT_3D('',#2149,#1730,#1731);
#1477=AXIS2_PLACEMENT_3D('',#2155,#1735,#1736);
#1478=AXIS2_PLACEMENT_3D('',#2164,#1741,#1742);
#1479=AXIS2_PLACEMENT_3D('',#2170,#1746,#1747);
#1480=AXIS2_PLACEMENT_3D('',#2176,#1751,#1752);
#1481=AXIS2_PLACEMENT_3D('',#2179,#1754,#1755);
#1482=AXIS2_PLACEMENT_3D('',#2180,#1756,#1757);
#1483=AXIS2_PLACEMENT_3D('',#2183,#1759,#1760);
#1484=AXIS2_PLACEMENT_3D('',#2185,#1762,#1763);
#1485=AXIS2_PLACEMENT_3D('',#2194,#1769,#1770);
#1486=AXIS2_PLACEMENT_3D('',#2196,#1772,#1773);
#1487=AXIS2_PLACEMENT_3D('',#2202,#1777,#1778);
#1488=AXIS2_PLACEMENT_3D('',#2206,#1781,#1782);
#1489=AXIS2_PLACEMENT_3D('',#2208,#1784,#1785);
#1490=AXIS2_PLACEMENT_3D('',#2209,#1786,#1787);
#1491=AXIS2_PLACEMENT_3D('',#2210,#1788,#1789);
#1492=AXIS2_PLACEMENT_3D('',#2212,#1791,#1792);
#1493=AXIS2_PLACEMENT_3D('',#2214,#1794,#1795);
#1494=AXIS2_PLACEMENT_3D('',#2218,#1798,#1799);
#1495=AXIS2_PLACEMENT_3D('',#2219,#1800,#1801);
#1496=AXIS2_PLACEMENT_3D('',#2220,#1802,#1803);
#1497=AXIS2_PLACEMENT_3D('',#2229,#1808,#1809);
#1498=AXIS2_PLACEMENT_3D('',#2235,#1813,#1814);
#1499=AXIS2_PLACEMENT_3D('',#2237,#1815,#1816);
#1500=AXIS2_PLACEMENT_3D('',#2238,#1817,#1818);
#1501=AXIS2_PLACEMENT_3D('',#2239,#1819,#1820);
#1502=AXIS2_PLACEMENT_3D('',#2241,#1821,#1822);
#1503=AXIS2_PLACEMENT_3D('',#2244,#1824,#1825);
#1504=AXIS2_PLACEMENT_3D('',#2245,#1826,#1827);
#1505=AXIS2_PLACEMENT_3D('',#2247,#1828,#1829);
#1506=AXIS2_PLACEMENT_3D('',#2250,#1831,#1832);
#1507=AXIS2_PLACEMENT_3D('',#2251,#1833,#1834);
#1508=AXIS2_PLACEMENT_3D('',#2260,#1839,#1840);
#1509=AXIS2_PLACEMENT_3D('',#2263,#1843,#1844);
#1510=AXIS2_PLACEMENT_3D('',#2264,#1845,#1846);
#1511=AXIS2_PLACEMENT_3D('',#2265,#1847,#1848);
#1512=AXIS2_PLACEMENT_3D('',#2267,#1849,#1850);
#1513=AXIS2_PLACEMENT_3D('',#2273,#1853,#1854);
#1514=AXIS2_PLACEMENT_3D('',#2277,#1857,#1858);
#1515=AXIS2_PLACEMENT_3D('',#2279,#1859,#1860);
#1516=AXIS2_PLACEMENT_3D('',#2281,#1862,#1863);
#1517=AXIS2_PLACEMENT_3D('',#2287,#1867,#1868);
#1518=AXIS2_PLACEMENT_3D('',#2289,#1870,#1871);
#1519=AXIS2_PLACEMENT_3D('',#2290,#1872,#1873);
#1520=AXIS2_PLACEMENT_3D('',#2291,#1874,#1875);
#1521=AXIS2_PLACEMENT_3D('',#2294,#1877,#1878);
#1522=AXIS2_PLACEMENT_3D('',#2295,#1879,#1880);
#1523=AXIS2_PLACEMENT_3D('',#2299,#1883,#1884);
#1524=AXIS2_PLACEMENT_3D('',#2301,#1886,#1887);
#1525=AXIS2_PLACEMENT_3D('',#2302,#1888,#1889);
#1526=AXIS2_PLACEMENT_3D('',#2303,#1890,#1891);
#1527=AXIS2_PLACEMENT_3D('',#2304,#1892,#1893);
#1528=AXIS2_PLACEMENT_3D('',#2306,#1894,#1895);
#1529=AXIS2_PLACEMENT_3D('',#2308,#1896,#1897);
#1530=AXIS2_PLACEMENT_3D('',#2309,#1898,#1899);
#1531=AXIS2_PLACEMENT_3D('',#2311,#1900,#1901);
#1532=AXIS2_PLACEMENT_3D('',#2313,#1903,#1904);
#1533=AXIS2_PLACEMENT_3D('',#2314,#1905,#1906);
#1534=AXIS2_PLACEMENT_3D('',#2316,#1908,#1909);
#1535=AXIS2_PLACEMENT_3D('',#2317,#1910,#1911);
#1536=AXIS2_PLACEMENT_3D('',#2318,#1912,#1913);
#1537=AXIS2_PLACEMENT_3D('',#2320,#1915,#1916);
#1538=DIRECTION('axis',(0.,0.,1.));
#1539=DIRECTION('refdir',(1.,0.,0.));
#1540=DIRECTION('center_axis',(0.,1.,0.));
#1541=DIRECTION('ref_axis',(1.,0.,0.));
#1542=DIRECTION('',(-1.,0.,0.));
#1543=DIRECTION('',(0.,0.,-1.));
#1544=DIRECTION('',(1.,0.,0.));
#1545=DIRECTION('',(0.,0.,-1.));
#1546=DIRECTION('center_axis',(0.866025403784439,0.5,0.));
#1547=DIRECTION('ref_axis',(0.5,-0.866025403784439,0.));
#1548=DIRECTION('',(-0.5,0.866025403784439,0.));
#1549=DIRECTION('',(0.5,-0.866025403784439,0.));
#1550=DIRECTION('',(0.,0.,-1.));
#1551=DIRECTION('center_axis',(0.866025403784439,-0.5,0.));
#1552=DIRECTION('ref_axis',(-0.5,-0.866025403784439,0.));
#1553=DIRECTION('',(0.5,0.866025403784439,0.));
#1554=DIRECTION('',(-0.5,-0.866025403784439,0.));
#1555=DIRECTION('',(0.,0.,-1.));
#1556=DIRECTION('center_axis',(0.,-1.,0.));
#1557=DIRECTION('ref_axis',(-1.,0.,0.));
#1558=DIRECTION('',(1.,0.,0.));
#1559=DIRECTION('',(-1.,0.,0.));
#1560=DIRECTION('',(0.,0.,-1.));
#1561=DIRECTION('center_axis',(-0.866025403784439,-0.5,0.));
#1562=DIRECTION('ref_axis',(-0.5,0.866025403784439,0.));
#1563=DIRECTION('',(0.5,-0.866025403784439,0.));
#1564=DIRECTION('',(-0.5,0.866025403784439,0.));
#1565=DIRECTION('',(0.,0.,-1.));
#1566=DIRECTION('center_axis',(-0.866025403784439,0.5,0.));
#1567=DIRECTION('ref_axis',(0.5,0.866025403784439,0.));
#1568=DIRECTION('',(-0.5,-0.866025403784439,0.));
#1569=DIRECTION('',(0.5,0.866025403784439,0.));
#1570=DIRECTION('center_axis',(-1.,-6.20236326606233E-17,0.));
#1571=DIRECTION('ref_axis',(-6.20236326606233E-17,1.,0.));
#1572=DIRECTION('',(6.20236326606233E-17,-1.,0.));
#1573=DIRECTION('',(0.,0.,-1.));
#1574=DIRECTION('',(-6.20236326606233E-17,1.,0.));
#1575=DIRECTION('',(0.,0.,-1.));
#1576=DIRECTION('',(6.20236326606233E-17,-1.,0.));
#1577=DIRECTION('',(0.,0.,1.));
#1578=DIRECTION('',(6.20236326606233E-17,-1.,0.));
#1579=DIRECTION('',(0.,0.,-1.));
#1580=DIRECTION('',(6.20236326606233E-17,-1.,0.));
#1581=DIRECTION('',(0.,0.,1.));
#1582=DIRECTION('center_axis',(0.,0.,-1.));
#1583=DIRECTION('ref_axis',(0.,-1.,0.));
#1584=DIRECTION('center_axis',(0.,0.,-1.));
#1585=DIRECTION('ref_axis',(0.,-1.,0.));
#1586=DIRECTION('center_axis',(0.,0.,1.));
#1587=DIRECTION('ref_axis',(0.,-1.,0.));
#1588=DIRECTION('',(0.,0.,-1.));
#1589=DIRECTION('center_axis',(0.,0.,-1.));
#1590=DIRECTION('ref_axis',(0.,-1.,0.));
#1591=DIRECTION('',(0.,0.,-1.));
#1592=DIRECTION('center_axis',(0.,-1.,0.));
#1593=DIRECTION('ref_axis',(-1.,0.,0.));
#1594=DIRECTION('',(1.,0.,0.));
#1595=DIRECTION('',(0.,0.,-1.));
#1596=DIRECTION('',(-1.,0.,0.));
#1597=DIRECTION('center_axis',(0.,1.,0.));
#1598=DIRECTION('ref_axis',(1.,0.,0.));
#1599=DIRECTION('',(-1.,0.,0.));
#1600=DIRECTION('',(1.,0.,0.));
#1601=DIRECTION('',(0.,0.,-1.));
#1602=DIRECTION('center_axis',(1.,6.20236326606233E-17,0.));
#1603=DIRECTION('ref_axis',(6.20236326606233E-17,-1.,0.));
#1604=DIRECTION('',(-6.20236326606233E-17,1.,0.));
#1605=DIRECTION('',(6.20236326606233E-17,-1.,0.));
#1606=DIRECTION('',(0.,0.,-1.));
#1607=DIRECTION('center_axis',(0.,0.,-1.));
#1608=DIRECTION('ref_axis',(0.,1.,0.));
#1609=DIRECTION('center_axis',(0.,0.,-1.));
#1610=DIRECTION('ref_axis',(0.,1.,0.));
#1611=DIRECTION('center_axis',(0.,0.,1.));
#1612=DIRECTION('ref_axis',(0.,1.,0.));
#1613=DIRECTION('center_axis',(0.,0.,1.));
#1614=DIRECTION('ref_axis',(1.,0.,0.));
#1615=DIRECTION('',(-0.999999999999975,2.21743470260203E-7,0.));
#1616=DIRECTION('center_axis',(0.,0.,-1.));
#1617=DIRECTION('ref_axis',(1.,0.,0.));
#1618=DIRECTION('',(0.999999999999975,2.21743470038158E-7,0.));
#1619=DIRECTION('center_axis',(0.,0.,1.));
#1620=DIRECTION('ref_axis',(1.,0.,0.));
#1621=DIRECTION('center_axis',(2.21743470260203E-7,0.999999999999976,0.));
#1622=DIRECTION('ref_axis',(0.999999999999975,-2.21743470260203E-7,0.));
#1623=DIRECTION('',(0.999999999999975,-2.21743470260203E-7,0.));
#1624=DIRECTION('',(0.,0.,-1.));
#1625=DIRECTION('center_axis',(0.,-1.,0.));
#1626=DIRECTION('ref_axis',(-1.,0.,0.));
#1627=DIRECTION('',(1.,0.,0.));
#1628=DIRECTION('',(0.,0.,-1.));
#1629=DIRECTION('',(-1.,0.,0.));
#1630=DIRECTION('center_axis',(0.,0.,1.));
#1631=DIRECTION('ref_axis',(1.,0.,0.));
#1632=DIRECTION('',(-1.,0.,0.));
#1633=DIRECTION('center_axis',(0.,0.,-1.));
#1634=DIRECTION('ref_axis',(1.,0.,0.));
#1635=DIRECTION('center_axis',(0.,0.,1.));
#1636=DIRECTION('ref_axis',(1.,0.,0.));
#1637=DIRECTION('center_axis',(0.,1.,0.));
#1638=DIRECTION('ref_axis',(1.,0.,0.));
#1639=DIRECTION('',(1.,0.,0.));
#1640=DIRECTION('',(0.,0.,-1.));
#1641=DIRECTION('center_axis',(-0.857492925712544,-0.514495755427527,0.));
#1642=DIRECTION('ref_axis',(0.514495755427527,-0.857492925712544,0.));
#1643=DIRECTION('',(-0.514495755427527,0.857492925712544,0.));
#1644=DIRECTION('',(0.,0.,1.));
#1645=DIRECTION('',(0.514495755427527,-0.857492925712544,0.));
#1646=DIRECTION('',(0.,0.,1.));
#1647=DIRECTION('center_axis',(0.857492925712544,-0.514495755427527,0.));
#1648=DIRECTION('ref_axis',(0.514495755427527,0.857492925712544,0.));
#1649=DIRECTION('',(0.514495755427527,0.857492925712544,0.));
#1650=DIRECTION('',(0.,0.,-1.));
#1651=DIRECTION('',(0.514495755427527,0.857492925712544,0.));
#1652=DIRECTION('center_axis',(2.73525382138079E-9,1.,0.));
#1653=DIRECTION('ref_axis',(-1.,2.73525382138079E-9,0.));
#1654=DIRECTION('',(-1.,2.73525382138079E-9,0.));
#1655=DIRECTION('',(0.,0.,-1.));
#1656=DIRECTION('',(-1.,2.73525382138079E-9,0.));
#1657=DIRECTION('center_axis',(-0.857492925712544,0.514495755427527,0.));
#1658=DIRECTION('ref_axis',(-0.514495755427527,-0.857492925712544,0.));
#1659=DIRECTION('',(-0.514495755427527,-0.857492925712544,0.));
#1660=DIRECTION('',(0.,0.,-1.));
#1661=DIRECTION('',(-0.514495755427527,-0.857492925712544,0.));
#1662=DIRECTION('',(0.,0.,1.));
#1663=DIRECTION('center_axis',(0.857492925712544,0.514495755427527,0.));
#1664=DIRECTION('ref_axis',(-0.514495755427527,0.857492925712544,0.));
#1665=DIRECTION('',(0.514495755427527,-0.857492925712544,0.));
#1666=DIRECTION('',(-0.514495755427527,0.857492925712544,0.));
#1667=DIRECTION('',(0.,0.,1.));
#1668=DIRECTION('center_axis',(7.42976911817777E-8,-0.999999999999997,0.));
#1669=DIRECTION('ref_axis',(0.999999999999997,7.42976911817777E-8,0.));
#1670=DIRECTION('',(0.999999999999997,7.42976911817777E-8,0.));
#1671=DIRECTION('',(0.,0.,1.));
#1672=DIRECTION('',(0.999999999999997,7.42976911817777E-8,0.));
#1673=DIRECTION('center_axis',(0.514495755427527,0.857492925712544,0.));
#1674=DIRECTION('ref_axis',(-0.857492925712544,0.514495755427527,0.));
#1675=DIRECTION('',(-0.857492925712544,0.514495755427527,0.));
#1676=DIRECTION('',(0.,0.,-1.));
#1677=DIRECTION('',(-0.857492925712544,0.514495755427527,0.));
#1678=DIRECTION('',(0.,0.,1.));
#1679=DIRECTION('center_axis',(0.514495755427524,-0.857492925712546,0.));
#1680=DIRECTION('ref_axis',(0.857492925712546,0.514495755427524,0.));
#1681=DIRECTION('',(-0.857492925712546,-0.514495755427524,0.));
#1682=DIRECTION('',(0.857492925712546,0.514495755427524,0.));
#1683=DIRECTION('',(0.,0.,1.));
#1684=DIRECTION('center_axis',(-0.999999999999973,-2.31631546623495E-7,
0.));
#1685=DIRECTION('ref_axis',(2.31631546623495E-7,-0.999999999999973,0.));
#1686=DIRECTION('',(2.31631546623495E-7,-0.999999999999973,0.));
#1687=DIRECTION('',(0.,0.,1.));
#1688=DIRECTION('',(2.31631546623495E-7,-0.999999999999973,0.));
#1689=DIRECTION('center_axis',(-0.514495755427527,0.857492925712544,0.));
#1690=DIRECTION('ref_axis',(-0.857492925712544,-0.514495755427527,0.));
#1691=DIRECTION('',(0.857492925712544,0.514495755427527,0.));
#1692=DIRECTION('',(0.,0.,1.));
#1693=DIRECTION('',(-0.857492925712544,-0.514495755427527,0.));
#1694=DIRECTION('',(0.,0.,1.));
#1695=DIRECTION('center_axis',(-0.514495755427524,-0.857492925712546,0.));
#1696=DIRECTION('ref_axis',(0.857492925712546,-0.514495755427524,0.));
#1697=DIRECTION('',(0.857492925712546,-0.514495755427524,0.));
#1698=DIRECTION('',(0.,0.,-1.));
#1699=DIRECTION('',(0.857492925712546,-0.514495755427524,0.));
#1700=DIRECTION('center_axis',(0.999999999999997,-7.55993583845621E-8,0.));
#1701=DIRECTION('ref_axis',(7.55993583845621E-8,0.999999999999997,0.));
#1702=DIRECTION('',(7.55993583845621E-8,0.999999999999997,0.));
#1703=DIRECTION('',(7.55993583845621E-8,0.999999999999997,0.));
#1704=DIRECTION('center_axis',(0.857492925712544,-0.514495755427527,0.));
#1705=DIRECTION('ref_axis',(0.514495755427527,0.857492925712544,0.));
#1706=DIRECTION('',(0.514495755427527,0.857492925712544,0.));
#1707=DIRECTION('',(0.514495755427527,0.857492925712544,0.));
#1708=DIRECTION('',(0.,0.,1.));
#1709=DIRECTION('center_axis',(-0.857492925712544,-0.514495755427527,0.));
#1710=DIRECTION('ref_axis',(0.514495755427527,-0.857492925712544,0.));
#1711=DIRECTION('',(-0.514495755427527,0.857492925712544,0.));
#1712=DIRECTION('',(0.514495755427527,-0.857492925712544,0.));
#1713=DIRECTION('',(0.,0.,1.));
#1714=DIRECTION('center_axis',(7.55993583845621E-8,0.999999999999997,0.));
#1715=DIRECTION('ref_axis',(-0.999999999999997,7.55993583845621E-8,0.));
#1716=DIRECTION('',(-0.999999999999997,7.55993583845621E-8,0.));
#1717=DIRECTION('',(0.,0.,1.));
#1718=DIRECTION('',(-0.999999999999997,7.55993583845621E-8,0.));
#1719=DIRECTION('center_axis',(0.857492925712544,0.514495755427527,0.));
#1720=DIRECTION('ref_axis',(-0.514495755427527,0.857492925712544,0.));
#1721=DIRECTION('',(0.514495755427527,-0.857492925712544,0.));
#1722=DIRECTION('',(0.,0.,1.));
#1723=DIRECTION('',(-0.514495755427527,0.857492925712544,0.));
#1724=DIRECTION('',(0.,0.,1.));
#1725=DIRECTION('center_axis',(-0.857492925712544,0.514495755427527,0.));
#1726=DIRECTION('ref_axis',(-0.514495755427527,-0.857492925712544,0.));
#1727=DIRECTION('',(-0.514495755427527,-0.857492925712544,0.));
#1728=DIRECTION('',(0.,0.,-1.));
#1729=DIRECTION('',(-0.514495755427527,-0.857492925712544,0.));
#1730=DIRECTION('center_axis',(-1.09129144728831E-7,-0.999999999999994,
0.));
#1731=DIRECTION('ref_axis',(0.999999999999994,-1.09129144728831E-7,0.));
#1732=DIRECTION('',(0.999999999999994,-1.09129144728831E-7,0.));
#1733=DIRECTION('',(0.,0.,1.));
#1734=DIRECTION('',(0.999999999999994,-1.09129144728831E-7,0.));
#1735=DIRECTION('center_axis',(0.514495755427527,-0.857492925712544,0.));
#1736=DIRECTION('ref_axis',(0.857492925712544,0.514495755427527,0.));
#1737=DIRECTION('',(-0.857492925712544,-0.514495755427527,0.));
#1738=DIRECTION('',(0.,0.,1.));
#1739=DIRECTION('',(0.857492925712544,0.514495755427527,0.));
#1740=DIRECTION('',(0.,0.,1.));
#1741=DIRECTION('center_axis',(0.51449575542753,0.857492925712542,0.));
#1742=DIRECTION('ref_axis',(-0.857492925712542,0.51449575542753,0.));
#1743=DIRECTION('',(-0.857492925712542,0.51449575542753,0.));
#1744=DIRECTION('',(0.,0.,-1.));
#1745=DIRECTION('',(-0.857492925712542,0.51449575542753,0.));
#1746=DIRECTION('center_axis',(-0.99999999999997,2.4571631785644E-7,0.));
#1747=DIRECTION('ref_axis',(-2.4571631785644E-7,-0.99999999999997,0.));
#1748=DIRECTION('',(-2.4571631785644E-7,-0.99999999999997,0.));
#1749=DIRECTION('',(0.,0.,1.));
#1750=DIRECTION('',(-2.4571631785644E-7,-0.99999999999997,0.));
#1751=DIRECTION('center_axis',(0.,0.,1.));
#1752=DIRECTION('ref_axis',(1.,0.,0.));
#1753=DIRECTION('',(-0.999999999999975,-2.21743470038158E-7,0.));
#1754=DIRECTION('center_axis',(0.,0.,1.));
#1755=DIRECTION('ref_axis',(1.,0.,0.));
#1756=DIRECTION('center_axis',(0.,0.,1.));
#1757=DIRECTION('ref_axis',(1.,0.,0.));
#1758=DIRECTION('',(-0.999999999999994,-1.09129145133283E-7,0.));
#1759=DIRECTION('center_axis',(0.,0.,1.));
#1760=DIRECTION('ref_axis',(-0.937559105009667,-0.347825997610116,0.));
#1761=DIRECTION('',(-5.96137909827503E-9,-1.,0.));
#1762=DIRECTION('center_axis',(0.,0.,1.));
#1763=DIRECTION('ref_axis',(-0.304347940426718,-0.952560933042089,0.));
#1764=DIRECTION('',(1.,-1.91216059453768E-9,0.));
#1765=DIRECTION('',(1.91216082569994E-9,1.,0.));
#1766=DIRECTION('',(-0.857492925712543,-0.514495755427529,0.));
#1767=DIRECTION('',(0.857492925712544,-0.514495755427527,0.));
#1768=DIRECTION('',(-7.42976911817776E-8,0.999999999999997,0.));
#1769=DIRECTION('center_axis',(-1.,5.96137909827503E-9,0.));
#1770=DIRECTION('ref_axis',(-5.96137909827503E-9,-1.,0.));
#1771=DIRECTION('',(-5.96137909827503E-9,-1.,0.));
#1772=DIRECTION('center_axis',(-0.514495755427527,-0.857492925712544,0.));
#1773=DIRECTION('ref_axis',(0.857492925712544,-0.514495755427527,0.));
#1774=DIRECTION('',(0.857492925712544,-0.514495755427527,0.));
#1775=DIRECTION('',(0.,0.,-1.));
#1776=DIRECTION('',(0.,0.,1.));
#1777=DIRECTION('center_axis',(-0.514495755427529,0.857492925712543,0.));
#1778=DIRECTION('ref_axis',(-0.857492925712543,-0.514495755427529,0.));
#1779=DIRECTION('',(0.857492925712543,0.514495755427529,0.));
#1780=DIRECTION('',(0.,0.,1.));
#1781=DIRECTION('center_axis',(0.999999999999997,7.42976911817776E-8,0.));
#1782=DIRECTION('ref_axis',(-7.42976911817776E-8,0.999999999999997,0.));
#1783=DIRECTION('',(-7.42976911817776E-8,0.999999999999997,0.));
#1784=DIRECTION('center_axis',(0.,0.,1.));
#1785=DIRECTION('ref_axis',(-0.304347940426718,-0.952560933042089,0.));
#1786=DIRECTION('center_axis',(0.,0.,1.));
#1787=DIRECTION('ref_axis',(-0.304347940426718,-0.952560933042089,0.));
#1788=DIRECTION('center_axis',(-1.91216059453768E-9,-1.,0.));
#1789=DIRECTION('ref_axis',(1.,-1.91216059453768E-9,0.));
#1790=DIRECTION('',(1.,-1.91216059453768E-9,0.));
#1791=DIRECTION('center_axis',(1.,-1.91216082569994E-9,0.));
#1792=DIRECTION('ref_axis',(1.91216082569994E-9,1.,0.));
#1793=DIRECTION('',(1.91216082569994E-9,1.,0.));
#1794=DIRECTION('center_axis',(-1.09129145133283E-7,0.999999999999994,0.));
#1795=DIRECTION('ref_axis',(-0.999999999999994,-1.09129145133283E-7,0.));
#1796=DIRECTION('',(-0.999999999999994,-1.09129145133283E-7,0.));
#1797=DIRECTION('',(0.,0.,1.));
#1798=DIRECTION('center_axis',(0.,0.,1.));
#1799=DIRECTION('ref_axis',(-0.937559105009667,-0.347825997610116,0.));
#1800=DIRECTION('center_axis',(0.,0.,1.));
#1801=DIRECTION('ref_axis',(-0.937559105009667,-0.347825997610116,0.));
#1802=DIRECTION('center_axis',(-0.499999999999996,0.866025403784441,0.));
#1803=DIRECTION('ref_axis',(0.866025403784441,0.499999999999996,0.));
#1804=DIRECTION('',(-0.866025403784441,-0.499999999999996,0.));
#1805=DIRECTION('',(0.,0.,1.));
#1806=DIRECTION('',(0.866025403784441,0.499999999999996,0.));
#1807=DIRECTION('',(0.,0.,-1.));
#1808=DIRECTION('center_axis',(-0.5,-0.866025403784439,0.));
#1809=DIRECTION('ref_axis',(-0.866025403784439,0.5,0.));
#1810=DIRECTION('',(0.866025403784439,-0.5,0.));
#1811=DIRECTION('',(-0.866025403784439,0.5,0.));
#1812=DIRECTION('',(0.,0.,-1.));
#1813=DIRECTION('center_axis',(0.,0.,-1.));
#1814=DIRECTION('ref_axis',(1.,0.,0.));
#1815=DIRECTION('center_axis',(0.,0.,-1.));
#1816=DIRECTION('ref_axis',(1.,0.,0.));
#1817=DIRECTION('center_axis',(0.,0.,-1.));
#1818=DIRECTION('ref_axis',(1.,0.,0.));
#1819=DIRECTION('center_axis',(0.,0.,-1.));
#1820=DIRECTION('ref_axis',(1.,0.,0.));
#1821=DIRECTION('center_axis',(0.,0.,1.));
#1822=DIRECTION('ref_axis',(1.,0.,0.));
#1823=DIRECTION('',(0.,0.,-1.));
#1824=DIRECTION('center_axis',(0.,0.,-1.));
#1825=DIRECTION('ref_axis',(1.,0.,0.));
#1826=DIRECTION('center_axis',(0.,0.,-1.));
#1827=DIRECTION('ref_axis',(1.,0.,0.));
#1828=DIRECTION('center_axis',(0.,0.,-1.));
#1829=DIRECTION('ref_axis',(1.,0.,0.));
#1830=DIRECTION('',(0.,0.,1.));
#1831=DIRECTION('center_axis',(0.,0.,1.));
#1832=DIRECTION('ref_axis',(1.,0.,0.));
#1833=DIRECTION('center_axis',(0.866025403784441,-0.499999999999997,0.));
#1834=DIRECTION('ref_axis',(-0.499999999999997,-0.86602540378444,0.));
#1835=DIRECTION('',(0.499999999999997,0.86602540378444,0.));
#1836=DIRECTION('',(0.,0.,-1.));
#1837=DIRECTION('',(-0.499999999999997,-0.86602540378444,0.));
#1838=DIRECTION('',(0.,0.,-1.));
#1839=DIRECTION('center_axis',(-0.86602540378444,-0.499999999999998,0.));
#1840=DIRECTION('ref_axis',(-0.499999999999998,0.86602540378444,0.));
#1841=DIRECTION('',(0.499999999999998,-0.86602540378444,0.));
#1842=DIRECTION('',(-0.499999999999998,0.86602540378444,0.));
#1843=DIRECTION('center_axis',(0.,0.,-1.));
#1844=DIRECTION('ref_axis',(1.,0.,0.));
#1845=DIRECTION('center_axis',(0.,0.,-1.));
#1846=DIRECTION('ref_axis',(1.,0.,0.));
#1847=DIRECTION('center_axis',(0.,0.,-1.));
#1848=DIRECTION('ref_axis',(1.,0.,0.));
#1849=DIRECTION('center_axis',(0.,0.,1.));
#1850=DIRECTION('ref_axis',(1.,0.,0.));
#1851=DIRECTION('',(0.86602540378444,0.499999999999998,0.));
#1852=DIRECTION('',(-0.866025403784441,0.499999999999997,0.));
#1853=DIRECTION('center_axis',(0.,0.,1.));
#1854=DIRECTION('ref_axis',(1.,0.,0.));
#1855=DIRECTION('',(-0.499999999999996,0.866025403784441,0.));
#1856=DIRECTION('',(-0.5,-0.866025403784439,0.));
#1857=DIRECTION('center_axis',(0.,0.,-1.));
#1858=DIRECTION('ref_axis',(1.,0.,0.));
#1859=DIRECTION('center_axis',(0.,0.,-1.));
#1860=DIRECTION('ref_axis',(1.,0.,0.));
#1861=DIRECTION('',(0.,0.,1.));
#1862=DIRECTION('center_axis',(0.866025403784441,0.499999999999996,0.));
#1863=DIRECTION('ref_axis',(0.499999999999996,-0.866025403784441,0.));
#1864=DIRECTION('',(0.,0.,1.));
#1865=DIRECTION('',(0.499999999999996,-0.866025403784441,0.));
#1866=DIRECTION('',(0.,0.,-1.));
#1867=DIRECTION('center_axis',(-0.866025403784439,0.5,0.));
#1868=DIRECTION('ref_axis',(0.5,0.866025403784439,0.));
#1869=DIRECTION('',(0.5,0.866025403784439,0.));
#1870=DIRECTION('center_axis',(0.,0.,-1.));
#1871=DIRECTION('ref_axis',(1.,0.,0.));
#1872=DIRECTION('center_axis',(0.,0.,-1.));
#1873=DIRECTION('ref_axis',(1.,0.,0.));
#1874=DIRECTION('center_axis',(0.,0.,-1.));
#1875=DIRECTION('ref_axis',(1.,0.,0.));
#1876=DIRECTION('',(0.,0.,-1.));
#1877=DIRECTION('center_axis',(0.,0.,-1.));
#1878=DIRECTION('ref_axis',(1.,0.,0.));
#1879=DIRECTION('center_axis',(0.499999999999997,0.866025403784441,0.));
#1880=DIRECTION('ref_axis',(0.866025403784441,-0.499999999999997,0.));
#1881=DIRECTION('',(0.,0.,-1.));
#1882=DIRECTION('',(0.866025403784441,-0.499999999999997,0.));
#1883=DIRECTION('center_axis',(0.499999999999998,-0.86602540378444,0.));
#1884=DIRECTION('ref_axis',(-0.86602540378444,-0.499999999999998,0.));
#1885=DIRECTION('',(-0.86602540378444,-0.499999999999998,0.));
#1886=DIRECTION('center_axis',(0.,0.,-1.));
#1887=DIRECTION('ref_axis',(1.,0.,0.));
#1888=DIRECTION('center_axis',(0.,0.,-1.));
#1889=DIRECTION('ref_axis',(1.,0.,0.));
#1890=DIRECTION('center_axis',(0.,0.,-1.));
#1891=DIRECTION('ref_axis',(-1.,0.,0.));
#1892=DIRECTION('center_axis',(0.,0.,1.));
#1893=DIRECTION('ref_axis',(1.,0.,0.));
#1894=DIRECTION('center_axis',(0.,0.,-1.));
#1895=DIRECTION('ref_axis',(1.,0.,0.));
#1896=DIRECTION('center_axis',(0.,0.,-1.));
#1897=DIRECTION('ref_axis',(1.,0.,0.));
#1898=DIRECTION('center_axis',(0.,0.,1.));
#1899=DIRECTION('ref_axis',(1.,0.,0.));
#1900=DIRECTION('center_axis',(0.,0.,1.));
#1901=DIRECTION('ref_axis',(1.,0.,0.));
#1902=DIRECTION('',(-0.707106781186547,8.65956056235493E-17,0.707106781186548));
#1903=DIRECTION('center_axis',(0.,0.,1.));
#1904=DIRECTION('ref_axis',(1.,0.,0.));
#1905=DIRECTION('center_axis',(2.21743470038158E-7,-0.999999999999976,0.));
#1906=DIRECTION('ref_axis',(-0.999999999999975,-2.21743470038158E-7,0.));
#1907=DIRECTION('',(0.,0.,-1.));
#1908=DIRECTION('center_axis',(0.,0.,-1.));
#1909=DIRECTION('ref_axis',(-1.,-1.22464679914735E-16,0.));
#1910=DIRECTION('center_axis',(0.,0.,-1.));
#1911=DIRECTION('ref_axis',(-1.,3.89573857868908E-14,0.));
#1912=DIRECTION('center_axis',(0.,0.,-1.));
#1913=DIRECTION('ref_axis',(1.,0.,0.));
#1914=DIRECTION('',(0.,0.,1.));
#1915=DIRECTION('center_axis',(0.,0.,-1.));
#1916=DIRECTION('ref_axis',(1.,0.,0.));
#1917=DIRECTION('',(0.,0.,1.));
#1918=CARTESIAN_POINT('',(0.,0.,0.));
#1919=CARTESIAN_POINT('Origin',(-8.79999980330467,-9.01961504066655,0.));
#1920=CARTESIAN_POINT('',(-8.19999981671572,-9.01961504066655,0.));
#1921=CARTESIAN_POINT('',(-8.79999980330467,-9.01961504066655,0.));
#1922=CARTESIAN_POINT('',(-8.79999980330467,-9.01961504066655,0.));
#1923=CARTESIAN_POINT('',(-8.19999981671572,-9.01961504066655,-2.5));
#1924=CARTESIAN_POINT('',(-8.19999981671572,-9.01961504066655,0.));
#1925=CARTESIAN_POINT('',(-8.79999980330467,-9.01961504066655,-2.5));
#1926=CARTESIAN_POINT('',(-8.64999996498227,-9.01961504066655,-2.5));
#1927=CARTESIAN_POINT('',(-8.79999980330467,-9.01961504066655,0.));
#1928=CARTESIAN_POINT('Origin',(-9.09999979659915,-8.49999981001019,0.));
#1929=CARTESIAN_POINT('',(-9.09999979659915,-8.49999981001019,0.));
#1930=CARTESIAN_POINT('',(-9.09999979659915,-8.49999981001019,0.));
#1931=CARTESIAN_POINT('',(-9.09999979659915,-8.49999981001019,-2.5));
#1932=CARTESIAN_POINT('',(-9.02499976930007,-8.62990366786125,-2.5));
#1933=CARTESIAN_POINT('',(-9.09999979659915,-8.49999981001019,0.));
#1934=CARTESIAN_POINT('Origin',(-8.79999980330467,-7.98038457935384,0.));
#1935=CARTESIAN_POINT('',(-8.79999980330467,-7.98038457935384,0.));
#1936=CARTESIAN_POINT('',(-8.79999980330467,-7.98038457935384,0.));
#1937=CARTESIAN_POINT('',(-8.79999980330467,-7.98038457935384,-2.5));
#1938=CARTESIAN_POINT('',(-8.87499990976617,-8.11028857431822,-2.5));
#1939=CARTESIAN_POINT('',(-8.79999980330467,-7.98038457935384,0.));
#1940=CARTESIAN_POINT('Origin',(-8.19999981671572,-7.98038457935384,0.));
#1941=CARTESIAN_POINT('',(-8.19999981671572,-7.98038457935384,0.));
#1942=CARTESIAN_POINT('',(-8.19999981671572,-7.98038457935384,0.));
#1943=CARTESIAN_POINT('',(-8.19999981671572,-7.98038457935384,-2.5));
#1944=CARTESIAN_POINT('',(-8.34999997168779,-7.98038457935384,-2.5));
#1945=CARTESIAN_POINT('',(-8.19999981671572,-7.98038457935384,0.));
#1946=CARTESIAN_POINT('Origin',(-7.89999982342124,-8.49999981001019,0.));
#1947=CARTESIAN_POINT('',(-7.89999982342124,-8.49999981001019,0.));
#1948=CARTESIAN_POINT('',(-7.89999982342124,-8.49999981001019,0.));
#1949=CARTESIAN_POINT('',(-7.89999982342124,-8.49999981001019,-2.5));
#1950=CARTESIAN_POINT('',(-7.9749997927694,-8.37009605253307,-2.5));
#1951=CARTESIAN_POINT('',(-7.89999982342124,-8.49999981001019,0.));
#1952=CARTESIAN_POINT('Origin',(-8.19999981671572,-9.01961504066655,0.));
#1953=CARTESIAN_POINT('',(-8.19999981671572,-9.01961504066655,0.));
#1954=CARTESIAN_POINT('',(-8.12499992652997,-8.88971142030276,-2.5));
#1955=CARTESIAN_POINT('Origin',(9.9,-8.,0.));
#1956=CARTESIAN_POINT('',(9.9,9.9,-3.5));
#1957=CARTESIAN_POINT('',(9.9,8.10000077060289,-3.5));
#1958=CARTESIAN_POINT('',(9.9,-4.,-3.5));
#1959=CARTESIAN_POINT('',(9.9,9.9,0.));
#1960=CARTESIAN_POINT('',(9.9,9.9,0.));
#1961=CARTESIAN_POINT('',(9.9,-8.,0.));
#1962=CARTESIAN_POINT('',(9.9,-4.,0.));
#1963=CARTESIAN_POINT('',(9.9,-8.,-1.));
#1964=CARTESIAN_POINT('',(9.9,-8.,0.));
#1965=CARTESIAN_POINT('',(9.9,-3.89999991282821,-1.));
#1966=CARTESIAN_POINT('',(9.9,-4.,-1.));
#1967=CARTESIAN_POINT('',(9.9,-3.89999991282821,-3.5));
#1968=CARTESIAN_POINT('',(9.9,-3.89999991282821,0.));
#1969=CARTESIAN_POINT('',(9.9,3.89999970623426,-3.5));
#1970=CARTESIAN_POINT('',(9.9,-4.,-3.5));
#1971=CARTESIAN_POINT('',(9.9,3.89999970623427,-1.));
#1972=CARTESIAN_POINT('',(9.9,3.89999970623427,0.));
#1973=CARTESIAN_POINT('',(9.9,8.10000077060289,-1.));
#1974=CARTESIAN_POINT('',(9.9,-4.,-1.));
#1975=CARTESIAN_POINT('',(9.9,8.10000077060289,0.));
#1976=CARTESIAN_POINT('Origin',(8.,-8.,0.));
#1977=CARTESIAN_POINT('',(9.89736660564315,-8.09999981895089,-1.));
#1978=CARTESIAN_POINT('Origin',(8.,-8.,-1.));
#1979=CARTESIAN_POINT('',(8.,-9.9,0.));
#1980=CARTESIAN_POINT('Origin',(8.,-8.,0.));
#1981=CARTESIAN_POINT('',(8.,-9.9,-3.5));
#1982=CARTESIAN_POINT('',(8.,-9.9,0.));
#1983=CARTESIAN_POINT('',(9.89736660564315,-8.09999981895089,-3.5));
#1984=CARTESIAN_POINT('Origin',(8.,-8.,-3.5));
#1985=CARTESIAN_POINT('',(9.89736660564315,-8.09999981895089,0.));
#1986=CARTESIAN_POINT('Origin',(9.9,9.9,0.));
#1987=CARTESIAN_POINT('',(-8.,9.9,-3.5));
#1988=CARTESIAN_POINT('',(4.95,9.9,-3.5));
#1989=CARTESIAN_POINT('',(-8.,9.9,0.));
#1990=CARTESIAN_POINT('',(-8.,9.9,0.));
#1991=CARTESIAN_POINT('',(4.95,9.9,0.));
#1992=CARTESIAN_POINT('Origin',(-9.9,-9.9,0.));
#1993=CARTESIAN_POINT('',(-9.9,-9.9,-3.5));
#1994=CARTESIAN_POINT('',(-4.95,-9.9,-3.5));
#1995=CARTESIAN_POINT('',(-9.9,-9.9,0.));
#1996=CARTESIAN_POINT('',(-4.95,-9.9,0.));
#1997=CARTESIAN_POINT('',(-9.9,-9.9,0.));
#1998=CARTESIAN_POINT('Origin',(-9.9,8.,0.));
#1999=CARTESIAN_POINT('',(-9.9,8.,-3.5));
#2000=CARTESIAN_POINT('',(-9.9,4.,-3.5));
#2001=CARTESIAN_POINT('',(-9.9,8.,0.));
#2002=CARTESIAN_POINT('',(-9.9,4.,0.));
#2003=CARTESIAN_POINT('',(-9.9,8.,0.));
#2004=CARTESIAN_POINT('Origin',(-8.,8.,0.));
#2005=CARTESIAN_POINT('Origin',(-8.,8.,-3.5));
#2006=CARTESIAN_POINT('Origin',(-8.,8.,0.));
#2007=CARTESIAN_POINT('Origin',(0.,0.,-1.));
#2008=CARTESIAN_POINT('',(7.49999983236194,3.90000023841863,-1.));
#2009=CARTESIAN_POINT('',(3.75000034858095,3.90000106995653,-1.));
#2010=CARTESIAN_POINT('',(7.49999983236194,8.10000023841853,-1.));
#2011=CARTESIAN_POINT('Origin',(7.50000029802322,6.00000023841858,-1.));
#2012=CARTESIAN_POINT('',(4.9999991019391,8.09999968405969,-1.));
#2013=CARTESIAN_POINT('',(6.39999985694879,6.00000023841858,-1.));
#2014=CARTESIAN_POINT('Origin',(7.50000029802322,6.00000023841858,-1.));
#2015=CARTESIAN_POINT('Origin',(7.49999983236194,3.90000023841863,0.));
#2016=CARTESIAN_POINT('',(7.49999983236194,3.90000023841863,-3.5));
#2017=CARTESIAN_POINT('',(7.49999983236194,3.90000023841863,-3.5));
#2018=CARTESIAN_POINT('',(7.49999983236194,3.90000023841863,0.));
#2019=CARTESIAN_POINT('Origin',(10.,-3.89999991282821,0.));
#2020=CARTESIAN_POINT('',(7.49999983236194,-3.89999991282821,-1.));
#2021=CARTESIAN_POINT('',(5.,-3.89999991282821,-1.));
#2022=CARTESIAN_POINT('',(7.49999983236194,-3.89999991282821,-3.5));
#2023=CARTESIAN_POINT('',(7.49999983236194,-3.89999991282821,0.));
#2024=CARTESIAN_POINT('',(7.49999983236194,-3.89999991282821,-3.5));
#2025=CARTESIAN_POINT('Origin',(0.,0.,-1.));
#2026=CARTESIAN_POINT('',(7.49999983236194,-8.09999981895089,-1.));
#2027=CARTESIAN_POINT('',(3.74999991618097,-8.09999981895089,-1.));
#2028=CARTESIAN_POINT('Origin',(7.50000029802322,-6.00000023841858,-1.));
#2029=CARTESIAN_POINT('',(6.40000078827136,-6.00000023841858,-1.));
#2030=CARTESIAN_POINT('Origin',(7.50000029802322,-6.00000023841858,-1.));
#2031=CARTESIAN_POINT('Origin',(7.49999983236194,-8.09999981895089,0.));
#2032=CARTESIAN_POINT('',(7.49999983236194,-8.09999981895089,-3.5));
#2033=CARTESIAN_POINT('',(7.49999983236194,-8.09999981895089,-3.5));
#2034=CARTESIAN_POINT('',(7.49999983236194,-8.09999981895089,0.));
#2035=CARTESIAN_POINT('Origin',(2.35000011161901,-6.80000032298267,-5.5));
#2036=CARTESIAN_POINT('',(2.50000011874363,-7.05000033485703,-5.5));
#2037=CARTESIAN_POINT('',(2.35000011161901,-6.80000032298267,-5.5));
#2038=CARTESIAN_POINT('',(2.50000011874363,-7.05000033485703,-5.5));
#2039=CARTESIAN_POINT('',(2.50000011874363,-7.05000033485703,-3.5));
#2040=CARTESIAN_POINT('',(2.50000011874363,-7.05000033485703,-5.5));
#2041=CARTESIAN_POINT('',(2.35000011161901,-6.80000032298267,-3.5));
#2042=CARTESIAN_POINT('',(0.538970613835023,-3.78161782667602,-3.5));
#2043=CARTESIAN_POINT('',(2.35000012511647,-6.80000034547843,-5.5));
#2044=CARTESIAN_POINT('Origin',(2.50000011874363,-7.05000033485703,-5.5));
#2045=CARTESIAN_POINT('',(2.65000012586825,-6.80000032298267,-5.5));
#2046=CARTESIAN_POINT('',(2.50000011874363,-7.05000033485703,-5.5));
#2047=CARTESIAN_POINT('',(2.65000012586825,-6.80000032298267,-3.5));
#2048=CARTESIAN_POINT('',(2.65000012353365,-6.80000032687366,-5.5));
#2049=CARTESIAN_POINT('',(3.72426488277543,-5.00955906147069,-3.5));
#2050=CARTESIAN_POINT('Origin',(2.40139331561267,-6.800000345619,-5.5));
#2051=CARTESIAN_POINT('',(-2.35000011161901,-6.80000032298267,-3.5));
#2052=CARTESIAN_POINT('',(2.40139331561267,-6.800000345619,-3.5));
#2053=CARTESIAN_POINT('',(-2.35000011161901,-6.80000032298267,-5.5));
#2054=CARTESIAN_POINT('',(-2.35000011740305,-6.80000033262273,-5.5));
#2055=CARTESIAN_POINT('',(1.20069664850647,-6.80000034233479,-5.5));
#2056=CARTESIAN_POINT('Origin',(-2.50000011874363,7.05000033485703,-5.5));
#2057=CARTESIAN_POINT('',(-2.50000011874363,7.05000033485703,-5.5));
#2058=CARTESIAN_POINT('',(-2.65000012586825,6.80000032298267,-5.5));
#2059=CARTESIAN_POINT('',(-2.50000011874363,7.05000033485703,-5.5));
#2060=CARTESIAN_POINT('',(-2.65000012586825,6.80000032298267,-3.5));
#2061=CARTESIAN_POINT('',(-2.65000012574088,6.80000032319495,-5.5));
#2062=CARTESIAN_POINT('',(-2.50000011874363,7.05000033485703,-3.5));
#2063=CARTESIAN_POINT('',(-3.72426488277543,5.00955906147069,-3.5));
#2064=CARTESIAN_POINT('',(-2.50000011874363,7.05000033485703,-5.5));
#2065=CARTESIAN_POINT('Origin',(-2.35000011161901,6.80000032298267,-5.5));
#2066=CARTESIAN_POINT('',(-2.35000011161901,6.80000032298267,-5.5));
#2067=CARTESIAN_POINT('',(-2.50000011874363,7.05000033485703,-5.5));
#2068=CARTESIAN_POINT('',(-2.35000011161901,6.80000032298267,-3.5));
#2069=CARTESIAN_POINT('',(-0.538970613835023,3.78161782667602,-3.5));
#2070=CARTESIAN_POINT('',(-2.35000012276996,6.80000034156759,-5.5));
#2071=CARTESIAN_POINT('Origin',(-6.80000001485954,6.80000001485954,-5.5));
#2072=CARTESIAN_POINT('',(-6.80000001485954,6.80000001485954,-5.5));
#2073=CARTESIAN_POINT('',(-3.40000026004194,6.80000026747167,-5.5));
#2074=CARTESIAN_POINT('',(-6.80000001485954,6.80000001485954,-3.5));
#2075=CARTESIAN_POINT('',(-6.80000001485954,6.80000001485954,-5.5));
#2076=CARTESIAN_POINT('',(-6.80000001485954,6.80000001485954,-3.5));
#2077=CARTESIAN_POINT('Origin',(7.05000033485703,2.50000011874363,-5.5));
#2078=CARTESIAN_POINT('',(7.05000033485703,2.50000011874363,-5.5));
#2079=CARTESIAN_POINT('',(6.80000032298267,2.65000012586825,-5.5));
#2080=CARTESIAN_POINT('',(7.05000033485703,2.50000011874363,-5.5));
#2081=CARTESIAN_POINT('',(6.80000032298267,2.65000012586825,-3.5));
#2082=CARTESIAN_POINT('',(6.80000030352821,2.65000013754092,-5.5));
#2083=CARTESIAN_POINT('',(7.05000033485703,2.50000011874363,-3.5));
#2084=CARTESIAN_POINT('',(5.00955906147069,3.72426488277543,-3.5));
#2085=CARTESIAN_POINT('',(7.05000033485703,2.50000011874363,-5.5));
#2086=CARTESIAN_POINT('Origin',(6.80000032298267,2.35000011161901,-5.5));
#2087=CARTESIAN_POINT('',(6.80000032298267,2.35000011161901,-5.5));
#2088=CARTESIAN_POINT('',(7.05000033485703,2.50000011874363,-5.5));
#2089=CARTESIAN_POINT('',(6.80000032298267,2.35000011161901,-3.5));
#2090=CARTESIAN_POINT('',(3.78161782667602,0.538970613835029,-3.5));
#2091=CARTESIAN_POINT('',(6.80000036080702,2.35000013431362,-5.5));
#2092=CARTESIAN_POINT('Origin',(6.80000003504177,3.80911009242177,-5.5));
#2093=CARTESIAN_POINT('',(6.80000003504177,3.80911009242177,-5.5));
#2094=CARTESIAN_POINT('',(6.80000047619662,1.90455583375825,-5.5));
#2095=CARTESIAN_POINT('',(6.80000003504177,3.80911009242177,-3.5));
#2096=CARTESIAN_POINT('',(6.80000003504177,3.80911009242177,-5.5));
#2097=CARTESIAN_POINT('',(6.80000003504177,3.80911009242177,-3.5));
#2098=CARTESIAN_POINT('Origin',(-6.80000032298267,2.65000012586825,-5.5));
#2099=CARTESIAN_POINT('',(-7.05000033485703,2.50000011874363,-5.5));
#2100=CARTESIAN_POINT('',(-6.80000032298267,2.65000012586825,-5.5));
#2101=CARTESIAN_POINT('',(-7.05000033485703,2.50000011874363,-5.5));
#2102=CARTESIAN_POINT('',(-7.05000033485703,2.50000011874363,-3.5));
#2103=CARTESIAN_POINT('',(-7.05000033485703,2.50000011874363,-5.5));
#2104=CARTESIAN_POINT('',(-6.80000032298267,2.65000012586825,-3.5));
#2105=CARTESIAN_POINT('',(-4.88455905553351,3.79926488633774,-3.5));
#2106=CARTESIAN_POINT('',(-6.80000032859687,2.65000012249973,-5.5));
#2107=CARTESIAN_POINT('Origin',(-7.05000033485703,2.50000011874363,-5.5));
#2108=CARTESIAN_POINT('',(-6.80000032298267,2.35000011161901,-5.5));
#2109=CARTESIAN_POINT('',(-7.05000033485703,2.50000011874363,-5.5));
#2110=CARTESIAN_POINT('',(-6.80000032298267,2.35000011161901,-3.5));
#2111=CARTESIAN_POINT('',(-6.80000033258043,2.35000011737767,-5.5));
#2112=CARTESIAN_POINT('',(-3.9066178326132,0.613970617397338,-3.5));
#2113=CARTESIAN_POINT('Origin',(-6.80000033248216,2.59860691530617,-5.5));
#2114=CARTESIAN_POINT('',(-6.80000033248216,2.59860691530617,-3.5));
#2115=CARTESIAN_POINT('',(-6.80000043070865,1.29930371469092,-5.5));
#2116=CARTESIAN_POINT('Origin',(-2.50000011874363,-7.05000033485703,-5.5));
#2117=CARTESIAN_POINT('',(-2.50000011874363,-7.05000033485703,-5.5));
#2118=CARTESIAN_POINT('',(-2.50000011874363,-7.05000033485703,-5.5));
#2119=CARTESIAN_POINT('',(-2.50000011874363,-7.05000033485703,-3.5));
#2120=CARTESIAN_POINT('',(-0.613970617397332,-3.9066178326132,-3.5));
#2121=CARTESIAN_POINT('',(-2.50000011874363,-7.05000033485703,-5.5));
#2122=CARTESIAN_POINT('Origin',(-2.65000012586825,-6.80000032298267,-5.5));
#2123=CARTESIAN_POINT('',(-2.65000012586825,-6.80000032298267,-5.5));
#2124=CARTESIAN_POINT('',(-2.50000011874363,-7.05000033485703,-5.5));
#2125=CARTESIAN_POINT('',(-2.65000012586825,-6.80000032298267,-3.5));
#2126=CARTESIAN_POINT('',(-3.79926488633774,-4.88455905553351,-3.5));
#2127=CARTESIAN_POINT('',(-2.65000012249973,-6.80000032859687,-5.5));
#2128=CARTESIAN_POINT('Origin',(-2.59860691530617,-6.80000033248216,-5.5));
#2129=CARTESIAN_POINT('',(-6.80000001485954,-6.80000001485954,-3.5));
#2130=CARTESIAN_POINT('',(-2.59860691530617,-6.80000033248216,-3.5));
#2131=CARTESIAN_POINT('',(-6.80000001485954,-6.80000001485954,-5.5));
#2132=CARTESIAN_POINT('',(-6.80000001485954,-6.80000001485954,-5.5));
#2133=CARTESIAN_POINT('',(-1.29930371469092,-6.80000043070865,-5.5));
#2134=CARTESIAN_POINT('Origin',(2.65000012586825,6.80000032298267,-5.5));
#2135=CARTESIAN_POINT('',(2.50000011874363,7.05000033485703,-5.5));
#2136=CARTESIAN_POINT('',(2.65000012586825,6.80000032298267,-5.5));
#2137=CARTESIAN_POINT('',(2.50000011874363,7.05000033485703,-5.5));
#2138=CARTESIAN_POINT('',(2.50000011874363,7.05000033485703,-3.5));
#2139=CARTESIAN_POINT('',(2.50000011874363,7.05000033485703,-5.5));
#2140=CARTESIAN_POINT('',(2.65000012586825,6.80000032298267,-3.5));
#2141=CARTESIAN_POINT('',(3.79926488633774,4.88455905553351,-3.5));
#2142=CARTESIAN_POINT('',(2.65000012353365,6.80000032687366,-5.5));
#2143=CARTESIAN_POINT('Origin',(2.50000011874363,7.05000033485703,-5.5));
#2144=CARTESIAN_POINT('',(2.35000011161901,6.80000032298267,-5.5));
#2145=CARTESIAN_POINT('',(2.50000011874363,7.05000033485703,-5.5));
#2146=CARTESIAN_POINT('',(2.35000011161901,6.80000032298267,-3.5));
#2147=CARTESIAN_POINT('',(2.35000011737767,6.80000033258043,-5.5));
#2148=CARTESIAN_POINT('',(0.613970617397332,3.9066178326132,-3.5));
#2149=CARTESIAN_POINT('Origin',(2.59860691530617,6.80000033248216,-5.5));
#2150=CARTESIAN_POINT('',(5.34361435650099,6.80000003292184,-3.5));
#2151=CARTESIAN_POINT('',(2.59860691530617,6.80000033248216,-3.5));
#2152=CARTESIAN_POINT('',(5.34361435650099,6.80000003292184,-5.5));
#2153=CARTESIAN_POINT('',(5.34361435650099,6.80000003292184,-5.5));
#2154=CARTESIAN_POINT('',(1.29930382869221,6.800000474274,-5.5));
#2155=CARTESIAN_POINT('Origin',(6.80000032298267,-2.65000012586825,-5.5));
#2156=CARTESIAN_POINT('',(7.05000033485703,-2.50000011874363,-5.5));
#2157=CARTESIAN_POINT('',(6.80000032298267,-2.65000012586825,-5.5));
#2158=CARTESIAN_POINT('',(7.05000033485703,-2.50000011874363,-5.5));
#2159=CARTESIAN_POINT('',(7.05000033485703,-2.50000011874363,-3.5));
#2160=CARTESIAN_POINT('',(7.05000033485703,-2.50000011874363,-5.5));
#2161=CARTESIAN_POINT('',(6.80000032298267,-2.65000012586825,-3.5));
#2162=CARTESIAN_POINT('',(4.88455905553351,-3.79926488633775,-3.5));
#2163=CARTESIAN_POINT('',(6.80000031985401,-2.65000012774544,-5.5));
#2164=CARTESIAN_POINT('Origin',(7.05000033485703,-2.50000011874363,-5.5));
#2165=CARTESIAN_POINT('',(6.80000032298267,-2.35000011161901,-5.5));
#2166=CARTESIAN_POINT('',(7.05000033485703,-2.50000011874363,-5.5));
#2167=CARTESIAN_POINT('',(6.80000032298267,-2.35000011161901,-3.5));
#2168=CARTESIAN_POINT('',(6.80000033278853,-2.35000011750253,-5.5));
#2169=CARTESIAN_POINT('',(3.90661783261321,-0.613970617397324,-3.5));
#2170=CARTESIAN_POINT('Origin',(6.80000033248216,-2.59860691530617,-5.5));
#2171=CARTESIAN_POINT('',(6.80000003504178,-3.80911009242177,-3.5));
#2172=CARTESIAN_POINT('',(6.80000033248216,-2.59860691530617,-3.5));
#2173=CARTESIAN_POINT('',(6.80000003504178,-3.80911009242177,-5.5));
#2174=CARTESIAN_POINT('',(6.80000003504178,-3.80911009242177,-5.5));
#2175=CARTESIAN_POINT('',(6.80000065174202,-1.29930429308869,-5.5));
#2176=CARTESIAN_POINT('Origin',(0.,0.,-3.5));
#2177=CARTESIAN_POINT('',(7.49999983236194,8.10000023841853,-3.5));
#2178=CARTESIAN_POINT('',(7.49999983236194,8.10000023841853,-3.5));
#2179=CARTESIAN_POINT('Origin',(7.50000029802322,6.00000023841858,-3.5));
#2180=CARTESIAN_POINT('Origin',(7.50000029802322,-6.00000023841858,-3.5));
#2181=CARTESIAN_POINT('',(5.34361435650099,-6.80000003292184,-3.5));
#2182=CARTESIAN_POINT('',(5.34361435650099,-6.80000003292184,-3.5));
#2183=CARTESIAN_POINT('Origin',(7.50000029802322,-6.00000023841858,-3.5));
#2184=CARTESIAN_POINT('',(6.80000036111339,2.40139330786547,-3.5));
#2185=CARTESIAN_POINT('Origin',(7.50000029802322,6.00000023841858,-3.5));
#2186=CARTESIAN_POINT('',(-2.40139331758924,6.80000034166586,-3.5));
#2187=CARTESIAN_POINT('',(-6.80000032298267,-2.35000011161901,-3.5));
#2188=CARTESIAN_POINT('',(-6.80000034166586,-2.40139331758924,-3.5));
#2189=CARTESIAN_POINT('',(-7.05000033485703,-2.50000011874363,-3.5));
#2190=CARTESIAN_POINT('',(-3.78161782667603,-0.538970613835017,-3.5));
#2191=CARTESIAN_POINT('',(-6.80000032298267,-2.65000012586825,-3.5));
#2192=CARTESIAN_POINT('',(-5.00955906147069,-3.72426488277544,-3.5));
#2193=CARTESIAN_POINT('',(-6.80000001485954,-6.80000001485954,-3.5));
#2194=CARTESIAN_POINT('Origin',(6.80000036111339,2.40139330786547,-5.5));
#2195=CARTESIAN_POINT('',(6.80000035395558,1.20069663366404,-5.5));
#2196=CARTESIAN_POINT('Origin',(-7.05000033485703,-2.50000011874363,-5.5));
#2197=CARTESIAN_POINT('',(-7.05000033485703,-2.50000011874363,-5.5));
#2198=CARTESIAN_POINT('',(-6.80000032298267,-2.65000012586825,-5.5));
#2199=CARTESIAN_POINT('',(-7.05000033485703,-2.50000011874363,-5.5));
#2200=CARTESIAN_POINT('',(-6.80000032319495,-2.65000012574088,-5.5));
#2201=CARTESIAN_POINT('',(-7.05000033485703,-2.50000011874363,-5.5));
#2202=CARTESIAN_POINT('Origin',(-6.80000032298267,-2.35000011161901,-5.5));
#2203=CARTESIAN_POINT('',(-6.80000032298267,-2.35000011161901,-5.5));
#2204=CARTESIAN_POINT('',(-7.05000033485703,-2.50000011874363,-5.5));
#2205=CARTESIAN_POINT('',(-6.80000034156759,-2.35000012276996,-5.5));
#2206=CARTESIAN_POINT('Origin',(-6.80000001485954,-6.80000001485954,-5.5));
#2207=CARTESIAN_POINT('',(-6.80000026747167,-3.40000026004194,-5.5));
#2208=CARTESIAN_POINT('Origin',(7.50000029802322,6.00000023841858,-5.5));
#2209=CARTESIAN_POINT('Origin',(7.50000029802322,6.00000023841858,-5.5));
#2210=CARTESIAN_POINT('Origin',(-2.40139331758924,6.80000034166586,-5.5));
#2211=CARTESIAN_POINT('',(-1.20069665229327,6.80000033936993,-5.5));
#2212=CARTESIAN_POINT('Origin',(-6.80000034166586,-2.40139331758924,-5.5));
#2213=CARTESIAN_POINT('',(-6.80000033936993,-1.20069665229327,-5.5));
#2214=CARTESIAN_POINT('Origin',(5.34361435650099,-6.80000003292184,-5.5));
#2215=CARTESIAN_POINT('',(5.34361435650099,-6.80000003292184,-5.5));
#2216=CARTESIAN_POINT('',(2.67180754928962,-6.80000032449384,-5.5));
#2217=CARTESIAN_POINT('',(5.34361435650099,-6.80000003292184,-5.5));
#2218=CARTESIAN_POINT('Origin',(7.50000029802322,-6.00000023841858,-5.5));
#2219=CARTESIAN_POINT('Origin',(7.50000029802322,-6.00000023841858,-5.5));
#2220=CARTESIAN_POINT('Origin',(-2.04999995417893,5.55111512312578E-16,
-5.5));
#2221=CARTESIAN_POINT('',(-1.99978990151562,0.0289887874211878,-5.5));
#2222=CARTESIAN_POINT('',(-2.04999995417893,5.55111512312578E-16,-5.5));
#2223=CARTESIAN_POINT('',(-1.28124997136183,0.44383800951897,-5.5));
#2224=CARTESIAN_POINT('',(-1.99978990151562,0.0289887874211878,-8.));
#2225=CARTESIAN_POINT('',(-1.99978990151562,0.028988787421188,-3.5));
#2226=CARTESIAN_POINT('',(-2.04999995417893,5.55111512312578E-16,-8.));
#2227=CARTESIAN_POINT('',(-2.04999995417893,5.55111512312578E-16,-8.));
#2228=CARTESIAN_POINT('',(-2.04999995417893,5.55111512312578E-16,-5.5));
#2229=CARTESIAN_POINT('Origin',(-1.99978990151562,-0.0289887874211869,-5.5));
#2230=CARTESIAN_POINT('',(-1.99978990151562,-0.0289887874211869,-5.5));
#2231=CARTESIAN_POINT('',(-1.25614494503018,-0.458332403229565,-5.5));
#2232=CARTESIAN_POINT('',(-1.99978990151562,-0.0289887874211869,-8.));
#2233=CARTESIAN_POINT('',(-2.04999995417893,5.55111512312578E-16,-8.));
#2234=CARTESIAN_POINT('',(-1.99978990151562,-0.0289887874211871,-3.5));
#2235=CARTESIAN_POINT('Origin',(-2.02489492784727,4.16333634234434E-16,
-8.));
#2236=CARTESIAN_POINT('',(-2.,2.44929359829471E-16,-8.));
#2237=CARTESIAN_POINT('Origin',(0.,0.,-8.));
#2238=CARTESIAN_POINT('Origin',(0.,0.,-8.));
#2239=CARTESIAN_POINT('Origin',(0.,0.,-3.5));
#2240=CARTESIAN_POINT('',(-0.0289887874211875,1.99978990151562,-5.5));
#2241=CARTESIAN_POINT('Origin',(0.,0.,-5.5));
#2242=CARTESIAN_POINT('',(-0.0289887874211875,1.99978990151562,-8.));
#2243=CARTESIAN_POINT('',(-0.0289887874211875,1.99978990151562,-3.5));
#2244=CARTESIAN_POINT('Origin',(0.,0.,-8.));
#2245=CARTESIAN_POINT('Origin',(0.,0.,-3.5));
#2246=CARTESIAN_POINT('',(-0.0289887874211874,-1.99978990151562,-8.));
#2247=CARTESIAN_POINT('Origin',(0.,0.,-8.));
#2248=CARTESIAN_POINT('',(-0.0289887874211874,-1.99978990151562,-5.5));
#2249=CARTESIAN_POINT('',(-0.0289887874211874,-1.99978990151562,-3.5));
#2250=CARTESIAN_POINT('Origin',(0.,0.,-5.5));
#2251=CARTESIAN_POINT('Origin',(0.0289887874211873,-1.99978990151562,-5.5));
#2252=CARTESIAN_POINT('',(0.,-2.04999995417893,-5.5));
#2253=CARTESIAN_POINT('',(0.0289887874211873,-1.99978990151562,-5.5));
#2254=CARTESIAN_POINT('',(0.458332403229564,-1.25614494503017,-5.5));
#2255=CARTESIAN_POINT('',(0.,-2.04999995417893,-8.));
#2256=CARTESIAN_POINT('',(0.,-2.04999995417893,-5.5));
#2257=CARTESIAN_POINT('',(0.0289887874211873,-1.99978990151562,-8.));
#2258=CARTESIAN_POINT('',(0.,-2.04999995417893,-8.));
#2259=CARTESIAN_POINT('',(0.0289887874211872,-1.99978990151562,-3.5));
#2260=CARTESIAN_POINT('Origin',(0.,-2.04999995417893,-5.5));
#2261=CARTESIAN_POINT('',(-0.443838009518971,-1.28124997136183,-5.5));
#2262=CARTESIAN_POINT('',(0.,-2.04999995417893,-8.));
#2263=CARTESIAN_POINT('Origin',(-5.63785129692462E-17,-2.02489492784727,
-8.));
#2264=CARTESIAN_POINT('Origin',(0.,0.,-8.));
#2265=CARTESIAN_POINT('Origin',(0.,-1.11022302462516E-15,-5.5));
#2266=CARTESIAN_POINT('',(1.99978990151562,-0.0289887874211869,-5.5));
#2267=CARTESIAN_POINT('Origin',(0.,0.,-5.5));
#2268=CARTESIAN_POINT('',(2.04999995417893,4.55191429921993E-16,-5.5));
#2269=CARTESIAN_POINT('',(1.28124997136183,-0.443838009518971,-5.5));
#2270=CARTESIAN_POINT('',(1.99978990151562,0.0289887874211877,-5.5));
#2271=CARTESIAN_POINT('',(1.25614494503017,0.458332403229564,-5.5));
#2272=CARTESIAN_POINT('',(0.0289887874211872,1.99978990151562,-5.5));
#2273=CARTESIAN_POINT('Origin',(0.,0.,-5.5));
#2274=CARTESIAN_POINT('',(0.,2.04999995417893,-5.5));
#2275=CARTESIAN_POINT('',(0.44383800951897,1.28124997136183,-5.5));
#2276=CARTESIAN_POINT('',(-0.458332403229566,1.25614494503017,-5.5));
#2277=CARTESIAN_POINT('Origin',(0.,0.,-3.5));
#2278=CARTESIAN_POINT('',(1.99978990151562,-0.0289887874211869,-8.));
#2279=CARTESIAN_POINT('Origin',(0.,0.,-8.));
#2280=CARTESIAN_POINT('',(1.99978990151562,-0.0289887874211871,-3.5));
#2281=CARTESIAN_POINT('Origin',(0.,2.04999995417893,-5.5));
#2282=CARTESIAN_POINT('',(0.0289887874211872,1.99978990151562,-8.));
#2283=CARTESIAN_POINT('',(0.0289887874211872,1.99978990151562,-3.5));
#2284=CARTESIAN_POINT('',(0.,2.04999995417893,-8.));
#2285=CARTESIAN_POINT('',(0.,2.04999995417893,-8.));
#2286=CARTESIAN_POINT('',(0.,2.04999995417893,-5.5));
#2287=CARTESIAN_POINT('Origin',(-0.0289887874211875,1.99978990151562,-5.5));
#2288=CARTESIAN_POINT('',(0.,2.04999995417893,-8.));
#2289=CARTESIAN_POINT('Origin',(-1.60461921527855E-16,2.02489492784727,
-8.));
#2290=CARTESIAN_POINT('Origin',(0.,0.,-8.));
#2291=CARTESIAN_POINT('Origin',(0.,0.,-3.5));
#2292=CARTESIAN_POINT('',(1.99978990151562,0.0289887874211877,-8.));
#2293=CARTESIAN_POINT('',(1.99978990151562,0.0289887874211879,-3.5));
#2294=CARTESIAN_POINT('Origin',(0.,0.,-8.));
#2295=CARTESIAN_POINT('Origin',(1.99978990151562,0.0289887874211877,-5.5));
#2296=CARTESIAN_POINT('',(2.04999995417893,4.55191429921993E-16,-8.));
#2297=CARTESIAN_POINT('',(2.04999995417893,4.55191429921993E-16,-5.5));
#2298=CARTESIAN_POINT('',(2.04999995417893,4.55191429921993E-16,-8.));
#2299=CARTESIAN_POINT('Origin',(2.04999995417893,4.55191429921993E-16,-5.5));
#2300=CARTESIAN_POINT('',(2.04999995417893,4.55191429921993E-16,-8.));
#2301=CARTESIAN_POINT('Origin',(2.02489492784727,3.8597597340484E-16,-8.));
#2302=CARTESIAN_POINT('Origin',(0.,0.,-8.));
#2303=CARTESIAN_POINT('Origin',(-8.50000012665987,-8.50000012665987,-2.5));
#2304=CARTESIAN_POINT('Origin',(0.,0.,0.));
#2305=CARTESIAN_POINT('',(6.39999985694879,6.00000023841858,0.));
#2306=CARTESIAN_POINT('Origin',(7.50000029802322,6.00000023841858,0.));
#2307=CARTESIAN_POINT('',(6.40000078827136,-6.00000023841858,0.));
#2308=CARTESIAN_POINT('Origin',(7.50000029802322,-6.00000023841858,0.));
#2309=CARTESIAN_POINT('Origin',(0.,0.,-8.25));
#2310=CARTESIAN_POINT('',(-1.5,-1.83697019872103E-16,-8.5));
#2311=CARTESIAN_POINT('Origin',(0.,0.,-8.5));
#2312=CARTESIAN_POINT('',(-1.75,2.14313189850787E-16,-8.25));
#2313=CARTESIAN_POINT('Origin',(0.,0.,-8.5));
#2314=CARTESIAN_POINT('Origin',(10.,8.10000079277724,0.));
#2315=CARTESIAN_POINT('',(7.49999983236194,8.10000023841853,0.));
#2316=CARTESIAN_POINT('Origin',(7.50000029802322,6.00000023841858,0.));
#2317=CARTESIAN_POINT('Origin',(7.50000029802322,-6.00000023841858,0.));
#2318=CARTESIAN_POINT('Origin',(7.50000029802322,6.00000023841858,0.));
#2319=CARTESIAN_POINT('',(6.39999985694879,6.00000023841858,0.));
#2320=CARTESIAN_POINT('Origin',(7.50000029802322,-6.00000023841858,0.));
#2321=CARTESIAN_POINT('',(6.40000078827136,-6.00000023841858,0.));
#2322=UNCERTAINTY_MEASURE_WITH_UNIT(LENGTH_MEASURE(0.01),#2326,
'DISTANCE_ACCURACY_VALUE',
'Maximum model space distance between geometric entities at asserted c
onnectivities');
#2323=UNCERTAINTY_MEASURE_WITH_UNIT(LENGTH_MEASURE(0.01),#2326,
'DISTANCE_ACCURACY_VALUE',
'Maximum model space distance between geometric entities at asserted c
onnectivities');
#2324=(
GEOMETRIC_REPRESENTATION_CONTEXT(3)
GLOBAL_UNCERTAINTY_ASSIGNED_CONTEXT((#2322))
GLOBAL_UNIT_ASSIGNED_CONTEXT((#2326,#2328,#2329))
REPRESENTATION_CONTEXT('','3D')
);
#2325=(
GEOMETRIC_REPRESENTATION_CONTEXT(3)
GLOBAL_UNCERTAINTY_ASSIGNED_CONTEXT((#2323))
GLOBAL_UNIT_ASSIGNED_CONTEXT((#2326,#2328,#2329))
REPRESENTATION_CONTEXT('','3D')
);
#2326=(
LENGTH_UNIT()
NAMED_UNIT(*)
SI_UNIT(.MILLI.,.METRE.)
);
#2327=(
LENGTH_UNIT()
NAMED_UNIT(*)
SI_UNIT($,.METRE.)
);
#2328=(
NAMED_UNIT(*)
PLANE_ANGLE_UNIT()
SI_UNIT($,.RADIAN.)
);
#2329=(
NAMED_UNIT(*)
SI_UNIT($,.STERADIAN.)
SOLID_ANGLE_UNIT()
);
#2330=SHAPE_DEFINITION_REPRESENTATION(#2331,#2332);
#2331=PRODUCT_DEFINITION_SHAPE('',$,#2334);
#2332=SHAPE_REPRESENTATION('',(#1432),#2324);
#2333=PRODUCT_DEFINITION_CONTEXT('part definition',#2338,'design');
#2334=PRODUCT_DEFINITION('2025-10-27-17-05-46-484',
'cornix_trackball_case_holder',#2335,#2333);
#2335=PRODUCT_DEFINITION_FORMATION('',$,#2340);
#2336=PRODUCT_RELATED_PRODUCT_CATEGORY('cornix_trackball_case_holder',
'cornix_trackball_case_holder',(#2340));
#2337=APPLICATION_PROTOCOL_DEFINITION('international standard',
'automotive_design',2009,#2338);
#2338=APPLICATION_CONTEXT(
'Core Data for Automotive Mechanical Design Process');
#2339=PRODUCT_CONTEXT('part definition',#2338,'mechanical');
#2340=PRODUCT('2025-10-27-17-05-46-484','cornix_trackball_case_holder',
$,(#2339));
#2341=PRESENTATION_STYLE_ASSIGNMENT((#2342));
#2342=SURFACE_STYLE_USAGE(.BOTH.,#2343);
#2343=SURFACE_SIDE_STYLE('',(#2344));
#2344=SURFACE_STYLE_FILL_AREA(#2345);
#2345=FILL_AREA_STYLE('\X2\92FC\X0\ - \X2\30B530C630F3\X0\',(#2346));
#2346=FILL_AREA_STYLE_COLOUR('\X2\92FC\X0\ - \X2\30B530C630F3\X0\',#2347);
#2347=COLOUR_RGB('\X2\92FC\X0\ - \X2\30B530C630F3\X0\',0.627450980392157,
0.627450980392157,0.627450980392157);
ENDSEC;
END-ISO-10303-21;
